App,0,1,2,3,4,5,6,7,8,9,综合得分
dingding,0.43079774400375337,18.03565060344346,0.5338523758930496,1.3579021057333132,2.01413847720954,0.17244541273273284,1.7274953000184181,-0.6765620334870063,-0.17963745669015618,-0.006106824088760695,2.0974773753580958
zoom,1.693073434176351,-0.4016837979712909,0.34302148580257585,2.5000402946735165,0.478486940000958,1.3014487034416047,6.819809001952793,-1.6874024623053367,-0.42702468133488564,0.06355558028167288,1.1420032371643887
qichacha,0.9652902810756774,-0.16688569712662485,2.399439402738983,0.019165073038545852,0.5909446530633388,1.036169008081983,0.04092526752393704,0.7959152893186695,1.377437416684787,2.4801983373642202,1.0560551754641472
qichacha,0.8858385211643913,0.24628831082733485,2.462206946675026,-0.18011297333586326,-0.1065407055985525,1.0930646458620281,-0.14511375316775724,0.7347446042103908,1.386004455026261,2.3939417153386726,0.990063159017194
qichacha,0.8521794776781624,0.012882641011179218,2.5870185478426824,-0.6037543239736513,-0.07243105828193674,1.0985867219374212,-0.12058264167398423,0.7140834401339473,1.4011108634240588,2.4210485254626843,0.9454246810092907
tianyancha,1.2056187951354582,-0.14114368036116887,1.7138227631227543,-0.6131333088210612,0.5946702640915905,0.8776586435128246,0.07085256075544283,0.7127970657333821,1.372329234769864,2.1684837328580655,0.9445461302982006
qichacha,0.8917920558014641,-0.008306375760199604,2.5909942719331864,-0.7014102865010253,-0.06031047249240559,0.9487420773982851,-0.15363378169643302,0.7208430746492489,1.3947470027039468,2.3353792647229135,0.9241514786444024
qichacha,0.8562252789298122,-0.17810619419286783,2.4573968294858,-0.7466608735001381,-0.005621533497961179,1.1423887251247664,-0.02213934470937382,0.7389120226248725,1.4466622573342718,2.4272357007832666,0.9235065326298634
zhilian,1.7077722006618505,0.10202841687137101,1.0763825234133757,0.4385150860372638,0.6120720716977152,0.47371735723528463,-0.6428380766166055,0.9721567685601593,0.508431069290809,1.150634532350824,0.8790205476815306
qichacha,1.400626273561425,-0.06729279953950865,1.1896046697719518,-0.2963610614052569,-0.1457018332391251,-0.015432675585668753,-0.09183777091410045,0.8916064502798932,1.7594958827119846,1.997481553504374,0.8668483427806087
tianyancha,1.0868472731469165,-0.25504368697225616,1.8529992980464511,-0.7620697581486521,0.06989748717291974,1.2100515436585346,-0.2354719352695201,0.668633190422338,1.2919889513996428,2.166476383650343,0.8614631842408544
tianyancha,1.8310149602468804,0.654269313691783,-0.4484685003541216,1.6005044555316508,0.19796840378178243,1.3865308055892727,-0.9903635425397489,0.8291190902148566,0.7094266955377709,0.7094922774531285,0.8556936242068182
qichacha,0.8408691527914735,-0.13764437174688765,2.3730994301679784,-0.5107869496827798,-0.7000619332713524,1.0978597852254701,-0.2914611284879984,0.6157978261363134,1.449577023219202,2.4066884124564485,0.8546449538093189
zhilian,1.7060924654358753,0.2593120259684324,1.0092320405638449,-0.16495407063931353,0.7665790952219318,0.8331840809534998,-0.8875178472544758,0.583161461731658,0.8385234113685364,1.0878444267984568,0.8423570703233502
tianyancha,1.524483108553535,-0.08077595396092155,0.36372871963808406,-0.4498116584707254,0.9857230781274572,0.9682048311676297,-0.48198010221385257,0.19222682066353092,1.4411055583545318,1.7977838428119572,0.8280068320132895
zhitong,1.9511909480932899,-0.07528490157623817,2.7308608792810554,-0.1947268073964194,1.206297099471363,-0.9612332639060157,-1.338912947804968,0.41757884629438125,1.7441125911031514,-0.18516201534079413,0.8264600450495794
qichacha,1.192719597072301,-0.010249389357771987,1.8741134121145795,-0.6638371094955252,0.1489440788634062,1.2441435079312009,-0.6392053583352182,0.5198590410686492,1.5106560376500697,1.4866212055372123,0.8220848104601435
tianyancha,2.221167337871411,-0.00428813044414599,-0.018975012884930274,0.26601765635679137,1.7032851796623856,1.4492172314597385,-0.786638258473838,0.3190123070331454,-1.5048020453045712,0.5820645300968282,0.7674646617003993
tianyancha,0.8395063596951091,-0.12560856975363716,2.233393208764122,-0.8709577392488008,0.26030089939567413,1.7018183539802783,-0.5329444302591663,0.8013967749629571,1.7477900918688234,1.0673145880365595,0.7635616569129329
dingding,1.4330435388714498,-0.04650514167050733,0.8537000125199541,-0.9208565672733248,0.7861086119551669,-0.43090787736668645,2.0855025624993018,0.43481968567634227,0.32644847745403693,0.8652598819056679,0.7174291186866387
zoom,0.4582780261967775,-0.1237265979335379,0.9787225851467831,2.2250454825025616,1.4758253974932654,0.05265026216525981,1.3981271563700386,0.4387976817291682,2.2941165323562247,-0.7646352994301806,0.6849437110142356
zoom,1.1502578274356259,-0.23352023430977137,-0.6590763520957569,2.3478267413596794,0.3669125535751894,0.30885875231962545,2.4647276295792393,-0.3622960484533722,-0.23348697909028784,0.4349258850444371,0.651519213064376
dingding,0.7735603893413103,-0.2550493197807525,0.7033572422382068,-0.9749522223665223,3.2276704411657455,-0.4744462952554514,3.7604547258424366,0.1213117039310038,-0.9006102000197184,0.4877160383642911,0.6397689625752525
zhilian,1.4968305946285756,0.24125985630263844,0.31037043947075704,-0.7898262965407782,-0.15244621946370088,0.21832279053199932,-0.6744148408650626,0.4720697183014889,1.5365591738230686,1.320164712794082,0.636133581261645
zhitong,1.942190701687772,-0.05174411586399023,0.8056496761409849,-0.4251214617098248,-0.07821114755192776,-1.3348753585987632,-0.5805423407004938,-1.30710490544571,-0.9360454184195878,2.644261165508886,0.6192102729652113
qichacha,2.1310542897219804,0.2900570544953792,0.05988846256038838,-0.9701415443555171,0.9388939362686534,-0.9378133082855236,-1.3453860218051545,0.5082726737320692,2.1680246913769423,0.11922439331275045,0.6127140946490193
zhilian,1.684430340535099,-0.14089597002184723,-0.8558958465040327,-0.20952095913769622,0.36593644323055513,2.343315066556412,-0.37948673597371624,-0.1499248776587107,0.3078806316502684,0.9133578108496497,0.610016079699849
sunlogin,1.3588407759887986,0.48563843950879365,0.7783176133706478,1.4608884491341392,-0.3877576140956595,0.3798216176586864,-0.14845707525313448,-0.6797408427402886,-0.14769571999418754,0.2642622633816206,0.5829645252795143
zhilian,1.5673825792666056,0.28827185337081884,0.34746502579564326,-1.056669312777718,0.2806126844951107,0.20731429505216958,-0.5862917154565358,1.1263821955300768,-0.12214855545214781,1.1215985451676598,0.5829345233779666
sunlogin,1.5331884219951915,0.7319160223656579,0.9356460919719133,1.744677944536355,-0.9338940590959808,1.2935216934381513,-0.41983300125108863,-0.8651549908233109,-0.14129821945148657,-0.5891766534158346,0.5797177580068555
qichacha,2.636398487530493,0.25724930991833056,-2.3369112961888776,0.04642572350868962,0.3620353508881066,-1.6414132030065083,-1.2674727394003498,0.7537516280351804,2.395272856193938,0.5467371084716275,0.5788015408975975
sunlogin,1.3766003400556972,0.08708943257649185,-1.5604533199187134,0.7116602973579841,-0.2417191868562955,0.6919660721033873,-0.16754626821812293,1.612671044185292,-0.7370532010909078,1.9290768829689255,0.5774157592677217
zoom,0.3770322561147191,-0.002943021774908891,0.46195334688211614,2.2625111150986994,0.3584655308482042,0.5581063317866587,2.39179606857284,-1.0252321363510528,-0.33396279814614616,0.6636579245650529,0.5697413404847104
tianyancha,1.2630477291079591,-0.13387952050987864,-2.127511588271555,-0.9123254639046835,-0.5387959688096429,1.2599222798633463,-0.7292081100831703,0.8372418032811344,2.2435587762854374,2.8245304843346117,0.566525397270094
zhilian,1.6215582167350555,0.1006806518910985,-0.31198920974149846,-0.7541613458022287,0.9641573663183103,-0.6379748463983639,-0.5819497364211452,0.9248436355389695,0.956099020306517,0.9644207595830683,0.5656103959964894
zhilian,1.5986892845523724,0.1256433854453082,1.326957008806726,-0.35955159010859533,-0.07873244048717308,-1.2099810761953718,-0.8687032733697762,0.9103619598035256,-0.09216582306925201,0.8769644620431851,0.5584595919657968
sunlogin,1.344913865324829,0.3252607672287492,-0.008938514750482287,1.863247872019237,-1.1073492359627362,0.32508645693057076,0.138281433177083,-0.3504153177736606,2.367574111442559,-0.6013225438902688,0.5571897913090935
qichacha,1.3078466072103716,-0.2852490342218056,-0.46040093366264706,-0.5757649810943398,-0.19947719932216962,1.6280625475237807,-0.8516090560938911,0.7491678983794643,0.2059595832297833,1.8143977371827649,0.5465419859612171
sunlogin,1.263520685784315,0.1844920755178252,-0.008216095460018261,1.3649276388128724,-1.126923206402387,-0.28956932803741775,0.04247400497544396,0.19282752470651732,-0.39419534037762605,1.48302210289122,0.5450090895223075
sunlogin,2.1856380304448724,0.4881140741889175,0.9524556498900607,0.5193754232399969,-0.2680395314327466,-0.10593750191004728,-0.8746472064940405,-2.8098841120661113,-0.938725168035157,0.6369815807803086,0.5365511557038216
tianyancha,1.283712797423051,-0.631945433390911,-1.6587745052299927,-0.5326882116565792,-0.17981075485419373,2.539729270382767,0.4465701928904289,1.0608480188580234,-2.003423403916855,2.7088573679192125,0.5269788990844695
sunlogin,1.337766583448646,-0.35600850329134376,2.640529729594931,0.9374093385980471,-0.7880528563995337,-0.3377687873955393,0.9749173484925363,-0.6146933601719264,0.37457022784803584,-1.1197548708717375,0.5239908065031402
sunlogin,1.2620898737460728,0.4985273372001377,0.24001500857221855,0.4779391245138854,-1.0636825722398064,-1.0020838917490482,-0.3085000256243115,0.48222665000973,0.4203081935817211,1.3624634912688218,0.5106233963788159
sunlogin,1.7534847047086481,0.22754189049350906,-1.2852093409915901,1.1519398011075597,-1.6858490708021436,-1.1698116112637071,1.040660443744585,-2.3210566644329256,0.5279254247513195,2.2217124501314234,0.5012928450109585
zoom,0.03429947575685099,-0.2565506302963665,0.6728786563607426,1.6404702237829287,-0.3339592119235797,-0.7553111077029722,2.269302677500806,-0.21806860206563652,-0.6951351842733627,2.193898828017465,0.49632528641640894
zhitong,0.3804679716056299,-0.5799266605045984,0.9665844385359749,-0.3457197622519693,-1.6732607107497148,-0.7724326510344657,0.9782267053244691,0.031752734639574315,1.6972241696450798,2.874492853508909,0.49399933133990975
dingding,0.5649036699789507,-0.10999103143860699,0.780580454252554,-1.4461964526752749,2.088174054703022,-1.0651987763382191,2.4784500896556305,0.9966424518021689,-0.7221399716333571,0.9906048358456575,0.48358619347607923
sunlogin,1.4748506205726786,0.12339933592404397,-0.484459052757808,0.634007320765975,-0.32372296814373036,-0.16636896930562545,-0.31813271253239117,1.7636472345179164,-0.24603993235300622,0.27702117484261485,0.47554705837502736
sunlogin,0.7566706375053196,-0.10752157068064663,-0.3644519641251604,0.5097040148238489,0.0020472346389247813,0.1969075989796927,0.08554369130116965,1.5315323150904576,0.9445755074934098,0.8569097372236125,0.4754584827939173
wecom,0.47096895970247943,-0.5795473822092071,0.26008749011489796,-0.46537178507747695,0.7698815558285643,0.3036243107043881,5.336651227128179,-0.453612414305528,-1.0451547638076981,0.46609521307560686,0.4734301955863754
51job,0.8260251930154513,0.3070003591651553,3.7220063582353706,2.031275665988175,-1.501574346332045,-1.0399092530350724,0.3663012716596522,-0.1614243733437344,-0.9528042367987403,-0.9788328567560395,0.4722448907255458
sunlogin,0.9177719381561894,0.25662835309801685,0.7805774207203626,1.2110477406612645,-0.03618580960543124,0.13022606276882703,-0.7117591263724491,1.6588147188255253,-0.5084001805973767,-0.030823146995108276,0.47121117937395524
zoom,1.3190525064736203,-0.027881376168284757,0.36848745635645475,1.6098587772918918,-0.19090133941600282,1.6201696551412827,0.33879155471770395,2.2509855242540744,-0.35817274454753234,-2.283795098641776,0.47098256025850144
sunlogin,1.2322046109228195,0.2658150345287221,-0.2163145201058167,0.9056042537101573,0.25554795935551894,0.3584537889236121,-0.3929538347215555,1.6742190637586,-2.5017889394864263,0.8860723926497441,0.46897730197081267
sunlogin,1.4128512419573043,0.2978037505794423,0.3649469591755888,0.643813719682896,-0.4198170749584884,-0.2755097529699322,-0.541943064076837,-0.3320907216038755,0.22193040659568902,0.42399560979201856,0.45901832319858754
zhilian,1.558325223761939,-0.057698302659331506,-0.9676704735111012,-0.4616334425086152,0.8583697082693773,1.0859693981597611,-0.2581714401386665,-0.3458081509608381,2.7813894049750925,-0.7228481655477776,0.4533686500013486
sunlogin,1.2441763434508963,0.13972938882818808,-0.11859905925453872,0.8888167681767252,0.5628257197837992,0.9192287917598082,-0.5221994321440798,1.4656310654708067,-0.6389320854292123,-0.5211978818156217,0.45245699352265023
sunlogin,1.0249510693039623,0.35310930951176545,0.4127400355459569,1.6781282813300693,-0.8826695153394292,-0.27488266079802676,-0.07000795342333559,2.010316791501888,-0.17293008146947958,-0.5086461573367271,0.45169970059807973
zoom,2.8030588562094323,-0.23571883240737404,-0.783468326644546,0.059464858678704546,0.23816402434540201,-0.6504902861071521,-0.14465526110205365,-1.7382662931323967,-0.005196786529804584,-0.5329031385300729,0.4437481500241462
zoom,0.7308302862600718,-1.0105114334594183,3.2610626876508277,-0.36359428876893823,-0.05918724488680617,1.9452749962293454,1.9116453686679555,-0.43643734826717834,0.03655871793474881,-1.812342144811372,0.430841514300222
tianyancha,2.5890530380153316,-0.0005478907874746014,-0.9925003871868346,-0.8843114003425244,0.603096161560544,-2.4062521785657576,-0.9142159232783006,-2.842505198663926,1.7421717553547331,1.2101166371975702,0.4231207805966348
dingding,1.7029485234936923,0.2343575993569029,0.9115339443886805,-1.1704466098884947,0.8765911101077574,-1.5268011820359404,-0.1721374868531341,0.5721276297745714,-0.7445719723016053,0.12752483029094647,0.4214988163242734
tianyancha,2.2766567043420376,-0.2762913185358708,-1.8594995041449687,-0.3129175978981745,0.5490278065150858,-0.715652939839721,0.07719778269447479,1.0398092089346034,0.09440970570136648,-0.039001276948147694,0.4201592517129672
sunlogin,1.6688589588251173,0.37760428821119735,0.845662613142582,0.019551642023923965,-0.655566413399715,-0.21899966860598938,-1.0391050713471353,1.5257802340215563,-1.8609319685564456,0.08337814609867782,0.41908445842662084
sunlogin,1.1174945109361651,-0.001094541527555022,-1.3472494184986628,0.8941347856523335,-0.2573478835182324,0.9538392684454556,-0.10721208500727238,2.101646805837807,-0.17471817224179698,0.2767939101535327,0.4188696063604755
sunlogin,0.5461663792900902,-0.14411021181813052,-0.32925795147674314,0.3713207457457165,0.020452815899963072,1.2537446687077616,0.17471770487892713,2.19064125331306,-0.3652514394771434,0.637829012997489,0.4136360411541998
zhilian,1.4825893468448317,0.020554306206919355,0.2522996597482642,-0.7414950880487712,-0.4136682385718289,0.06487401611388006,-0.5270285510878054,0.31717257601422416,0.5776314335512991,0.4431984271600703,0.41264192139002626
zoom,0.02589102010803991,0.18645706526257347,-0.6907528733141027,2.1264366532519654,-0.45661490282608724,2.1427292445404666,0.10505188396648771,2.6505526377237394,-0.7670760404844135,0.40043840003273184,0.4073521627492577
sunlogin,0.5522425240478587,-1.1563332512373479,0.10887001215826325,0.9724055576599507,0.3586030081353747,1.2657350720940397,1.7479939824141364,2.7321972582935437,-0.539013864217982,-0.8071746548239828,0.39841686076514077
zoom,-0.7135414194606507,0.019705524224655338,1.6224431847976175,2.4819443315521164,-0.5908794431612714,-0.03579188056418174,2.004348880009551,-0.33287170132116956,-0.4426581105111585,1.1693191835584638,0.3859797236766826
sunlogin,1.3066294035902148,0.4007219148096863,1.8456747189434966,0.8535161111862689,-1.1208008704253232,-1.2114056039986814,-0.5146287881391323,-1.3074360396479616,-0.6316341629351984,0.3378391471771045,0.38084632813654834
sunlogin,1.1936754654334902,0.2690951230470927,-1.2151141935978005,1.2059675216576178,-1.31247963239764,0.4817853191680592,0.049264565362142576,-0.7498289254071873,-0.1653702147580528,1.365882314319767,0.3763898879590397
dingding,0.642313936788943,0.5710298006412383,0.10262657577561596,-1.8969804150497906,-0.4689706113554324,-0.33446424969083827,2.4154653610290855,1.1335878352823556,0.03376514441886519,0.9381676261486483,0.37375426279636975
sunlogin,0.10383654058100995,-0.19674060426091167,-0.7713777256639579,1.9273501096695946,-2.182622565658719,0.07990554501996636,2.120543529601117,2.8882265986571722,1.3390768443244965,0.15830119636366444,0.3733250219088475
dingding,1.0680798132687273,0.1442057394413152,0.16981178111143946,-1.210370203108938,-0.3622145559137425,-0.4269217267148542,1.0366720159082898,0.7198293433214915,0.6243760328790643,0.4432280155373072,0.37153400250273716
sunlogin,0.9959676866045547,-0.20365686977864322,0.9607615444019489,0.7419526325462723,-1.3597290521274366,0.30461118687209326,0.6028898000201874,1.0172577834936487,0.04469942581668837,-0.6941208689316348,0.35857546375406407
dingding,0.8353892147193523,0.35863639464185043,0.799484169375603,-1.4624650287214187,-0.40498165508142736,-0.1798464202617264,0.5478087927110955,1.2029993561075718,0.08409912534701074,0.5347730669092774,0.35807203107781793
sunlogin,1.0300459803731548,0.14742967680395214,1.3694268489036918,0.24803424532506962,-1.2801674541871504,-0.4759555829956005,-0.32866422901147335,1.3863927563843153,-0.9651895822524292,0.12183202590886918,0.34638122041317226
sunlogin,0.7105630659254606,0.0005473342361252744,-1.516784611702662,0.8911172850639436,-1.4631933859845334,0.6198828481045762,0.5451840951503932,2.0947690218574766,1.2266742598063258,0.4689974154433505,0.34635139171126517
dingding,-0.4926805458004869,6.856972814078545,-0.23857237355953714,-2.072986685959765,-0.19466205051620256,0.014523404184882183,-0.024520473773062757,0.9576929162872703,0.7554932790754295,-0.18815165637153833,0.3419235095288655
zhilian,0.9422084389069831,-0.2734050087652822,1.1565561413583783,-0.9394657557636091,0.7469988474293464,-1.7472849333366753,-0.4252539587105891,1.7553110927857185,1.0430817630725207,-0.0833494845988079,0.33682309016293693
sunlogin,0.7092195406761589,-0.24032282533862342,0.9410353208121142,-0.254823355696958,-1.098261950354577,0.05621316726060803,0.056871198760563485,1.4255265894997797,-2.1003785483672757,1.5921630338774075,0.3256825025261802
tianyancha,1.588902607053486,-0.5900190083276596,-2.098140584009498,-0.148126125460804,0.6166947842380699,-1.389102392078422,0.9271676550115912,-0.659232356199606,-1.771176414881012,2.6108848372883355,0.3242408612108204
newcow,0.9214046637434573,-0.6109083779496075,-0.3082136506196933,-0.03886376689155444,1.4233422460038325,-0.01727839749602003,-0.0959507481321429,-0.6376939221064823,1.5205839724463206,-0.08231555705774658,0.2967331029829949
sunlogin,1.0921042881394118,0.26018605624052377,1.4578824032095872,0.2777288649863549,-0.6893040317182711,0.6378510836925756,-0.2934084392738866,-2.6524581085869787,-0.7338311000919082,0.2274069832504212,0.2901063376628263
newcow,0.6907936785851977,-0.6559289344888771,0.594135209127722,-0.1392212916154418,0.5877765927840298,1.6495350450538073,0.6188011348033761,-0.7630149101136774,-0.10749109251177626,-0.24160836953950462,0.28959921977135383
zhilian,0.8447083704156533,0.35133710970071935,-0.024615671462395707,-0.8810634416459663,-0.5999519104820844,0.07749417101790287,-0.5362451331280905,0.5314355634600905,0.6256699115373612,0.8020520543146962,0.27810762398381145
51job,1.235985367569449,-0.6676609794401329,-0.6649345417231259,0.26227444912317277,-0.015879848926803723,1.0320369722645497,1.332432541723639,-0.4454548692965797,-0.5843140827811172,-0.36409460272589905,0.27528003278555796
sunlogin,1.1641985367865908,-0.08448827115900726,0.16804003350982957,-0.1923129332514948,0.2971695663892874,-1.2267780825373895,0.014095803403050895,-0.7248527406511219,-0.1656112821277121,0.6041538723741563,0.2660010915494474
sunlogin,0.658925277667457,0.059029380549333224,1.110582914559521,1.0742186490020436,-1.333666997350561,1.0807526733468618,0.27396985666679063,-0.19486336533011983,-0.505013799048083,-0.6795396326641611,0.26036950969196726
qichacha,1.2839876332400406,-0.06740860763620897,-0.20290886865031116,2.4538996664933923,-0.2946224689240912,-0.19723604527041627,0.9325111702166954,-0.16587647441472242,-1.3545709010491822,-1.5862960599436884,0.26029982149608655
Hero Scanner,-0.49293576558567587,-0.12306398142934592,-2.2452935663461244,2.828258214114505,1.254499545245617,0.42072103246458675,1.5244557649056871,0.25661590111648724,0.4435322170632739,1.081867002699256,0.2586519961139831
Hero Scanner,-0.21031204562489678,-0.4931561232693037,-0.8098364360363882,2.1508085276851405,0.7174221160656328,-0.38894890091584744,1.654182597327534,0.179320666088541,0.42854453284039346,0.6623149114707733,0.25610616791016516
zhilian,0.7535565335110892,0.10753413961786071,-0.9892955899292772,-0.6558105588619354,0.31312666553400914,0.7177650670134625,-0.610966196688224,-0.39684199784236507,1.2676777833317312,0.9426373725988558,0.2535128553813552
sunlogin,1.2280867963954176,0.5893363595629274,-0.3383215947525285,0.3019254795682194,-0.40739760337690656,0.7819387522002098,-1.6673901063403687,2.1861266318754904,-2.6555726374856543,0.06239321335942388,0.244207992366363
51job,0.20375565021601832,0.18237521982540014,0.7147070843092036,2.1032654398336788,-1.528072263578739,-0.43927138451100545,0.3489340033958943,1.175972870439401,-0.35729667403057463,-0.26678613756030867,0.22717363073488317
sunlogin,0.3508453890825345,-0.17892874185592214,1.405961203849769,0.09380624840288679,-1.0402365374705345,0.020740086635968016,-0.17868840898124205,1.63663718132465,-0.09311141883784417,-0.16692174962619782,0.2223292867146207
zhitong,0.48600387393600514,-0.42425334541618315,0.9314448009679946,-0.5095364466222283,0.6560431425232184,-1.1890240248894024,0.6015766964243814,-0.698543104409717,0.0430376286351377,0.8239140347348994,0.2191864956301045
sunlogin,-0.47042310075677324,-0.667167446892385,2.408292618469239,0.8051218487900418,-1.6873255944480365,1.5068659111837381,1.3111596343021776,2.0467923760702647,3.0522333111682856,-2.5882006270457745,0.2111327666388101
newcow,0.48624338119399796,-0.5663886472686323,0.04541220472005094,-0.06431431411396896,-0.4088491336360995,3.0676079929838136,0.3168468461581675,-1.0922356463355904,0.43636193333372125,-0.2545472740290148,0.2102915985814429
dingding,0.9022520792318959,-0.015508538431692422,-0.0644786485703683,-1.2154225989743082,0.2773180861064308,-0.6866370063014178,0.9345045102469745,0.4126168935009232,0.23827217332153292,-0.05084754870290205,0.20272853007000077
51job,0.6549120303158081,-0.17778656948436064,-0.7569731568274684,-0.3857557832205119,0.30178731305505424,-0.46167238240812947,-0.38497772528366053,1.1461249223853314,-2.1492264355432864,2.1181095148314464,0.20272560704742945
sunlogin,0.849211572493139,-0.16584394369322927,-0.2980799968659386,1.4529274143324293,-1.680011346662547,0.8428676982553874,1.0531688781968642,0.6689308796356382,-1.233898881223195,-0.6222009222008573,0.20091415507042107
qichacha,1.5529391905679097,0.5496243389303935,-1.8143093721158918,0.2325839254585351,-0.2332604883234451,-0.6317838126999502,-1.3950733934700967,-0.9222121483683023,-2.676786866448844,2.3383542132113493,0.19892138565571343
zoom,0.5668590788011163,-0.26914912542860325,1.9281749976935543,1.3017726507766716,0.3666234800220004,-0.04570197947847914,0.6283701058182689,0.2763350254379583,-1.4484085075629172,-1.8717785126097657,0.1975919249012772
51job,1.9426752328467052,0.37002745594138176,0.272692241706204,-0.13093286050593772,-0.0843252977255139,-2.1073755592357184,-1.3732594737068438,1.3357300070175222,-1.779245263762148,-0.7848428933143592,0.19393937295447702
zoom,0.5318675160593395,-0.4740512350139782,1.9911265386364083,0.36510054551733123,1.650159333236003,-0.9320089117492985,0.1838921468603139,-1.263090053660965,2.427427135634438,-2.4626275298374534,0.1807898334163403
sunlogin,0.746121400508247,0.10475660259213974,-0.3243790014932803,0.3846356569895943,-1.1833444303689473,1.1033358201154755,-0.4783885688914206,-0.4826781962203075,-0.07427767898858328,0.36437530855261124,0.1777016228644344
zoom,1.0118204711854035,0.18589774924570848,-2.090307929488616,2.089286620983696,-1.4444106599952704,-1.0024142861897125,0.3296666945233424,-0.2994349920828375,-0.08569731823037492,0.813515237876267,0.1770109501844577
zoom,1.186451616229709,0.03552227245065803,-0.41674727494801117,-0.48149643243590523,1.9051753412383683,-0.7653986904911153,-0.6194915165792327,-0.5037669240697079,-0.2244079966579957,-0.42423175051343276,0.17507566019873852
sunlogin,1.113964244569704,-0.04195825169269644,-0.7307239938877558,0.2725704327699463,-0.6777568936118449,1.5041608426898403,-0.17531327079744488,-2.055105682914599,0.5928870295043934,-0.27736053129787464,0.16327928783293397
Meituan Merchant,-0.1805653038806633,-0.2154848793659331,1.3433755107452177,0.7533661168808405,2.498195737372023,0.38715354180432643,-0.3559809420780066,0.4725836512260514,-1.9155791307998347,-0.4429756885456908,0.16038113511605906
zhilian,1.596267586419546,0.2710104340821521,-1.35597769911069,-0.7015646056154701,0.32723815542424617,-2.050733595705313,-0.9677275606806666,0.23303303796353678,-0.5683381976207711,0.9191448554258663,0.1574103158568728
51job,1.2549709293845155,0.22903051563943547,-0.6398845881556362,1.2009260460078413,-0.1687424722883474,0.0623957239545221,-0.6715978817136935,-0.6082772859301597,0.09557560928149944,-1.222137808575575,0.15315356174416556
zoom,1.1032951584591915,-0.2688738979243138,0.8569713722356613,0.2554731245466764,1.4411145896666653,-0.07511223912002886,-0.506266537244472,-0.7620790041890426,-1.3902077675572426,-1.273974899090678,0.1484942989281013
dingding,-0.44822517937539563,-0.27603603413850264,-0.12570187785423043,-1.2848503792946018,1.3405284164303193,0.7150208658024411,1.4153276760296087,1.5525774207059093,1.7054056568151585,-0.2328483866148588,0.1468877584009985
zoom,1.1658001166471805,-0.37227364963902415,-0.7741500855066512,0.6042035105689302,0.7350746796247013,-0.7483407708179819,0.727395977934565,-1.7489002667093534,-0.4824075583644163,-0.16771913758821957,0.14346125606554233
51job,-0.5761596424037082,0.01874062930901245,-1.5967067370185484,1.8305729631420302,-0.8730393897378257,0.5404970773437635,0.5490485108497537,2.237293830691468,0.7358769913881985,0.9185099046063057,0.1429561689805033
Hero Scanner,0.3033272943934137,0.11665678657712182,-2.349843211436231,2.0072222158158364,0.4760209166450615,0.6151114757071316,-0.11099243258674685,-0.6776470638963633,1.1156004613943407,0.14475319425031544,0.12859468618142617
newcow,0.3722060020360511,-0.09461491331271266,0.5355303583675861,-0.18497376769681226,-0.7152154645198242,1.297212978167338,-0.2441203682644242,-0.4019568938180514,2.867427919381838,-1.4918820093544063,0.12834808693806726
51job,0.25451510503430513,-0.38243040806371725,0.5734892523640414,-0.1825735246471931,0.5489978279394915,3.0213195336824894,0.348262911199325,-0.6701426101112685,-0.46823273011142813,-1.1899628160127993,0.12575237387248106
zoom,0.6772337121239563,-0.08838397644430883,-1.4159118716767083,0.16641994901151194,0.29754941468366963,-0.10763613234646893,-0.5644353363246777,-1.0532390682361863,-1.5163767541292277,2.203713131203718,0.12504074518842384
newcow,0.39638383265985,-0.6350723241512118,0.765500449693115,-0.352512253755556,0.8983877442189528,-1.5883806069378061,0.2988389362407443,-0.15275902665683808,0.3789991324481259,0.2267985275314298,0.12100917418668934
zhilian,0.9916255287015086,-0.7275412338443997,-0.5444616298162954,-0.554073310390917,0.008827110578082211,0.3430852521469387,0.7005894873548189,1.2321105447288834,-1.031695296054723,-0.45239214304017417,0.1197988592919542
newcow,0.9529904455810727,-0.4527370161226848,0.3922457939703378,-0.08199128017605138,-1.3582272645248632,0.2710582651008773,0.3510565137376984,-0.7896845385343866,0.13174526683686708,-0.3275598415459447,0.1193783719786552
zoom,1.4142218707804226,-0.6384117599816425,-0.6483485697870163,0.047191596887327825,-0.13758977735932595,0.45501775574227415,0.9120430875871933,-0.38602487606887437,1.0621015539309864,-2.1734224329747085,0.11753736925254402
Meituan Merchant,-0.974268049073512,0.03907362106028285,0.8550686743662869,1.8157878375295908,0.48530657453681747,-0.016022413410696972,-0.0018070887741855571,-0.02561601966290555,0.2617330056368945,0.5892644301500957,0.10728325188014147
newcow,0.028788727487220354,-0.16998199382467516,3.034797970505356,-0.03067716437237279,-0.3676290190273433,0.3067722461154144,-0.5729037574817575,-1.0989108180501526,-0.7669174864460193,-0.40314233790830156,0.10055428497577192
newcow,-0.5071092466877941,-0.8853275618790488,0.44431145308770914,-0.7314088457701189,1.7260223859772073,1.8252359067826185,-0.26148790652596776,-0.2815393672157269,0.7951119362724222,0.5514817939087868,0.09722715845698962
tianyancha,1.3247293146643966,0.2627094491606426,0.5358424514952922,-0.563750605556122,1.3176608124223792,-1.9022319656148465,-1.962823453776965,1.5402310151206695,-0.043909800377868374,-1.6470279411502915,0.09642146685804759
newcow,0.962520518655935,-0.1195910313114193,0.19277484348335663,0.2839093642061407,0.6953410545560192,-0.028415067160581547,-0.5069100098440561,-0.5853391752351331,-0.38296371138215696,-1.1735622999616644,0.09610631511229573
newcow,0.9579056946356682,-0.44668723137247207,0.659055119416233,0.6367666543512306,-0.41199985401496664,-1.198047597704331,0.4223255753049955,-0.32710488603916116,1.0961034759542154,-1.7471179764708547,0.09510603825030031
newcow,0.5982816721589909,-0.6059498966317473,-0.33971529536180417,-0.4911473175706278,0.6662865614490322,0.7767887290001286,-0.34914302428828836,-1.034021702683924,0.9240028242930425,-0.0510702852519799,0.09434496077180582
Meituan Merchant,0.2872871657462994,-0.3499348143539083,3.414870401245166,0.37971795185752133,2.284581193040824,-2.0045898977748693,-0.7475692538974946,-0.3158666261159824,-1.0763058507731673,-1.871730652834754,0.08814911712866572
Meituan Merchant,-1.4144440351849414,-0.28342473786787065,1.9320262566331738,1.2127818782830406,0.009628157566518617,0.07838606326634687,0.6885968603236526,0.6587628930808308,-0.05935981060772986,0.7659840043303137,0.08780808742300718
51job,0.5233497991760617,-0.25269323180112435,-1.47639657303755,-0.3152523642643835,-1.3365617344389864,-0.04020210599602565,0.2666653452213889,1.3533526943994847,0.4545936349620016,0.9455546376706478,0.08666140861741055
wecom,-0.23834017580762099,-0.3781504062600133,0.4189896957843531,-0.6866100436430421,0.5747266875611756,0.6538722703558206,2.700408581814582,-1.2723402364162448,-0.5889420988386821,0.2976367416006586,0.08481237208483348
Meituan Merchant,-0.537374777499688,-0.5107071690521973,0.9854610927068275,0.1578531223991303,1.9313320864832018,-0.1809349314376817,-0.45645749703659483,-0.021255423144761646,-0.09412305895362488,0.5757195396647564,0.08166465447128653
Meituan Merchant,-0.3236546061332657,0.06961218678547637,0.5289444191714343,1.3471364478153824,1.4481411832244468,0.45796843318264124,-0.7654735151938774,0.14316335813030653,-0.07934436709164705,-0.7646421783355928,0.07417095016266693
Hero Scanner,-0.28117396099072955,0.06493832407364393,0.5038064303968863,2.2134108444926324,-0.8186814522904077,-0.23599954375763188,0.34894651160844403,-0.5444128956281611,0.10901904846637911,-0.1925912838245694,0.0734987175617905
newcow,-0.5819189156580066,0.1440348022990209,0.1680352683729246,1.835433739470421,0.2919211429495543,0.012563340723020016,-0.4344795766576706,-0.30228223962532097,0.2320896066407764,0.43703784853696837,0.07159039940661069
wecom,0.04023489497975211,-0.1966050302870819,0.46195455558810783,-0.9447574109905558,-0.38560304064489703,0.5732921177193228,2.436118212851056,0.126705242375262,-1.4312560037085955,0.07841080173786469,0.06972807946147686
dingding,-0.3651368817635081,0.3461236317332244,-0.7662430620875913,-1.5019574975949934,0.5639894827642156,0.9830005465084893,2.002103348214584,1.2486761486548221,1.3304918948297326,-0.5062217253912168,0.06737915533651206
newcow,-0.009853691210083304,-0.41819437199003934,0.6060252273478401,-0.5715626429801127,0.19948758740224595,0.44632739618433437,-0.29758448708863794,-1.1061466247700855,0.2873439864809901,0.9186557235822006,0.06590118322908242
wecom,-0.20292778658706873,0.05684902388946015,1.0575587168961438,-0.9923323469077219,0.36381252982350853,0.07178500146615527,0.6947894098615673,1.2931826747512623,-1.2047267424811994,0.07654742332860709,0.06586785004865303
tianyancha,1.3187589575729393,-0.20138388062928375,-0.9488036094545306,-0.959771018989934,2.0211776792682,0.49402830952913057,-0.680878858130386,-0.3946486848352754,-0.4551768656206301,-1.298550445348008,0.0638575932827001
Meituan Merchant,-0.5821274487928932,-0.35403148326405304,0.9258620670403169,0.4449987695905019,1.2926031592158604,-0.1712539476495408,-0.40666479754813534,-0.060866737399383336,-0.0535760344728473,0.5695389964929828,0.06113666834974161
Meituan Merchant,-0.9783992468950249,-0.42122679755491943,0.3731316898140372,1.206065726434325,2.0896924542481763,0.6081112950518267,-0.24345716956713476,0.15670712738734954,0.2820598734132998,0.18711353752694798,0.06063154577456259
51job,1.409759044196002,-0.42584472215119584,-0.6598792274151397,-0.33674596739902934,-0.6887574028259754,-0.313681185904075,0.22567278503060778,-1.0041210036781403,0.7894173014615046,-0.9684198538030879,0.05948561107313541
tianyancha,0.9637673816633894,-0.3525561514623956,-1.1801093308669872,0.13471057002682563,0.9868698664025555,-0.07666171808432991,0.7468294146741824,0.964707303899657,-1.8070542712942472,-0.8848942291424332,0.05916172043466192
51job,0.7283032123241775,-0.27705444118214245,-0.7737102108854409,0.3458940185979077,0.10176941415550846,0.39613027914254745,0.5585344212534715,-1.7417071617485416,1.9679437198768386,-1.2539325001052395,0.05789955250155534
51job,1.7926937461482269,-0.16303288985328931,-0.2874331831665378,0.1492599827115524,-0.24130780033015478,-0.5194956603005769,-0.5593049073612257,-1.9889266745347949,-0.3229752112662362,-1.286333577741006,0.05749961277183192
zoom,0.6805555112521965,-0.31450061636617355,-1.3368527797463978,0.21043697418897944,0.20475206790278563,0.4037033279585975,0.854708293766597,-1.879448258390256,-0.5317671822307132,0.564070889831923,0.055729217478358795
zoom,1.2632258318396241,0.25561472116698414,1.2298557554350895,1.2131765756874886,-0.7020598098354194,-1.667859315110515,-0.4421881254574363,-0.5006009385248992,-1.7984988986518433,-1.626206875550598,0.05352436373300564
tianyancha,0.2266044031278406,-0.3096565556284981,-0.7145592116452292,-0.34622718301258826,-1.9133865595199653,-1.5549763028235408,0.7026105700209994,-0.6696413400211414,2.776570433800445,1.3733695681627334,0.0522264291557938
newcow,0.4058287805454101,0.03571747302404402,0.5616286975837625,0.3059106001128444,-0.8370471216434133,2.5536360439580763,-0.36495490669904324,-0.7198943029587063,-0.5223649943897204,-1.2589712118651242,0.05142951274944066
tianyancha,1.5983937436028723,-0.1391142524591912,-2.072725852102316,-0.9243542780450362,0.6134427349420646,2.447512519402606,-0.5332190949498548,-2.0060157524295437,-1.2090163591017298,-0.3255163873678383,0.0490803875835488
newcow,-0.6081058646325849,-0.3982818473390598,0.49226801820260285,-0.3827010816584423,-0.5039135133994768,2.466345189921896,-0.030706751760013907,-0.49266774012403486,2.9936027875420885,-0.524128290273644,0.048956147282267604
Meituan Merchant,-0.3405645675156899,-0.31892503046719395,0.48484943679958403,0.45129620281306215,3.9573152790932324,0.6962907739111456,-1.158598877423956,0.08452895848338873,0.2553728325687511,-1.4712472875467137,0.04645800660505385
qichacha,0.5269606725638106,0.4739742352415784,-1.4003827697396245,2.0717139130225624,-0.26227773365018986,0.9918171862200539,-0.6944956497332991,-0.36107059592096297,-1.379558959823537,-0.45451729962800863,0.042379604508037634
newcow,0.09274099007921238,-0.15085955647143373,-0.17746511631448295,0.2648556114672599,-0.1576681309574276,1.8359004438385798,-0.5946468733493852,-0.5833926467172371,0.6886504528041965,-0.4463180977385974,0.0397430183039989
zoom,0.5351173570869859,0.10116987293491812,-0.1596409729384011,0.35594130986491673,0.314893119989302,0.6348478144209495,-0.7070800520410953,-2.36331546006646,-0.14952405143922878,0.08047890521349128,0.03954787235047628
newcow,-0.8359231895958729,-0.5949248734068301,1.6873296114536813,0.35975971167732473,-1.2284188290369398,-1.1210316918414278,0.9507474302594325,0.046131668177915995,-0.3577287428565194,1.7729931093749167,0.03952917146257394
tianyancha,0.9817723811704191,0.16897102301341843,-1.2102370665977218,-1.128951468550183,1.7125102110575408,-1.2014912104644806,-1.815500614042671,1.740345615822708,-0.4330756966597017,-0.01940622798269956,0.03796560447831658
51job,1.2516290457687553,-0.592657672743377,0.3977670434061251,0.0069223504459210725,-0.21920064471719658,-0.8270998683127588,0.30410149869184305,0.29678644737119214,-0.7892663318171462,-1.646011985843437,0.0378113402080184
Hero Scanner,-0.49152394448392955,-0.06149021981817014,-0.8871692906088414,2.0402526297539207,0.7565816612155976,-1.7366985103604018,0.19627532285959437,-0.141133500175115,0.671713004488287,0.8963981915724072,0.037645641625578624
Meituan Merchant,-0.649378715716968,-0.692038282426769,1.01092935011132,0.29341011869464917,4.296962899921778,-0.8784994819484865,-1.0741114861099403,0.2153893315922624,0.20168581241681274,-0.38399054635071217,0.036544465736216315
tianyancha,1.4719425419005,-0.20400000284975095,-0.5765686247608287,-0.8787764295181518,0.43068810877205543,-0.26117087139935447,-0.33240758544225135,0.0858317787061029,-1.232581259763436,-0.961639525202904,0.0354020618326885
zhilian,0.36509133748373607,-0.6275310539209665,-0.9431973592450682,-0.7326472033395883,1.3565530900773617,0.8567402532069051,0.39832763976833374,-0.12838066071370943,0.20967230321040958,-0.26651926591899827,0.03217240517948216
zoom,-0.05138237538653658,-0.3526772904306521,-0.3317723198869415,1.3338144793217772,0.7053431098859622,1.072351586411089,0.09324451874076588,-1.5747248150513553,-1.1790778009838443,0.28399026054507875,0.024943522508702815
51job,-0.8644443964816192,0.8726420985358305,0.4781155308941059,1.8847218806608264,-1.1983073479293964,3.1713329290935435,-1.1594388373526001,-0.6886153862754768,-0.20887941538594754,-0.19987239931119669,0.02472039539791778
zhitong,-0.5610798639945832,-0.2901907251116342,0.9679141662828511,-0.19892064618215197,0.18715285104712412,-0.12094281638793879,0.6513612467989262,-0.36125184954015305,-0.18062387627591353,0.7831941868098136,0.024348886687802447
tianyancha,1.0622564624033088,0.1916579411121583,-0.13589729162483996,-0.45899596865485026,0.34309366030113525,-0.39938331296379603,-0.7998022882517616,-0.3445616037236384,-0.17918674264695789,-1.071026004637838,0.02352327179656264
Meituan Merchant,0.12553620237056828,0.27959453344364177,-0.552366013557838,1.1660976858489676,0.5367336915996678,0.48564191846476207,-1.0684358152428994,-0.8427537324001991,0.3692672985872817,-0.3613494875014103,0.021734429011726446
newcow,1.394522638181973,-0.08364973310307178,-0.38137840162440995,0.13320735258752403,0.07717272959932654,-1.4710446645269448,-1.060298767565356,-0.48691972104605324,0.42574085365360786,-1.1834987100980543,0.020447787440387537
newcow,0.40211232717961054,-0.19109134785929754,0.3580318153979628,-0.27950395332343203,-0.14498129284606293,0.44790414404104734,-0.7926664918742621,-0.4926416765932345,0.028077240347454995,-0.17519536439566968,0.02007475922587524
tianyancha,1.0137323415965316,0.17141768017271358,-0.7357390438498217,-0.2321891733166188,1.0977619598561121,-0.012852812321030114,-0.9506694603701694,-0.7081002551809824,-0.33500314496963335,-0.9162255301538476,0.01936901009648527
zhilian,0.617837003276953,-0.42133171321393476,-1.953868759554231,0.21878674264999529,-0.20944322936018844,0.21253527589435756,0.47455471093457324,-1.5392702663237108,-0.5864326263211379,1.410697132463903,0.019162241728864483
zhitong,-0.23030867644967695,-0.4815262733303279,0.582716871756806,-0.48195124144895546,0.375808736406353,-0.037097527312768816,0.10925559529114742,-0.11435454965213498,0.5399285750307867,0.3276940910058806,0.01657737364005701
51job,0.8161827215618627,-0.6708367503771203,-0.5772243587545588,-0.36765872571465813,-0.6975612434418359,-0.7561783485399196,0.5041986339855314,1.9564522504994282,-0.6115568272144379,-0.5238211952031419,0.015568806375218102
zoom,-0.12135460468463728,0.06107885190650371,-0.2860608826063191,0.9886605917544987,-0.6045034663759364,-1.762658552774939,-0.09875355020852271,-0.8445093847481032,0.15538749369846053,1.5736335918547633,0.01510795632017094
51job,0.5825478144874356,0.028652011867012484,0.023197360108987347,-0.3417021995550627,-0.7565806805424657,0.35508510140268457,-0.26071052522975563,0.37276195279216506,1.004571148061764,-1.273235706363202,0.014100682868774217
51job,1.1643773250941822,-0.6284146351394142,-0.9198849559465168,-0.42248202209478886,1.079272973724619,-0.9321593515983218,0.022262632629804192,2.1316914254207266,-0.6076667888968459,-1.6896923176710779,0.01409640555326367
Hero Scanner,-0.9714012304805377,0.027788080431161502,-1.360965717750819,2.2477692355664085,1.273370806940804,0.974087565854728,0.372983511504349,0.23986406316599862,0.543782299664675,-0.02922979157296466,0.013407250793624275
Hero Scanner,-0.9272485874702071,0.16604964744567824,-1.1111795850399397,1.8604430811835446,1.0441674238427447,0.11937830353188567,-0.4218109326805653,-0.24267869757761157,0.5861607053199364,1.069020460651439,0.013050351002145362
wecom,-0.1693658039911116,-0.08565153409536631,-0.3966342689618606,-0.8982514092437118,-0.05191250765577276,1.2706893117639775,0.5823440393412634,2.2903840649579137,-0.7924399757634389,-0.2200336331673023,0.009541501227335821
zhilian,0.24343946977033618,-0.5093529153570441,-0.6725608895893387,-0.8062967762741556,2.8556865814513146,0.535828062472991,-0.980184037668265,0.3455195014890151,-0.13535273828147415,-0.3936045742420263,0.007735058724896061
tianyancha,1.210119103034621,-0.7096653249827327,-2.0262923908213897,-0.7101507798796026,0.4085424720649562,-1.1508773365192178,0.5049718948857749,1.9981543749086843,-0.3079863840846622,-0.5314219819287548,0.006497152623711661
51job,0.21693727888886266,-0.4379254147985729,0.2989051273837085,-0.05655696540261454,0.9288791568367887,-1.4417515184676208,-0.371818806421441,2.5250984261952745,0.0629122398080247,-1.0903640498002443,0.006301325238021265
Meituan Merchant,-0.9259213136606742,-0.5907787160493357,1.177466609859107,0.5977113796844296,0.6720061799781307,-0.5568324610615616,0.9993047186174701,0.5385315937776147,0.1823870454672373,0.05388331784649724,0.00445605794066501
newcow,0.06902747537497315,-0.1438109255796216,0.6723020585488483,0.036350266057640766,-0.543298119721611,-0.45974742504752397,-0.34301153602796924,-0.1403117866376783,-0.18946098556606902,0.26222465537496825,-0.000357946289235725
Hero Scanner,-1.9552704510518972,-0.07666020031226829,2.927454433518693,1.679682779012958,1.2089823585592405,0.3250183874637923,-0.06863105961539917,0.19736360317919485,0.11743467989149352,-0.3487756452420812,-0.0027100256660853323
tianyancha,1.569476762761691,0.09823216047101781,-1.571292173327583,-0.47756669640579674,0.332029138872606,-0.9727592125299339,-0.6891734643556943,-2.027810418446692,-1.2352388610521488,0.46457249687834135,-0.011036231767004913
zoom,-0.2527875129095631,-0.17118964184070987,-1.127981785917618,0.9615065530940683,0.017803910944243197,0.571695261965715,0.346449909054271,-1.4456585167868803,1.2919093089013591,0.36827618064803025,-0.013751610349238275
51job,0.5929895907669642,-0.4350919414117032,0.023819604709497594,-0.05275905918350932,-0.003028550624052856,-1.6257707048246224,0.1936980368053947,1.01959114692864,0.5293573318683937,-1.067061261606916,-0.01507241062312062
wecom,-0.15792457556674572,-0.03541886674032322,-0.19203816353700487,-1.0809362224964503,0.6680675581434667,-0.06147746071067629,2.4876162852172516,-0.19995398093118383,0.22567007824045193,-0.6262834022407816,-0.016022481354523135
Meituan Merchant,-0.7076107641764074,-0.4383670321300214,0.9301496186734921,0.4812052796612519,2.1101348028478553,0.19875526312347166,-0.6371974181973428,-0.21347639694325213,0.3661610911651915,-0.42409494493737265,-0.01701252641294119
51job,0.6010829678859031,0.5461149697576676,0.5259123463544089,0.14345991114585213,-0.045591868008005326,0.20698025746772053,-1.6770149658763316,0.025432063010662427,-0.5989100868870101,-1.2378216505347768,-0.02119451223753687
newcow,-0.661926918451249,-0.35451965284171705,0.7605303697114113,-0.1459388797742555,1.5106587035244143,0.2332677157193851,-0.6766744300464715,-0.38788759121732563,0.07015346532412688,0.506439527239568,-0.023719883248416063
tianyancha,0.6836399832479084,0.01400176994413107,-1.8729810565293703,-0.7059044221407046,0.2957928809203112,3.56223953172401,-0.4877924588960566,-0.2458502083823671,-1.4764001947577599,-0.5313065056744358,-0.024639772679630426
51job,0.22828862211667858,0.16324707793306675,-0.18045665821086312,0.17363923739910314,1.1085839377912947,1.347558467185937,-1.1196577033527846,-1.784746863764758,-1.105235170325238,-0.06922226070549727,-0.02704962125582066
tianyancha,-0.4381182050261881,-0.8695873969920295,-0.7402810238249894,-0.7722207033559524,0.7574514195923076,-1.0916114543714426,1.6205315821312547,0.09852619050276375,-0.7719503468751597,2.0904398263439132,-0.02878266324024177
dingding,-0.7455767430700558,0.3784876210045947,-0.09506186921089227,-1.3612557086149462,1.1889527199493073,0.1454402781983973,2.8306831975301465,0.04210703410764642,-0.5248547317432932,0.028484679798913577,-0.028949881477849798
tianyancha,0.46025289323247465,-0.46854390141847885,-1.086227483792554,-0.5000806420290834,0.004540108761701844,-1.88691990849057,0.4253636026840781,-0.25464139558682974,2.406734195073992,-0.011229742589427374,-0.03253714155919106
newcow,-0.6092271809365177,-0.2928248632296094,-1.784737037002658,0.34662107569267614,-0.515376449257514,1.5735802836284425,-0.13762928220182236,-0.4948448890207099,-0.31829650333203424,2.4427225579762504,-0.03397841698085569
tianyancha,0.9560022753840921,-0.07107771437771489,-0.6681882316663786,-0.44729683611102344,0.024296762490526,0.014226287835492174,0.5257291556754444,-1.3972696587719102,0.3283935806313616,-1.2565944390150434,-0.03771554995732822
Meituan Merchant,-1.3884783856374092,-0.6349914640187027,0.3639663113082718,0.17042017423962838,3.739359889807447,0.6484604151209526,-1.1479782283243014,0.25197749342374304,0.2642906131148033,0.6745489340233672,-0.0382370336717732
wecom,-0.3467399512955061,-0.07723249758886158,-0.4293611399806959,-0.8172520335058542,0.811181204884867,-0.23489519160259734,3.011768930510425,-1.6140763081426817,-0.37479672940286396,0.35849314697568807,-0.03856761374768234
Meituan Merchant,-1.0098114861191727,-0.2951656319850639,1.0154537535006352,0.47131189676644886,0.7654216473142768,-1.7098631841857075,-0.40467061007694877,0.1501663657446684,0.34910291339036603,1.3571660530920016,-0.038993694441214394
zoom,0.020242983135508864,-0.4294278052414986,-0.4955209813625134,0.42145548287581996,0.16414410829959875,0.7134812631770011,0.160847705359874,-0.24176329828694607,0.7574418872184786,-0.7809258230815793,-0.04153068407515207
zoom,-0.22935341619229027,-0.029970370975750265,-0.6648544147725055,0.880770884106552,-0.7334279258138918,-0.1876183336977661,0.45929712361759695,0.30703428379926956,-0.018886028928242784,0.25163547090710886,-0.04237594150652039
zoom,-0.39866099015425643,-0.22309484387186693,0.5018406249659955,1.1715580623305861,-0.6037843541895573,3.293357351409092,0.9933765932847711,-1.957522774949401,0.37243930562655214,-1.8061069963400567,-0.043080660457809665
wecom,-0.5976956827586213,0.9280349113468103,-0.568162271744831,-2.067930398238578,1.2730085903924528,0.34398925215450993,1.9927764303637125,0.19762366438369322,0.6119936092267895,-0.293273011906294,-0.0473959951158102
Meituan Merchant,-1.1015264952013808,-0.08435096320151415,0.26326098828767086,0.3474192993832017,1.271867174210308,0.9882826128147703,-1.2226148970103274,-0.05272301268698937,-0.3903685165232723,1.2623758857876766,-0.04818909027677272
newcow,-0.928021534819177,-0.2555132208233235,1.3182067573613734,0.08606602459302404,-0.6501717039377971,1.2426761895787655,-0.20672845249023256,-0.36786059655430364,-0.004234236590541032,0.5940130259915757,-0.04864765170050755
zoom,0.048837604679108394,-0.09618518889370141,-0.5552231937896952,0.38915151393863145,0.4286111238041475,-0.9559985138869744,0.6052109623476605,-1.6943226418083646,0.045576966013387975,0.5022965801763564,-0.04879096317882348
zoom,0.48626017747472816,-0.17083128996504263,-0.8636512710562899,0.9360199470437762,-0.1843226729531798,-1.5892909776757655,0.7369831656927976,0.42329425170192736,1.0647857379303574,-1.4345067675834653,-0.0491431340313719
zoom,0.0015840767782506404,-0.11375842994419057,-0.3784392491159651,-0.7205251088818893,0.6316382694659566,0.5833922456365435,-0.2650324270201628,-0.4230216825982969,0.5155781947333393,-0.09243929302410478,-0.049801343939758116
zhitong,-0.6303625011528101,-0.2856635386927494,0.9309420993095927,-0.3094401518729562,0.09273894148905289,-0.12006852030619798,0.12963728080055767,-0.2741343054187967,-0.11229018281672769,0.7056636664931397,-0.05002641881646317
qichacha,0.8718856969617501,-0.376769821246579,-0.8831269794552141,-0.03234154940178837,0.15109128954601447,2.7026990039727328,-0.10913575996196317,-2.10064196480526,-0.5749157347816145,-1.4188420717062904,-0.05101605335447928
51job,1.07766624985116,-0.01304022031418606,0.853593694362988,-0.443048455967512,0.16162628310108404,-1.5048200861284369,-1.291551215505565,0.5684647629971535,-0.7670215205213543,-1.5766626088600157,-0.052028479174325556
Meituan Merchant,0.12440940487799827,-0.027887592123736878,1.2978595963868522,0.8033433298730801,0.07659934268856812,-0.5056692127145459,-0.5502342796837806,-0.6226057873594157,-1.7760855083656,-0.5745650649577689,-0.05468451412476842
qichacha,1.1660986310935106,-0.1347429673393172,-1.1140748459985441,0.23403813553750344,-1.083916069555305,-0.08792367911866235,0.34521555587404773,0.02949237000019915,0.059722010088244064,-1.696022043312025,-0.05954123056605538
51job,2.1630747500578544,-0.5093930986107257,-1.0193686132861155,-0.14186194748393427,-0.5968338676053532,-0.9058973824464029,0.35429176504877696,-2.1713740684695644,-0.40474825414892324,-1.9426143599518013,-0.06000752437404313
51job,0.2515052916712513,-0.021578394543756572,-0.01705232787960041,0.18114019745547866,-1.7214052752729223,0.002746142222997966,0.04809141377713321,2.440840560427972,-0.3516911341386969,-1.1852395570443772,-0.06088695652608606
Hero Scanner,-0.8893494206645366,-0.703417393628774,-0.5830991404112146,1.1329512922528913,0.7509239013662936,0.6988771875806105,1.4750384805263992,0.5389626248236192,-0.46237204574452206,-0.028207521885282222,-0.06543727557304987
wecom,-0.619996810410674,0.00252142021416445,0.05792445897113133,-0.8817824110503114,0.5980840648846545,-0.36596207368689415,3.537733711235115,-1.0998137636911318,-0.6183873398712035,0.058145562878294366,-0.06767870875274205
newcow,0.1025945101932081,0.3641239620887618,0.6223961247669173,0.3259581978112246,-0.31023492163639693,-2.1137766733206305,-1.2980283984146948,-0.1431063255029112,2.329078085233286,-0.8771599733027079,-0.06813005148689487
qichacha,0.20665282991621242,-0.060753559342696405,-2.154111301590346,1.389603974082844,-0.3968332296721393,-1.394761506955233,0.07543994734800061,2.910920496085243,0.8838189923022195,-0.9968897284764014,-0.06926427519101674
zoom,0.4199900141977295,0.04698854977804982,-0.2588463655199863,0.2163030139162775,0.7660176792921342,-0.4604586780786373,-0.39159274362646745,-1.7585795689035213,0.6867071179727797,-0.9026410841203344,-0.07072589486745148
dingding,-0.7387595385535347,3.3652081273332084,-0.22281598933518768,-2.509814981324912,-0.4189235112033048,0.07467243518151809,0.1369168717307421,1.1418079448321383,0.8566479321788059,-0.3641715386245187,-0.07196225638785134
Meituan Merchant,-1.2760490306968748,-0.24462228310872491,1.253598297391752,0.15697006930784035,1.3619708509572266,-0.3734519431028858,-0.5406295264851706,0.3894259324289318,-0.012321540222975927,0.7228585279491265,-0.07409052555863717
tianyancha,1.4711723810315311,0.4104098305566859,-0.720766394416249,-0.7530580824698442,-0.4846654588538684,-0.29077146156337824,-1.1089167097165717,-0.3550971968065961,-0.47047944239178163,-1.4883099041312378,-0.07704907690262307
Meituan Merchant,-0.8134792375303909,-0.24562058405415332,0.7923035891809873,0.6040434651995366,1.0056487278804644,0.5530898878042856,-0.7028685562327782,0.0698955247255475,0.12756173815072314,-0.34365376632660827,-0.07792459021825368
zoom,0.61075143730499,-0.3861475232397047,-0.9603507733514178,-0.1306630825138479,-0.06611470032429051,-0.5546717654654663,0.27324563117159706,-0.7059075598523643,-0.3236000744070617,-0.09932113848149163,-0.08101166116899311
Hero Scanner,-1.147122915070016,-0.023403744275947533,-0.540529422066946,2.234837748417529,0.4496415436625473,0.2460748102458916,0.4410475518501069,0.6674643347270223,0.5177741529484577,-0.47852918709239267,-0.08534172853107504
Hero Scanner,-1.4414766292283736,-0.09206474418502529,-0.06722079566456002,2.007790005924128,1.0472738220111486,-1.2278840153025667,0.43940793418304763,0.6727651563256805,3.4584019010649847,-1.1207860182512952,-0.08662515557297462
zoom,-0.385677376438403,0.2951932431105408,1.8371018681638245,1.918268611813302,-1.5789509797895298,-0.20449293778884292,0.0579153950546873,-0.3389582024369717,-0.31918287056054717,-1.6889934256751344,-0.09036433334719646
newcow,-0.42971018401519817,-0.308015707216456,0.5061974244652675,-0.08629578138571153,-1.3503820607121286,-0.2501297974708405,-0.022425855355056153,-0.25095309581472747,0.08164617128533512,1.0136066588770163,-0.09083641247675303
51job,0.21219236557551513,-0.4891190988664221,-0.37910080426712556,0.01561943999543449,-1.0164709298434682,-0.8087421087330837,0.8978756525463925,2.525705911039884,-1.152412369380589,-0.6489504805690889,-0.09114906114237382
zhilian,0.15572655117512957,-0.008741269982915464,0.07232756639425676,-0.8694496440329346,0.23964348876158756,-0.2679861695695901,-1.1360649290025477,0.12106198447624712,-1.1168521984817956,0.6197908793950248,-0.09370190703582035
Hero Scanner,-0.9285088573462132,-0.020106904931272526,-0.40780435676338234,1.9656864050304093,1.398421973156471,-1.1815357056137772,0.4363157522739748,0.6514367237558647,0.7294959663716014,-0.8502335916634797,-0.09939152453939433
tianyancha,0.8601191773485853,-0.3032697775435362,-1.364140030512441,-0.1484514008977653,-0.3544966589948967,0.3150762693313956,0.6408315295956983,0.24859727429308542,-1.3388665760753589,-0.9434479930900272,-0.10073656904525219
Meituan Merchant,-0.6202117006327262,-0.19399960920298095,0.26520527502168095,0.4198357869279127,0.28730794633951623,0.05001918863805092,-0.741682544019176,-0.36180991229096154,0.15426555902152245,0.47480614793513903,-0.10090877875548804
Meituan Merchant,-1.5357487656598066,-0.1894470360224644,0.6049481062181651,0.7708620372838618,0.8939608757744902,-0.026895534001726795,-0.6116245702018909,-0.0695450707198231,0.4722669313495052,1.215092515221886,-0.10414772208624612
tianyancha,0.7276836627779723,-0.2159721192783306,-1.5702171189546672,-0.6560023079108338,-0.9999713530471077,0.15375976618540313,0.44776658237253336,-0.24237216865878342,1.1324781025514843,-0.7572534596107814,-0.10826431541642595
tianyancha,1.0853662249436562,0.19059091000396788,-1.142517564554918,-0.4640237179281988,-0.4295028313396374,-0.7857424067823415,-0.8066689747482889,-0.14189366466506137,0.19059386868043549,-0.9740292913678636,-0.10861217231660683
zhitong,-0.9204383091330971,-0.26976070027325666,0.9564673761723906,-0.13980726449499434,-0.6666606557470354,0.32015566551899904,-0.007299581683466545,-0.21795831301241148,-0.06491756310662813,0.9101125390080974,-0.10974638251337343
Hero Scanner,-1.1987438613366386,-0.13616997652980345,-0.2841560115087098,1.4989952681555148,0.921682873644545,-2.224555129822609,0.4124931661976069,-0.39572622595432877,0.7725563671494093,1.2392486117776487,-0.11226139259300245
Meituan Merchant,-0.9785906521806723,-0.16850172247589468,0.35877930214227327,0.7353142853759898,2.0155936755457464,0.32479217713931346,-0.8342725159751841,0.0439435907278621,-0.03644154454257317,-0.3077991333556609,-0.11261225219714377
Hero Scanner,-1.1741479212661075,0.37462376889379395,-0.2992287826484713,2.1626043682052125,0.1107018301044441,2.560234962941035,0.057924109472975195,0.7365745566956142,-0.2712120162793942,-1.5602650723548461,-0.11463537768785645
51job,0.5081550297534526,-0.36277214922706275,0.7833048232916158,-0.9867020977769487,-1.8855402225277946,-0.07209755302199664,0.793094457020857,0.502312629567543,-0.8027402656987604,-0.9924309554510766,-0.12113549081680325
zhitong,-0.030689349256704218,0.38840984076138535,0.32947453110852154,-0.6398489211081254,-0.629004344504702,-0.317139893858126,-2.1090590145953803,-1.455683804829248,-0.4661464057523741,1.6153519211092828,-0.12120577605053429
qichacha,-1.1479362721598954,0.1012803813903166,-0.283592266529708,-0.6588511920465767,0.2776396119500759,3.110130837293297,-1.6417498620779583,1.3855261987274932,3.091644413794614,-1.0630501627475155,-0.12131269134703196
zhitong,-0.6985999893875763,-0.2934972088094244,0.8962317690367314,-0.4082606849180119,0.0031749600413246105,-0.11869870598428606,-0.40395432102235285,-0.19146023440091436,-0.046853886314730135,0.6260661636832852,-0.12516041333041922
wecom,-0.5170452616701026,0.4692050548261474,-0.4494525947980205,-1.7419527966060842,0.7980361587329001,0.08831938184711634,1.7156813615137008,-0.04833228559534989,0.45751695915272894,-0.33712703926097654,-0.12558640521576847
newcow,-0.008657063547598003,0.024742044942430284,2.2414467046545354,0.15703319758566364,-2.2441649974175597,-0.895942183667588,0.41280812413670104,0.120341192136495,-0.6579365022151428,-1.2516680473623725,-0.12673940096178624
zhitong,-0.7244120960912538,-0.16594481522595467,0.8484242030887722,-0.017558709143320646,-0.600505201475265,-0.10881174456365131,-0.2726678551153775,-0.26133620948270386,-0.027242673258578147,0.6284622303133657,-0.12716476452860015
qichacha,1.1271802189484743,-0.701206881883063,-0.1368894410574023,-1.0275906744762708,-1.1411574140829883,-0.03276652475307613,1.0050658833997106,-1.3746903946499187,-0.7353182532630608,-1.0188810443193972,-0.12804866052438044
51job,0.15048174235844972,-0.2941480507284193,0.7646565850464461,-0.624880726624468,-0.6592794525386773,0.12496295054636355,-0.1407529339344548,-1.869574164684696,-1.5588523314531741,0.695359962065405,-0.1300980131251642
wecom,-0.5953829375182915,-0.21342057526196453,-0.15935994763200684,-0.7867097007909198,-0.025302664702965175,0.03951660756735467,2.925235265681156,-0.5848257814305994,-0.6164085809797967,-0.002715909908047056,-0.1305186835635553
zoom,-0.12853244152865206,-0.45686372379291945,0.03338993770898315,-0.27134005311446474,0.9947789464515051,0.03681854286820411,0.40153244210145345,-0.5374147466856101,-0.36398689805982104,-0.6602904838003316,-0.13265817268762548
Hero Scanner,-1.486338229994701,-0.043923901805895046,-0.8470482956298784,2.0962797962188975,-0.08535427327255174,0.37084564471399795,0.28534428438058634,0.25722232039362614,0.8508686354752656,0.5734970457688657,-0.13338524185340367
Meituan Merchant,-0.8793627834545271,-0.4149237400114739,-0.804911309113924,1.0753849889159786,1.2587772814684839,-1.245198305541651,-0.051101540486024874,0.4981875765997085,0.9802652846322469,0.3211290159259834,-0.1334429467664664
51job,-0.12760629478021557,-0.4433623948018221,0.21852231172641481,-0.7085112432423181,-0.7012764762296196,-2.278492850884878,0.7214701889461964,0.15692117842444706,-0.6832786100319381,1.2640478553915715,-0.1378715128421211
newcow,-0.7426706158638707,-0.14909300728933048,0.832341837775548,0.037189928527103754,-0.6269481119314213,-0.11058404522479197,-0.4162775526806712,-0.23314863934732694,-0.003074073290604167,0.602070829714266,-0.13967493752157223
zhitong,-0.6819704431791969,-0.20718886119397834,0.4235895647382118,0.10331327196159376,0.034254355175853735,0.07823733594532094,0.21900741702851165,-0.4206128975141044,-0.0856065390504457,0.11400692994838471,-0.1406990740804063
zoom,-0.06905462624132708,0.46218235017218445,-0.1381944743741137,-1.1339092703686289,-0.22954794213048568,0.25193404651835444,-1.5347969495533624,-1.2868701049606348,0.08714521561405736,0.9804835172312261,-0.1433949304832104
51job,1.0645857088907877,0.1366406573593607,-0.13310455300419885,-0.7888620733485261,-1.680339010136397,-1.5172224866413264,-0.060245692172294654,-1.3976587020325153,3.3392150642275253,-2.1912849737901943,-0.14537651384425354
51job,-0.5480083563344219,-0.38728614979713644,-0.5154376631029746,-0.2517376326202397,-0.912414322687527,2.0280006212296433,0.19176070940288958,2.343629929482564,0.1496288439632663,-1.0100914065550317,-0.1464665427329732
dingding,-0.6647112548871654,0.5583065829897292,0.15320096407681372,-1.3770855138441904,0.9745297111862807,-0.09504594450662741,0.23188523249753096,0.5741108248333134,0.11879067517721173,-0.3000858275766941,-0.1470251224222043
newcow,-1.0195035452486454,-0.04912201554429117,0.8156950949991065,-0.12509660445836876,-0.28467775420936864,0.012695666984884942,-0.8567599252997253,-0.2979728637912931,0.10321910257262497,1.1013703909946897,-0.15426997240853021
Meituan Merchant,-1.116782724477633,0.3115974810490256,0.4168506543335409,1.789669169820684,-0.4015777227379315,-1.0497718296256033,-0.6603845829914268,-0.39504594172013935,-0.020226837658336327,0.7209246045534274,-0.1554279450322605
dingding,-0.8171840505807193,1.8845307800156579,-0.13217004502273025,-2.1314470492803825,-0.1928733649006723,0.06999798367732812,0.03876553554866582,1.0819939800230616,0.5898832208524887,-0.05231518297934084,-0.15582879433159752
zhilian,0.3879702896113927,-0.4354088868970863,-0.8656519457290204,0.1852299760511454,0.42557188721515576,-1.5748444452915091,0.12123351076278956,0.17422335397880348,-0.6649895116609722,-0.37562918774501913,-0.15739130188977385
zhitong,-0.7262998003077181,-0.21672640821058467,0.8738419406219347,-0.42814751196571676,-0.601913331115645,-0.1003864138946998,-0.2233676187502824,-0.27769576184037614,-0.05068648551241046,0.6597954493902246,-0.15879460538608572
zhitong,0.340503675610793,-0.18515384684888683,-0.04034346824021061,-0.08199126616545728,-0.4672215579967008,-0.2347574955056787,-0.4345165940956861,-0.4647933144070417,0.3844457549398933,-1.184132730226807,-0.16487201014509636
Meituan Merchant,-1.139419630791397,-0.21923530773689487,1.1530053198060661,0.07402799426322935,-0.09776300469282752,0.010340508583011637,-0.35956906111548725,-1.665713761555322,0.04057113593098516,1.2684297899979702,-0.1661175358899747
zhitong,-0.7495902137554351,-0.21160663909802396,0.8475265464517591,-0.15779675904038942,-0.6256537776828013,-0.10459253853065716,-0.49337720536541274,-0.243502547599487,-0.01501991153411704,0.6022971170349618,-0.16816740733029617
Hero Scanner,-0.9476826135923501,0.1598283710316714,-0.6382192264969224,2.1711080563985665,-0.1888028862766393,-1.471155927719382,0.16034066996285742,0.030969650971064053,0.8476416114724753,-0.01873470919661517,-0.16948447901243846
zhitong,-0.7414307327729839,-0.20674525423270787,0.8629062991553241,-0.4221831667206504,-0.6239532588165227,-0.10109236749799588,-0.33497873564286046,-0.25589923463407394,-0.03293216172381611,0.6413254658681578,-0.17184339722291664
Meituan Merchant,-1.0662170196135754,-0.6883149737099469,-1.3355974038423248,0.769977415486605,3.1755599942228003,-0.6683388584054734,-0.3115869552604049,0.5060251186928101,1.0827679258932783,-0.043745847627216276,-0.17534594332038972
wecom,-0.8996532392263372,0.1577877926422252,0.49440522462515757,-0.8534597461135058,-0.36244011982255225,1.2395234341852355,1.072093536406202,1.8122782182527573,-1.0851828711318987,-0.825247614259617,-0.1782061383938982
Hero Scanner,-0.6971054919190554,0.6653359999753675,0.13777976898664435,2.1076565839602974,-0.13516053392168076,0.11922321300043034,-1.2387329702296248,-1.1802413825761813,0.15411128228511256,-0.7687541942304273,-0.17922581153374256
newcow,-0.23698912238445732,0.19580623276389808,-0.06098112345221719,0.4832307768672072,-0.18823314492212362,0.2650765804473716,-1.2094877555049683,-0.6089906822163416,0.11323584389057495,-0.475866326955427,-0.17976817109703666
dingding,-0.182118942206551,0.24150049805195584,-0.25090605988884673,-1.3011773290058426,-0.6503515424286034,-0.5555162396309286,0.26531332746485203,0.2218790389908214,0.672403897925076,-0.08503841641960679,-0.18100111238478486
wecom,-0.04434318282491482,0.14662983697836246,-0.4927033740969216,-1.232688141302807,-0.7022445787364056,0.18184349280422454,0.4495287360823446,0.334327125680978,-0.026815041272684217,-0.3224037262171896,-0.18157127964804487
dingding,-0.780310125352701,0.15641652070049145,-0.1262602690065824,-1.0944460588513882,0.4384439487011413,0.03804625656562876,1.847797220180707,-0.11395171844830959,-0.39087090665099644,-0.0902498874068929,-0.18170331448875687
newcow,0.6468124631666549,-0.11094583334408234,0.7510367732836136,-0.09865540881914513,-0.7064167015937596,-0.1266458671796347,-0.4578111088769923,-0.724204386997131,0.03266114660349353,-2.3109952761003005,-0.18340629840483574
tianyancha,-0.650463690714351,-0.2904732665949005,-0.19749152556745392,-0.14396799974533417,1.2165516496544857,0.05672863971126846,0.150565409574882,0.3880863751713284,-1.7459233136368135,0.2982764061805106,-0.18708746319660519
tianyancha,1.0458108247694784,0.08741821762720144,-0.5554361126425645,-0.5183703484973193,-0.3060836155638393,-0.6060650829301093,-0.2786738700122207,-0.020184598868564295,-1.8469294215727043,-1.3779440795735562,-0.1879723901325091
zhitong,-0.7343889293048401,-0.2993877312516961,0.8897241309735812,-0.5741332382447677,-0.595580451823593,-0.09402482745640774,-0.35286108375438724,-0.29128566117139437,-0.06320500585408016,0.6498037266664306,-0.18996761456035646
51job,-0.47666437039390624,-0.2897694593273374,0.16067473413091754,0.1456821427842357,-0.14652981840396928,2.101262086003571,-0.09166446717789208,1.192807778019124,-0.8818247076535721,-1.6483266039357292,-0.19056702739790554
zhitong,-0.7563493203524403,-0.23925620499218656,0.8578258160064658,-0.3778169352075978,-0.6337675655972066,-0.10009072782992473,-0.5142962820277686,-0.24513958391165175,-0.021704423210919113,0.6115544720825494,-0.19099803711010402
newcow,0.22434452170368344,-0.063968816974055,-0.6485817607949518,-0.4778986869453115,-0.24104013917885678,2.5600573427528976,-1.4854137152294349,-1.2703607394708805,1.1678732037239974,-1.5372594610578874,-0.19506994384084828
51job,0.08636710059152443,-0.15698958276766595,-0.10715079059989155,-0.8039717927298765,-1.4899561566090254,0.7798116466218749,-0.1754966364998529,2.1625255644951844,-0.34197437673390885,-1.3674983261601459,-0.19597471232524552
newcow,-1.273036316483624,-0.24270544315188147,1.2356474967856685,-0.19765641933063208,-0.649782739066449,-0.5529758104946798,-0.21505118038057291,-0.23885055180630116,-0.0415768396843361,1.330884688401271,-0.19630678023435935
dingding,0.15464356151494127,0.2946881781638386,-0.5995393263404644,-1.892695594049371,-0.5785375188178736,-0.2284703778037538,-0.5842865157754205,0.13138816775567802,0.9863575175052685,-0.14347946861459565,-0.19800768111923678
Meituan Merchant,-0.9039763038838186,-0.5656686758588493,-0.6398426091383254,0.823395673559914,1.677187533548914,0.922789111945847,0.04543938605460818,0.31888764750501175,-0.9093199897153815,-0.4178665462328208,-0.20108429575061953
Hero Scanner,-0.7029201187421683,0.5461436202611553,-1.2880900711310517,1.8892795920846932,-0.13817627378858752,-1.2693400891563476,-1.1671783249765235,-0.29704020803083014,0.7061161634300439,0.500582860834074,-0.20235553753049243
Hero Scanner,-1.3380205019326687,0.1858889124602954,-0.7981135412867307,1.7159563732586203,-0.47238249745394223,0.4323997699024116,-0.42122514224770985,-0.2071407679867237,-1.033796827821353,1.5202129029591798,-0.20396819036792474
zhitong,-0.8039411810190538,-0.0681177699944569,0.793124165584839,-0.06955615231480083,-1.2792629580882011,-0.09148749203478973,-0.4750209905428954,-0.2770668072407094,0.0252703647462862,0.6020654684213854,-0.21057803158510685
dingding,-1.1056531561758873,0.5867433303499865,-0.13278968124228802,-1.5377899252953597,0.9174786686994036,-0.4676734209338392,1.9707851503310188,0.10672097171299816,0.09597095882375117,-0.049191747600847505,-0.211402932429526
zhitong,-0.8069806196344975,-0.24405788893368782,1.0650063620375043,-0.45787200110962467,-0.6380307708132879,-0.13904301160152527,-0.37640349660301126,-0.13329830760323855,-0.6452933959683398,0.6513612896909152,-0.21175118319265976
Meituan Merchant,-1.5722474074413793,-0.26586961542538995,1.358235131811538,0.0896189948190298,2.1478473895922976,0.3260152567130458,-0.9736744638774536,0.3577826315792242,-1.5829475237951958,0.4759631676392066,-0.21323940788342075
zhitong,-0.8433000978662657,-0.12383698149780198,0.6469394789511109,-0.19607333301619143,-1.2911045889043609,-0.09655109242918819,-0.4419472183658798,-0.2832219908265985,-0.014927970838444712,0.9280335001557832,-0.21339978042974794
tianyancha,-1.3401080520748279,0.2030169707486975,-0.4505473118679979,2.245927597431422,-0.02530405828593546,-1.2295737010996255,0.022864124173166998,0.281506247930478,-1.1176013009305512,0.9862342415213656,-0.21370788549329767
dingding,-1.0947078343700762,0.2176382564578067,-0.15705158774210928,-1.258891294363644,1.0700678012242555,-0.15343307288988922,1.9588056821834101,0.05996681504504912,-0.4902687253545203,0.06266556248126909,-0.2161268774275263
Hero Scanner,-1.1293619764428842,-0.21891487665097525,-0.2815006987306387,1.3701432266544593,0.6608177904003386,-1.0440474523569598,0.1562378172220532,0.5398302602052132,0.933068573853341,-0.4899770739579975,-0.21746387045586696
Meituan Merchant,-1.2955511967706062,-0.2764373929803116,0.09182758572667583,0.7069653628146301,1.669996389688882,0.7237439469987114,-0.6369196968375817,-0.048266057076483404,0.7530528813597509,-0.6545062093446474,-0.2183725337679302
zhitong,0.04055445001587512,-0.44275175849624016,-1.721264523588108,-0.32162627862844817,-1.1476630872403175,0.11305524252519224,-0.16401244852323354,-0.8573087286770561,0.886589048643254,0.7320832628302937,-0.22278681964155864
zhitong,-0.643321570785881,-0.3043479072701406,0.9854049307448431,-0.5222212579011895,-0.5801570956464434,0.04057350631225934,-0.4471540861390764,-0.20467348906881053,-1.6287659419961145,0.810141861932765,-0.22410250621594724
zhitong,-0.8045545152403436,-0.12091103025820854,0.8082257687246146,-0.21535981705185464,-1.2708244563251985,-0.0866591318714057,-0.5036900122939296,-0.29216163112003973,0.010497859000281278,0.6070729967343992,-0.2284485045405866
wecom,-0.38904275862543786,-0.025010368388196078,-0.16478454816730445,-0.8954036071363245,-0.005235246814306572,-0.01867271381102863,1.9513988512597404,-0.8723442958269176,-0.968594145663057,-0.40262440910451824,-0.22874120337756051
wecom,-0.6690747878887092,0.028754770244734735,-0.24273082040506447,-1.0359627449953872,0.4163836878618573,-0.9167862877575629,1.0417120902766785,0.03772219652907897,-0.1740396883488099,0.22217186482672813,-0.2305895273878311
51job,-0.15600546340249602,-0.02211078276545466,-0.7314211235860678,-0.30471334660475774,-0.40598860784652613,0.14177707775535053,-0.8857531042368725,2.3685719973666655,-1.607344359928533,-0.3348566853444521,-0.23152580750446936
zhilian,-0.08346375511650508,-0.41540752226360955,-0.536580525500573,-0.9015127837195392,0.5580905429275681,0.9684680435883423,-0.33888067104545166,0.21893271738449502,0.10423958471918537,-1.1247965682802548,-0.23234281310250815
dingding,-0.849931968716652,0.4634033313948127,-0.09602002754481506,-1.3288333069991278,0.9988936255711421,0.05005683296692905,0.07335781855043699,0.7660386497266686,-0.5268397406254396,-0.11092543658606754,-0.23363556899899104
zhitong,-0.8081145825309836,-0.11724367318876248,0.8085142070607481,-0.28562313878129,-1.2784243541108382,-0.08589041716855272,-0.5050024821645599,-0.28760509593283146,0.012112943930340745,0.6104379816764653,-0.2347457041360148
wecom,-1.1033124210285432,0.0005336189516347861,-0.5696264287222847,-0.7787133776236292,-0.13175806521815117,-0.07385951247850693,2.193855747595285,0.43520601049161556,-0.07718295443472499,0.18585497718889582,-0.237237363108053
Meituan Merchant,-1.6264776494508442,-0.5348416174254709,-0.79012471288595,0.3293505115883783,2.0688622200805775,-0.6924492497352487,-0.6156155386918238,0.44133155666470003,0.7107436615051357,1.4089057086531356,-0.23752158561714914
zhitong,-0.10178829965803128,-0.07179510808840958,0.13393548359216095,-0.2528783614124085,0.4776011312670063,0.40259908940723055,-1.3386609350682313,-0.5164787652168752,-1.5312872501754777,-0.2767625553561188,-0.23872898466417455
Meituan Merchant,-0.9874133096129696,0.2248446173492503,0.027401711282554742,1.272080583807757,0.4295196951125995,-0.4505522738187266,-1.1394422475243327,-0.23497612532397144,0.44308282737182264,-0.3334899870985054,-0.24119765663177772
dingding,-0.8984756210391985,0.4638973362316526,-0.39064421206356287,-1.3994493033444166,0.871270703580289,0.1175603531464071,0.7266095518178726,0.2359988159353293,0.45558084979923386,-0.38652092771963303,-0.24454933621975
zhilian,-0.2476944299085581,-0.32263803847112116,-0.825399966064158,-0.6613859374556598,1.7502387103889545,-0.38602269816673335,-0.4020569753271523,-1.2501186713075148,1.246424400288513,-0.6545878555224066,-0.24656644434427186
newcow,-0.9210210097589517,-0.042437072041579295,0.9562793581692697,-0.01953673498080885,-0.7198989843541266,-1.7852260146399985,-0.5881737961589202,-0.17190100473557257,-0.24763832792360002,1.1271526640444074,-0.24704564262373735
51job,-0.1410474553205273,0.4576334455883149,-0.3219320828467255,-0.5424262773889015,-0.41940629548847236,2.451018786182877,-1.6113946428238333,-0.5612671153485813,-0.12377587678860566,-1.245546092310709,-0.2509998568425818
zhitong,-0.5520242994168681,-0.11236909054062849,0.11397220670906044,-0.2618712890281919,0.3200142148501007,0.44294933900584843,-1.0267275212757843,-0.6014611237451848,0.22872008990141332,-0.36813133350084076,-0.25465621475318695
Meituan Merchant,-1.1340224556085259,-0.34386341231338075,-1.5147410744806324,0.24553372035784485,2.196665608872401,1.023188540507963,-1.0841775280370296,0.27735285486757005,0.4733835453062242,0.20763467237465685,-0.25617762403114114
zhilian,0.36155246334350527,-0.13361509514045125,-0.4991926638316571,-0.5303531305454099,-0.6109774070767378,-1.1495661406058122,-0.5786151965412708,0.12301855034742587,0.9930620907699003,-1.2612817268563348,-0.25750088504360547
zhitong,-0.8077101552140995,-0.20305829789025898,0.8325413615881797,-0.4913533882115477,-1.261979461330905,-0.07847148220145014,-0.550318317998629,-0.31350604503935203,-0.012128606117078061,0.6171333953193218,-0.2608614654051722
51job,0.06970245942582615,0.027628660905489287,0.054745168528473866,0.02342747728556186,-0.847878036907532,0.07340745418844263,-0.32950905577951445,0.09269886689133164,-1.11705345427674,-1.2325581000672943,-0.2675803772182171
zhitong,-1.1505865185141724,-0.22460805415299878,0.719009557827293,-0.5515757141378332,-0.44103811555726785,-0.04248040885368372,-0.7771615237947469,-0.1451713488055472,0.23984047093518301,0.879347946460677,-0.26959935093987153
dingding,-0.147170647953409,0.23976603055120613,0.04792564102278528,-1.3324582721090794,-1.3715499461881022,0.34762168108215,-0.6005142540854695,0.8729655531977222,-0.31349087259009467,-0.532223520805679,-0.2732222015560058
Hero Scanner,-0.569880164883063,0.2971472346552909,-0.1127775922271889,1.622682909311094,-0.053896893874107565,-1.0385217538401281,-0.15302451384451612,-1.0986888434238593,0.5714108069802517,-1.2894074130926894,-0.2739333492600297
zhitong,-0.8116138127623743,-0.2218523469482545,0.8392856044363731,-0.6254943936819986,-1.2661500029163064,-0.07562316735801537,-0.5639040921438908,-0.31529128105478205,-0.016785118933880534,0.6227140502333732,-0.27493475842625215
qichacha,-0.7961807971035944,-0.21836679227926947,-1.1466896044309107,-0.3133023354510084,-0.2510010888949805,0.10613209031638007,-0.7765897854183385,-0.18369368157368163,-0.5397008870130775,1.6910852078142768,-0.27976034622721624
zoom,0.09544424490647119,-0.07534642805321105,0.5959082243435239,-0.18098231892473735,-0.20036149277071477,-1.1476520612486834,-0.3776189721927317,-1.7438745124867747,-1.457805965467682,-0.2573640784392328,-0.2805141947045084
Hero Scanner,-1.1761372154198977,0.1140928887316057,-0.2777375371827301,1.148445365334335,0.712013756339789,-1.6817482159889838,-0.5057733165501259,0.4302676736667574,0.11692918002798885,0.16473347447278058,-0.2822071796531325
qichacha,-0.5964793996731095,-0.13187525968562092,-1.3890542490566578,-0.08246188825922368,0.014070729928292463,-0.5503521835509706,-0.34247156996551187,2.9012358845427553,0.53534795610872,-0.8468031585906837,-0.2826599889703386
Meituan Merchant,-1.2159481773526646,-0.10350728553551203,-0.7016665667234703,0.4258337282405957,1.5439004603037796,-0.6538880681173994,-1.162473506058231,0.24048852264761839,0.5275673342160152,0.4848770823096801,-0.2826987882425376
newcow,-0.6226389150834926,-0.20679102985113124,-0.7126957417743959,-0.0791804727987154,-0.5398488261646278,1.0384187831777651,-0.5106433079356119,0.1494462236395599,-1.528995791434919,0.5973416507655095,-0.28566506584658546
qichacha,-0.7088745157561783,0.018467332500048034,-0.012518310239978271,-1.130687820510081,0.29964828890771633,2.1712265201400403,-1.6901654214682296,-0.9129206615987323,-1.1968268038437504,0.6545635102150965,-0.28730583688424016
zhilian,-0.18165153686243873,0.014931367612177162,0.0031707724907344267,-0.1866159448036565,-0.67608117636669,-1.1609078296627668,0.24998034983372816,-1.1118004842274973,-0.016461229947650813,-0.43154739941841264,-0.29034321604167407
wecom,-1.010830159351644,0.1651931385688815,-0.09910017655943543,-1.0764482419674013,-0.1843694091958388,-0.1804230007190072,2.5802116207342327,-0.8118999718198728,-0.5291071445206055,-0.06032565132762938,-0.29115564215150314
zhilian,-0.2294917664005729,-0.08595068450093983,-0.602040243179819,-0.31498276165774225,0.5318889150493981,-0.394333614743063,-0.6900815339534946,-0.045487848605334856,0.10056232103786542,-0.7984476081536706,-0.2927336867272121
dingding,-0.9412491618888695,0.39933457583519166,-0.16666195329337977,-1.5799761180923637,1.2336522247742625,-0.05115407063853852,0.03905144491454039,1.018699516259297,-0.013622061846390832,-0.5918314171023943,-0.2970102842423917
dingding,-0.9907556698481624,0.5512085128161367,-0.546167365562213,-1.635911677917622,0.8119697494307749,-0.22483325040753926,1.0166084515573057,0.22888474041033355,-0.03463542074569711,-0.08081300256472748,-0.2986537356484921
wecom,-0.08710337821463131,-0.01655221850412253,0.4462106079228264,-1.2167124531320084,-0.889724365688445,-0.9433987694653702,0.22785252328906286,0.3558598079366264,0.3367459617015993,-1.2419182800513653,-0.30028406264882573
tianyancha,-0.32279155199659226,0.35058248195142255,0.9727797737638969,-0.5543070092406835,0.23084120531162772,-0.3847483727708532,-1.2081207755763448,-0.038561200125168345,-2.133101498741638,-0.6517588707287821,-0.31500269897377275
wecom,-0.8830086004217688,0.039380127608361286,0.17225422655072758,-1.0967406546033616,-0.20970761883198843,-0.0927907597508324,1.362020248726231,-0.3777816011567368,-0.2777953569052439,-0.3556703782530613,-0.3169795162528974
Meituan Merchant,-1.3409776674292961,-0.11419803046607684,-1.2118289462068719,0.3351902455709788,1.7145417829611171,0.9924793608312991,-1.4159491551434003,0.04700954836648767,0.5347113287925652,0.22711272562284407,-0.3174961971594751
wecom,-0.43366654034377317,-0.16104409729037902,-0.057906934508683366,-0.9393003888799845,-1.4946076322703776,-1.461706297703731,0.1287851262450532,1.1497389820901316,2.579507447409732,-1.1818766075937797,-0.31924944608884576
qichacha,-0.5268081639048842,0.1119116350267244,0.9495367742175467,0.2819735092594014,-1.2719062816596323,-0.0777841282403564,-0.1662055029180348,-2.0872848725565194,-0.2495749906911223,-0.5444876626531858,-0.3194366194005279
zhitong,-0.43156478657220015,0.11410640617049098,1.1592406995799818,-0.4085846043186574,-0.22775201518988922,-1.1780200502220002,-1.107310049808148,-0.5946080300553911,0.07073639137408126,-0.801126834564006,-0.31996208870750614
zhitong,-0.3148616122762241,0.14885481273809423,-0.061324579077579204,-0.23687820602638954,-0.8472879293129342,0.29942296640843075,-1.3765449211233818,-0.6737746382245607,0.11127773709587065,-0.45621699610547106,-0.3218520420390388
Meituan Merchant,-0.9363389595337392,0.5316981814684463,-0.48989889873785053,0.7976672588743413,-1.1951560884642525,-0.20090404830625613,-1.1604731317880401,0.18832207287468203,0.14608803168932055,0.1567987055727806,-0.32468824558317416
zhitong,-0.794083301027252,-0.39684446315202654,0.6356397818371501,-0.3122493210759797,0.025477107182801783,0.2765639558583934,-0.3283570679351077,-1.9909677985180523,0.7591084592687295,-0.40342710294321416,-0.32905690576317786
zhitong,-1.5016648773576653,-0.2105915777728556,0.7631630689372265,-0.06596079250698626,-0.5831464091228143,0.4460382100902479,-0.21714421629631525,0.2397890446444241,0.08606458751353069,0.13971264109003237,-0.33346489312827104
Hero Scanner,-0.7928521857369635,-0.3832730342020128,-0.7245661016494843,0.6007013263210016,-0.25233595147228105,-1.054678108776593,0.29001972850396,0.22891923939230052,-1.0510598360246624,0.4786643244002322,-0.3340768857870133
dingding,-0.8997617560352937,0.10984326285705318,-0.10844610622889123,-1.0521737229103558,0.5711599595610645,-0.05852885651411208,0.4649575708816396,-0.03989948784690851,-0.09353099701671405,-0.5107232347823536,-0.3351553831806741
zhilian,-0.8326923148466323,-0.5592954033637179,0.7253194909283681,-0.9020636957843792,1.784210018224259,0.3928618898900097,-0.05846542698566234,-1.0362824814113376,-1.0966629707470008,-0.6445940101392867,-0.339298564623468
zhitong,-0.6511750970232199,0.15727159425724382,-0.6027046858444163,-0.3038903273879148,-0.5613790832646427,0.1885496563625966,-1.2318990719038507,-0.3686788118652162,-0.011599044009461257,0.3633571550843178,-0.3393311306942898
newcow,-0.33292797485283127,-0.01639389447285574,1.5544712481434957,-0.29199764623168434,-0.7663505801827948,-0.9709543323080229,-0.7122732186249798,0.010137259871737176,0.15185661256490904,-1.8711703963112492,-0.34091723678545677
wecom,-0.6785770318369214,0.3926834415794969,-0.5725758112952073,-1.5456520256341881,-1.169791427134886,0.1513855641120333,0.8313583795996057,-0.305157917491614,0.48153162605054495,-0.07564654615091372,-0.3463444040293286
tianyancha,-1.0581750489162496,0.49350728393889315,0.00843511028287019,-0.601191380979753,-0.4969668984471488,3.7252599251668457,-1.515102275966534,-0.0881023865335904,-2.517994444276091,0.0064475860966272044,-0.34722238644291237
dingding,-0.9822622417004192,0.10861702670932123,-0.42384371273286753,-1.0921656101103616,0.49155693225858177,-0.07631677909291777,0.26538670455289315,-0.2146665325255783,-0.1747365462630879,0.07504332711943308,-0.3574497589011731
dingding,-0.9741003805930535,0.14568027510730344,-0.05594305544737006,-1.3307917251327708,0.24209210745290483,-0.22143336238944622,0.8900557407597942,-0.19406739409309867,-0.27389114161281103,-0.2242193031580334,-0.3588262726832137
qichacha,-1.3036887373829937,0.13321636730507058,-1.6016102321340424,0.21558310816698756,-0.7965898889747631,0.5284922570994118,-0.5763960680703777,-0.45849269727158926,3.1768090980336097,0.08572041562280204,-0.3590930706996892
Hero Scanner,-1.021525485970664,-0.057103040642646735,-1.3800233027012279,1.2243083738705052,-0.29429625675790455,-0.8427933084910058,0.3285294823659664,-1.3359580932209798,0.8297969598178482,0.31734036938893373,-0.36077255618961823
zhitong,-1.079512676370344,-0.11294405798601065,-0.5669666342252906,-0.6410282270297746,-1.2250507750660913,-0.10492336273789798,-0.7433521379245385,-0.04250800673097348,0.33562208611276745,1.3253380515500885,-0.37207181629914443
Hero Scanner,-1.0325056422469563,0.27123659889271273,-1.4270327471095774,2.138499473998418,-1.5359038618676542,-0.6479153269297918,0.05815674974773203,-1.358888861254592,1.1793540366974387,-0.035054252806765065,-0.3764833626107771
wecom,-0.7539241166106166,-0.18784403132742492,-0.5653590731077102,-0.992241446241453,0.2867448825867564,-0.09616168307717578,0.3842852380020665,-0.7539208231512475,0.7774215624505776,-0.49060683401862354,-0.37713348864851026
zhilian,-0.4738939525749565,-0.5313647253009675,-0.6857187725863328,-0.7532536228201593,0.9805478608016727,-0.9674129724532547,-0.08435593984110129,0.9033173849619867,-0.2390505691309603,-0.8285687630446593,-0.3775157855740944
zhilian,-0.3406768252539182,-0.23817192157258335,-0.2456478935653105,-0.6533514438517196,-0.3578748654959465,-0.7868828794841412,0.03694534276388614,-0.4122172966486981,-0.342918966367559,-0.5132829022533215,-0.37846100766170976
qichacha,-0.24032659779233806,-0.07854882437211194,0.15977555137302432,0.23683199065598645,-1.094569985534347,-1.218533622677501,-0.5941575246482728,-0.5035782219193504,-0.8307812325601176,-0.5163551291375289,-0.38071471438016324
dingding,-0.882150343492594,0.17344367094820737,-0.011161979344252303,-1.2411552033388067,0.45130032157972266,-0.15025293584166488,-0.002526889543449035,0.0030285145380987287,-0.05092253264801835,-0.5820216510149363,-0.381191056268286
qichacha,-0.4311856681478364,0.017235631559165028,-1.0619639956273177,-0.44382459524458123,-0.5527798224073994,0.8414633696291282,-0.7540409751278688,-0.004498750705611033,-1.3669693619100942,0.029644284520137273,-0.38274930572792104
zhilian,0.12472465353457955,-0.5057529494471171,-0.6432448343527318,-1.0139359847030611,-0.08958187058269207,-1.0526634028454527,-0.09934951909565222,0.34850257158185627,-0.46805503586117125,-1.0283382251743642,-0.3857527712108351
wecom,-0.6081874342580124,0.01406101003763961,-0.15220327025923555,-1.1387644278840725,-0.9075463650639971,-0.33312800714898616,0.02266002221696634,-0.08855685327916736,-0.8676416350381619,0.24779806056843254,-0.3872544295914083
dingding,-1.2706275110181153,0.39872128680014896,-0.17499373476070296,-1.2431206969533652,-0.06068504147998938,0.40303556689045217,0.681032219505768,-0.22105135456680078,-0.31797342331894607,-0.002510433721375536,-0.39150553440963354
zhilian,-0.15817401477579263,-0.504569435561493,-1.130382739994265,-0.7665229073550853,0.22473257194666582,-0.4403499256929824,0.01402393685841635,-0.19000168574718132,-0.4721193779481048,-0.5364442885798256,-0.39244371466965383
tianyancha,-0.20484384507006795,-0.22276462888957851,-0.11687599502220378,-0.24719297396225084,-1.2011954405421177,-1.1211183565078304,0.5079772326058807,0.5776142915177795,-1.231857172346982,-0.9476730169544326,-0.3928359954600827
wecom,-0.29135712208959763,-0.16544344737737904,0.121225188530851,-0.931464693095144,-0.9833200211102368,-0.12063290504866046,0.6755004320032705,-1.0998705648473834,-0.2102128095277136,-1.0408856462841496,-0.3952994885295855
qichacha,-0.4605167114659192,0.07203874532943547,-1.3183010251264455,-0.3651266758104698,0.5554996434269881,-0.6184501396155022,-1.302894269259555,0.13843983715643376,-1.0308875228641798,0.3321747040481781,-0.39822379751615294
Hero Scanner,-1.3563068672791656,0.5991931584258059,-0.6720045935991299,2.19715298276963,-0.4935795094818105,-1.3338644151662518,-0.8973828000283154,0.559802714484857,-1.27373500200394,0.25295852894358717,-0.398908212182222
Hero Scanner,-0.8575547910421631,-0.19837797232948148,-0.9106351383759329,0.7557765705209574,-0.06769438010707932,-0.7661317816077894,-0.1822001524263437,-0.011601210592111208,1.0772549661204769,-0.9863472111806354,-0.4017177866688698
zhilian,-0.7255509676345544,-0.3075512380873759,-0.20899692560225214,-0.874312940322575,0.9735843155184928,-0.45843546453397693,-0.3000869490969826,-0.7264729665926671,-0.385622909676695,-0.296042492994879,-0.4067148009831038
Hero Scanner,-1.1250596006627698,-0.33320959491162566,0.6895869863167782,0.08026601111277053,1.189704236733034,-1.2763445305707688,-0.04384519557119947,-0.9354321128783736,-1.2404299817319908,-0.1266441999783796,-0.40889838841646614
wecom,-0.7320915646030347,0.19462425850107348,-0.6246701894026342,-1.0730859210036776,-0.046655632624264226,-0.3212010014861382,0.617702355608499,-0.7970074081694134,0.04780936933767539,-0.3924216970202306,-0.4097426558591333
wecom,-0.9269884736213903,0.11753699581435713,-0.48614252098021754,-1.0280988607544697,-0.9396385452174316,-0.019565153762527095,0.9828809579012068,-0.18021393589660786,-0.5221484066807816,0.05874466953403296,-0.4099299536495844
zhilian,-0.64033120929228,-0.004602543960154406,-0.15436322995280377,-0.8376353157382948,0.686678353474851,-0.40710188417448856,-0.29246257639088835,-1.4528059655647971,-0.7556955468123454,-0.1521401187663754,-0.41332656410225804
qichacha,-1.5337904313230024,-0.17629094921936403,-1.501606404415609,-0.3994843112365208,-0.5249230248648696,0.4954954204739132,-0.45766647057076254,-0.11375346588373395,0.32429978697437145,1.7737557159190667,-0.41827161442092686
wecom,-0.8079713535479242,0.24930450577778493,-0.5033067343279922,-1.4966335026122766,-0.5160113107959016,0.3292191253184737,0.09778857912287749,-0.6144954308772143,0.9221359070274132,-0.49307530611994393,-0.41849777384483
zhilian,-0.5912358803359787,-0.1403146698485051,0.02373811163065603,-0.4962151222606416,-0.2413695765635231,-0.24898237660256423,-0.08309003308895778,0.1484159212676574,-0.9522724570664073,-0.9443291020594544,-0.4190799669894644
Meituan Merchant,-1.4739422207476416,-0.03600956274768424,-0.7709238420184039,0.7674777212990405,0.48597779008021263,0.6484142556958334,-0.7407439297850155,0.6661840837266656,-1.3395174659637188,0.10893793182126639,-0.4222993663537089
51job,-0.42844912251731887,-0.06259547549147146,-0.655800338180297,-0.3888717658623933,-1.2080888146666358,0.47645375640331583,-0.7360804960271046,2.7263514247490965,-0.734337909500069,-1.712923122564672,-0.42310505787811625
qichacha,-1.1093800542827315,-0.3549297251634419,-1.3492054331894228,-0.2670195388484635,-0.9320402704085129,0.20748917009758264,0.047546300104209197,0.009042739562112259,1.0784181999500577,0.2485108944815444,-0.43887063492144907
dingding,-1.1364209093883824,0.18881733297569003,-0.3557378909716931,-1.2498933073699494,-0.5363519900737549,-0.11503330089786515,0.5011188972964756,0.04481219794123663,0.27108344477202617,-0.18361878771282558,-0.44248124122097093
dingding,-1.3363874362859083,0.16230651153904618,-0.22810795409398568,-1.072635565084685,-0.11953224755897329,-0.18518334488069926,0.5949754212062874,-0.07313002950163609,0.4430415839884661,-0.24382028315915413,-0.4427036017215049
wecom,-0.7630502900988771,-0.1868654318641697,-0.49681672304843705,-0.7919841937723859,-0.2357467432318328,-0.6715618094378071,0.685341656322371,-0.7237688801826998,0.2576954050244119,-0.5176970137056052,-0.4438887942889243
zhilian,-0.3080331107910681,-0.03253103419011881,-0.44513535312475366,-0.5402735292059325,-0.7287842286309042,-0.8413305496590157,-0.6555878572612102,-0.1035185760644227,-0.42157715151284575,-0.6542644498603627,-0.4449915153240374
Hero Scanner,-1.3293986481845521,-0.2076550990512245,-0.8457313212317256,0.7773815535282286,-0.018138147885195143,-0.9029848821291157,-0.1600440397778872,0.9995893127224792,-0.7224511932157801,0.09397351340899195,-0.4459211695100702
zhilian,-0.47423054434661216,-0.5122449569046008,-0.5500686067720528,-0.9114816335273909,0.3639525386860013,0.2030261141154794,-0.03444494019651483,-1.2641640498512663,0.12888613270378152,-0.8754830111245802,-0.4466504783492115
zhilian,-0.9230270379703089,-0.43364332178910514,-0.3797625318120329,-0.7144450610801149,1.0048616093845546,-0.9730691994351668,-0.41183419328818716,0.5888608645706951,-0.43381386772041347,-0.4185773536875791,-0.4553691971184421
newcow,-1.685994033245725,-0.12653551038821267,1.467296370358926,-0.46148794987965924,0.007393743189177605,-0.532634111871127,-0.9280365598986513,0.0850973773314452,0.44136981814971155,-0.41378375054073235,-0.4641214047229647
Hero Scanner,-1.8050108300282237,0.061696635633108954,-0.056940050460970976,1.3569541092411705,-0.3780258393314467,-1.1414359280663215,-0.06262520823480777,0.6849811525597119,0.5861861357681305,-0.65461851438396,-0.47836262378062594
dingding,-1.1039338024369627,0.19972061727631885,-0.22246322318453654,-1.2206962448502814,0.2093618710335824,-0.13714975738031931,-0.42249583021401227,0.0628748788299539,-0.21471141061366372,-0.3578357950574924,-0.48308421893063264
qichacha,-0.467945189316281,0.06850629388720252,-0.5021253103443597,-0.45647595208160907,-0.640317612392731,0.6938824346181897,-0.658601087363625,-0.04159329415423141,-1.0335350703685435,-1.3309347503501319,-0.48911122276524144
qichacha,-0.8774464409164213,0.3358452164733203,0.1789147105162106,-0.1852699775890534,-0.4829449071681472,-1.064977664122013,-1.4266210370298762,0.36907022255388755,-2.054602447822455,0.22096018079225774,-0.4894117871217241
qichacha,-1.2069374095906065,0.14869813422666786,-1.203543150380611,-0.5121065952450763,-0.31614654468961434,0.5879140568053021,-1.412283511512987,-0.4871650536831358,0.5198435574897716,0.5313289517596566,-0.4905926210773427
Hero Scanner,-1.0956518813213882,-0.037209589660751136,0.8050038683850622,0.08065646327061575,0.18291682102715043,-0.9703483375670577,-0.8909935725409635,-0.8723427349967088,-1.039611183386106,-0.4388898872263018,-0.4929130126126072
Hero Scanner,-1.5608495207802742,0.1534190650333313,-0.019558296337736557,0.7864531025388938,-0.08271705131940814,-1.3591901540019382,-0.7729940611640067,0.43393860634797154,0.42482463621126615,-0.7036887996146003,-0.5246273747126635
qichacha,-1.3789213433178806,-0.04172050709156662,-1.533485791355325,-0.06554448155685229,-0.4994528029907979,-0.22577299702635886,-0.6222896587615041,0.0410558090650439,0.7864977458649083,0.4258546724941833,-0.526773574672791
dingding,-1.3692600400921902,0.2064616827217335,-0.19218155585521401,-1.09610367721898,-0.5951962262180553,-0.40643633478477886,0.2820201976709817,0.1280569165215027,-0.03068211033528392,-0.21985149158187578,-0.5308826504731489
Hero Scanner,-2.200943558870844,-0.11358788120287595,0.11334898552474572,0.9713520476946698,-1.1059716610117418,-0.43410294797733806,0.14350677191036737,0.7452862979673179,-1.170565373740774,0.7809440449363355,-0.5339412959153735
qichacha,-1.2347030713846192,0.049378403612103036,-0.9338195307774888,0.08656377870147242,0.02443516709504232,-0.8838680947391441,-0.747942958915995,0.14903769859935645,-1.0379963912023573,0.4078918978005177,-0.5344299975510304
wecom,-1.0022708073413362,0.07924164175971413,-0.653250601437426,-1.0933745136248745,-1.10477498659207,0.22409724466958952,0.768117865415798,-0.7844533438359703,0.09674060733158811,-0.5572123159901959,-0.539297620453314
wecom,-0.9137899675078452,0.29029931182492674,0.15925165093787322,-1.3325577700919384,-1.3967482509332976,-0.08960600687038721,-0.6207799209751789,0.09674743780846339,-0.09979410422887189,-0.6596771219265306,-0.5427211097147481
Hero Scanner,-1.723391314226691,0.14958003325299934,-0.7186957410002652,1.336089967006678,-1.9098905111050233,-0.4814306214168738,0.04560824748917343,0.5617398200363063,-0.1913443263680247,0.00938421760072603,-0.5490518608902932
dingding,-1.1897758773123386,0.2030987683774661,-0.39352190899500006,-1.234813720868875,-1.042249857044914,-0.5788619970419703,-0.09717530814271758,0.2958445481232352,0.054295155274419,-0.3031073471704041,-0.5798867761623705
zhilian,-0.883731981852919,0.009656274640950877,-0.3085628784120431,-0.80609283813073,-0.9988324470774035,-0.13750068044572974,-0.4764896122618622,-1.164424800723909,-0.35721507186824397,-0.331882974007182,-0.5810836828658718
Hero Scanner,-1.4686436306895885,-0.054801906907749984,-0.6681509551625162,0.6068482445574973,-1.383088739218504,-0.7612431981615526,-0.3501789893252457,0.5561640060165093,-0.8536584534507515,0.2130212711133669,-0.5831456593782423
wecom,-0.8462808203850384,0.4681239619761072,-0.23157509097496554,-1.5100502077527247,-1.3851023971750134,0.03106028539442933,0.12543276017346505,-0.41064862871565905,-0.35589189093479096,-1.0384114765310402,-0.597919604400744
wecom,-1.0850604211687132,0.13294117920645862,-1.0257370082608503,-1.144100125270727,-1.7969733688018537,0.26494268036467955,-0.011992739439059824,-0.8764218298541339,0.9520326880437797,-0.17908213531792982,-0.6030586044663663
qichacha,-1.2276612209569646,-0.050893674255182576,0.0016300019576751738,-0.8669786539990961,-1.4346915590879048,-0.14998831970877805,-0.5830587305212681,0.2929316331088166,-0.7168335771281505,-0.38939197086121335,-0.6327106205619616
wecom,-1.381848308949034,0.21984406275092053,-0.7961297949551992,-1.103817479706679,-2.0896198876611445,-0.0024205867899563154,0.28538430664216335,-0.8443329518568586,1.331496940838373,-0.22622939783632837,-0.643779837684975
Hero Scanner,-0.8049684314394422,-0.2027754828367104,-0.3163317709592934,-0.21691303568541123,-1.4492806271148377,-0.2846963849123197,-0.3931632334080435,-1.2544242164731412,-0.6683134089652014,-0.8213512608626183,-0.651218163691662
wecom,-1.2806626301682098,0.31926448304270155,-0.19369580122104563,-1.155805624913353,-1.9332875012457098,-0.47496722364201377,-0.13850299967627488,0.0010140834984712287,-0.5440863045166807,-0.4785236456852845,-0.7014463083753039
wecom,-1.3934252769272142,0.13247356700007992,-0.2214802296158249,-1.1953558511020805,-1.2480383303784712,-0.08320669634015818,-0.13126254165465684,0.26181981801982074,-0.6976525846537386,-0.714286731991167,-0.7041820288507127
wecom,-1.4866515654432222,0.38065102285868596,-0.1851148607082664,-1.3673666509054743,-1.7555138121948075,-0.037820604068761164,-0.42620975317980847,-0.255245130848121,-0.36922782196115805,-0.20023785979213654,-0.7160646178195462
qichacha,-2.5589728856643608,0.06968582372175455,-0.7039354834526829,-0.34523551495280075,-1.6869303190755556,0.7831755653195454,-0.6632079585593794,-0.8678328869722086,-0.23021448515984777,1.291602629911387,-0.79770034448369
