,App,0,1,2,3,4,5,6,7,8,9,综合得分
0,airbnb,-1.1473165932859857,-1.2240981668516726,0.8395071412775258,-0.8919651637947538,-0.11007239356589547,1.2747120552946996,0.27235250801281286,0.43610830484620233,-1.387209391487391,0.6151015824508609,-0.29385810430060133
1,airbnb,-0.021702801724550434,-1.0006109825752216,1.2432424347491118,-0.7951003528786202,0.06639190809877157,-1.028209082725304,-1.1732517976993275,0.15470678844145844,-0.2591846083756274,0.03871970856453789,-0.27326351314234537
2,airbnb,0.11037920052426811,-1.1080034603573876,1.8144138857317698,-0.6297675828979442,0.7117860999857902,0.052841788478979496,1.1003154156879658,0.10479134235520825,-0.9514541715379308,0.5563066575995649,0.13284608189294522
3,airbnb,-0.42528226558497834,-1.2764480906655897,1.0886539565790878,-0.748925870677177,0.6666293960902775,1.3856366492537662,-0.9889636676474254,-0.13840488549837907,0.4118535130626197,-0.6429095269583499,-0.15812060288867574
4,airbnb,-0.2239580830501008,-1.359408977822208,1.1182028435490017,0.13114881410862225,-0.44061602437159825,0.6620059386734665,-0.3052878863671244,-0.06136414883238269,0.916850656922827,-1.2023596849976512,-0.16684364982847055
5,airbnb,-1.239842956674182,-1.5313499708939813,0.3941000332032435,0.08265214957638618,-1.6699012487878866,1.2424944609984863,-0.028195763218100064,0.39460233488839924,-0.14096599475952126,2.194426948069132,-0.19660555377126862
6,airbnb,-0.38471758098013137,-1.2917352442612118,0.7444763802805845,-0.5784023192674032,-0.5723949442764119,0.278554456283302,0.3652598845796715,0.0508986999472296,0.11214899092964432,-0.8664339241312352,-0.2904274942090276
7,airbnb,-0.8688183028472004,-1.2424084197524659,1.3641990835649223,-1.086509505635977,-0.3660571761794879,1.6730738658608086,-0.15725600174818483,0.2742654116923662,0.05875618112730555,0.15622345635114313,-0.16884699236030484
8,airbnb,-1.5215514346013725,-1.3479012625617595,1.8076176237418191,-1.0599178817807307,-0.5207870341285007,1.4035687394299068,-0.42815123958152274,0.22549476543071986,-0.09426259593356201,2.8590324301539565,-0.06499219646962578
9,airbnb,-1.2779207270533188,-1.136164619492845,1.0878525969788646,-0.2568829486678969,2.087699733310965,0.3762612683868553,0.23238697808923325,-0.20211123502679043,1.3860890750408559,-1.653143969265681,-0.14767888356283138
10,airbnb,-0.0009460467842615442,-1.2137760570626073,0.9631901445273543,-0.7235043078239853,-0.11336678233925736,1.1810150133912558,0.17249358615797467,0.2570930187706849,-1.4815228455754597,0.08685129437779213,-0.12870819132306385
11,airbnb,-0.928901357353293,-1.4322275923967132,1.1260550340112399,-0.5592608055069062,0.4493923535643712,0.9930890966294612,0.2924305183170791,0.04765162314414565,0.20840672965465623,0.08235374425381892,-0.13021715037167242
12,airbnb,-0.14090954458770286,-1.3961830602632443,-0.3444119288476451,0.29561182334798514,0.21842217824627685,0.13676251979491913,-0.10544057085931731,0.08297211129614167,0.7379502634778701,-0.41491424397163185,-0.13790892651296008
13,airbnb,-0.36531074901332555,-1.414487933089692,0.6674448065371545,-0.26600322304947427,0.4963965441935336,1.0473625079830629,0.7117458707962195,-0.11543029792995092,-0.21423416956336858,-1.0910607021140317,-0.15587895369772545
14,airbnb,0.6453245026839506,-1.1638590498261305,0.5777894811453004,-0.019635995559110452,-0.0860434063948099,1.0218006048429478,-1.8088582177984314,0.2874376166627476,-0.9487211606914923,-0.2830865218928191,-0.13749162381355978
15,airbnb,-1.021590827378017,-1.134966708897052,1.3098340857421722,-1.1521666943250042,1.6896238094941622,0.4331970353159931,-0.21509602751825108,0.2958771054318109,-0.7276092142909252,0.4586906379956697,-0.151891464489439
16,airbnb,-0.8703026444110045,-1.2873363215319686,1.7681722635758133,-0.1317964260149377,0.3600746249685997,-0.1592226760239144,0.1859752690197889,0.24953699143774005,3.5469372809925743,-1.1698988394317382,0.05553098740359322
17,airbnb,-0.48703048491619866,-0.7624869731411515,0.14120959584741408,-0.1344277952044108,-0.3322185895037422,-1.0592500710534822,-1.0359916399805318,0.10170297812885688,0.20029890324070954,1.1439475888566528,-0.24426302854437945
18,airbnb,1.3928606797483631,-0.8056284110112223,0.7962941641162016,0.14769803578621635,-0.06568561143895182,0.3835362655934222,-1.8173809908457896,0.1825022077136383,-0.10253930690619813,0.687671401705881,0.21158534499545978
19,airbnb,1.6616619044682943,-0.48055310957881436,2.682828823850309,-0.8777869857263523,-1.3123543692586501,-1.9191999878680803,0.23204389945008122,2.8782078203777948,2.2317935056671385,-1.1996229302995043,0.4371944134933231
20,airbnb,-0.7222663473257264,-0.1895608360436066,1.2237358691924862,-1.0661041484350122,1.762308041516258,-1.5560488674776811,0.2557912484311,0.43419959081488596,0.5581274078121976,-0.27178840618584194,-0.04877547473999136
21,airbnb,0.3472039526142679,-1.1225189130424367,2.255690438784435,-1.2517709095978615,2.1462932541059847,-1.7371424520920202,0.6323672332168515,0.010056813806831155,-0.6879148911481057,0.28755855505032696,0.1009580090468164
22,airbnb,0.5085527100084275,-1.0511567495693557,0.7677900974047457,-0.1843850720912272,-1.5109263465116145,1.4970052096577282,-0.03306719535519921,0.5900288157943173,0.23548453388423476,-1.2615495890424206,-0.06489322994380946
23,airbnb,1.2782640905021843,-1.073718465596049,0.3299153222713052,-1.2874462909184388,-1.2962412770534686,-0.9279509757024823,-1.6296354320507453,-0.192269970476324,1.3348916181951378,1.453129935984146,-0.0005975126248912762
24,airbnb,-0.17183097364348582,-0.7470236840897704,-0.4224837595392131,-0.9954897143171807,0.21829775125016046,-0.5503177110919807,0.2883343193810684,-1.2375356677097387,-0.9469487963217448,-1.4399785004181422,-0.5532682233189087
25,airbnb,0.301799280164004,-0.6802550521160178,0.709397228413687,-0.30431266050968286,-1.0553596171772743,-0.6541821917537083,-0.8137138841645294,0.27062398722917336,-0.832708870124091,0.35594769044454855,-0.22660888442975083
26,airbnb,-0.2954531702441092,-0.6340712509960824,0.5163657683353466,-0.1925885487499124,-0.4142274900833754,0.032711264947246896,-1.016101677672451,0.3360371275133249,-0.8221495465017828,-1.3684288134331073,-0.4339297711057395
27,airbnb,-1.6535958390858572,-0.07893386970937928,1.5285833802247812,-0.12608575449436,0.0281445946416579,-0.7786043720656517,0.6510156442833134,2.0911522740273396,0.7630601336429639,0.20808686994013126,-0.014120744511575401
28,airbnb,-0.9303701415863539,-0.6781666537396271,1.7086164209478782,-0.7450470532279304,-0.8520444290378889,-0.39070238548235026,-0.30253295148226156,0.20334135681899745,0.5392466002730764,-0.5801359478059909,-0.331979832200277
29,airbnb,-1.1981194194779756,-0.4936805976214088,0.537859753156245,0.11542349654237916,0.5191876857189487,0.482935005611732,0.036319363848658776,-0.9012379343880901,-0.5878492658236345,-1.0784219637328802,-0.3939450017653675
30,airbnb,1.0351589234730316,-0.32384887502429055,1.0592843693932574,0.10076895481054535,-0.3525413171927247,-1.796060836517057,1.0932771009088045,-1.0471027223362466,1.1540836472769813,-1.1370152284189752,0.09501419838988763
31,airbnb,-1.5163578936109345,-0.16035501489039397,0.9581306043540102,-0.24493170210014648,-0.5008849066199409,-0.32547960307883345,-0.6597851248529191,-1.0132512935899647,0.9063737185883115,-0.30840948392199957,-0.42488944449524174
32,airbnb,-0.0382068842318982,-0.15833582362343646,-0.23848868577223553,0.014939501171308132,0.8440711894810922,-2.0767364742431287,1.5899837232274348,-1.219345814812409,-1.0120165232938725,1.4090965017685364,-0.018134597495641627
33,airbnb,-0.5470568389295101,0.2703677669895308,0.5998904521441839,0.10052012838087486,-0.27344489405679046,-0.8270718237312396,0.6472632858872792,0.7366275112005953,-0.42521323126393623,-1.6159614863614986,-0.23029068515599438
34,airbnb,0.519660181124749,-0.7798989535918042,1.272733396589303,-0.7089634583479479,1.719234770551278,-1.364005788681599,-0.5733089550505251,-0.03718155190471122,-0.23804060121286238,1.9950418307319766,0.25070972775824424
35,airbnb,0.5259703509862698,-1.4976465074175342,0.28655516462207364,0.1421841357176261,0.3331133828365449,-0.8968913485824582,1.4293815860969257,-0.14113623922204832,-1.5276387766224815,0.710935546437408,-0.018792876997181483
36,airbnb,1.8233559319908377,-0.8236663800513885,0.7043553357442073,-0.9752018218979593,0.6558378313923159,-1.1642155279290674,-1.3298974105726697,-1.781601105859694,0.41860134088240614,1.0725968315610859,0.14691488968734168
37,airbnb,1.6989385520770828,-0.9578774193363706,1.413169137110631,-0.26265771583287567,0.06368123168685864,-1.9338711317786232,1.8949984243054943,-0.16392795304005026,0.009625669406165068,0.354108896520185,0.3715069428755159
38,airbnb,0.9391644790594988,-0.7628686802215281,1.2011864812719184,0.20784076869724616,1.5162059449463647,-1.201087235042263,0.18524199763148913,-0.18918169288417128,-0.5446983920137345,0.39374909245558903,0.2527008294717802
39,airbnb,0.13400001983654758,-0.2517876448049146,1.2808776132180621,0.10641458192840507,-1.8623142227920715,-1.1996590467234083,1.0069803815826441,0.2997575273579379,1.0152657417529278,1.6929016529556085,0.2192331329798657
40,airbnb,1.081423119202632,-0.5043688149668856,2.3291321841121224,0.24793989677704326,-1.3133725671721628,-0.7318916689063701,-1.1007042620224787,-1.0952969140887057,-0.036245928301761786,0.13858640430662586,0.021714429029096698
41,airbnb,-0.6042822768261135,0.06227737749756381,0.13515351926274313,-0.6428642700415367,0.2841638990160119,0.2000377430520049,-1.7660233462896215,-0.8098101761441915,-0.008371534898998086,-0.42208389668625246,-0.3689991938581782
42,airbnb,-0.8523846571400446,0.06912133430756447,1.640055986700447,-1.143818115504663,0.3293347173874985,-0.4907414836444596,-0.5464881086487337,0.6338703410271656,-0.7555006003124114,-1.0432025882697422,-0.3288796390116753
43,airbnb,0.04169749205152141,-0.4766955665295975,2.1602820058440435,-1.1657680806313588,-0.6433835994791427,-1.2800518133575207,1.8641073351145785,0.5110167995571139,0.4414174563674354,-1.5433427847566499,-0.06324607606581756
44,airbnb,-1.5899820849729362,-0.03326751351027123,0.5327461221131293,-0.5850306236105918,0.25527556130868595,0.060326906136483775,-1.009246250215308,0.5474806149641134,-0.954941360463547,-0.3015507635865146,-0.4799779197500425
45,airbnb,0.3864098911220287,-1.49500550280743,2.549201498647289,-0.047586410361621624,-0.33673294443773294,1.1809946192580105,0.11188408676364185,0.3008652972540609,0.2904454779452644,-1.3355413885540453,0.07855118957374398
46,airbnb,-0.04691504596964557,-1.2462526438339419,1.6796124632402274,-0.46208145130195155,-1.266500649627343,-0.956868049470549,0.20847825913013748,-0.1469809262280313,0.9962503638182993,-0.34011424691427833,-0.18930829312644165
47,airbnb,-0.9123927807471922,-0.42790600929377465,1.6791293107896845,0.5360916061098917,-0.44486342372648624,0.30270037270120825,0.29795236172212747,-0.9345453118431862,-0.506616612788826,-1.1801716511239673,-0.2961526295229564
48,airbnb,-0.5846456435634383,0.41824062483844393,0.927829857136429,-0.8099604901427659,0.4628541829098984,-1.7346144844333549,0.1622815808633524,-0.8815332071875743,0.6452513217987736,-0.6601663644168091,-0.22042653141102933
49,airbnb,-1.3683760511529586,0.5688577644213259,0.27758285939288746,-0.28908483210111985,-0.726932075468734,-1.2686641007673787,0.558020299983124,2.0822045370872213,0.0474018728158421,0.4696077066674249,-0.14636065565966244
50,airbnb,-0.030539404648816493,0.6916831595871538,1.2122683132284247,-0.13539710532714894,-0.7257012467997203,-0.21620625907687008,-0.7539501431542615,2.6376018220399238,-0.5572176793686514,-1.700710368217919,-0.056527430634392535
51,airbnb,0.16930444234309505,0.8956653118918522,0.8327901933507574,0.05000040940656961,0.2755451033360601,1.0827985225663683,-1.606675049771061,0.2028728861923702,-0.7974231239327001,-1.4938271672670376,-0.04624255310945753
52,airbnb,0.7342351504334825,0.6319802267265273,2.071139135838326,-0.2287201964468324,-0.5666635434860705,-0.3821307930054874,-1.1711292483454474,0.21220962404820137,-0.0717301360184909,1.2521308776354891,0.3182988399637276
53,airbnb,1.7536990180728143,0.8488420303290185,1.4474828282011478,-0.4622952889594104,0.09337821389229417,0.03303893664820727,-0.8702211463949485,-0.6332999416376125,0.33798595815501226,0.9673469283705556,0.5596092017542739
54,airbnb,1.5671858811849928,0.46292287361910717,1.6752033945929825,-0.6330196835548562,0.8722019985898454,-0.25472553471602766,-0.006271532300159437,0.4867840689220851,0.5872380070084466,0.998803924270511,0.7080018605364101
55,airbnb,1.7430219701790792,0.3070770257459067,1.922316210015908,-0.4907128772941925,0.4593494757773608,-0.03135623439450421,-0.5717580551410271,-0.35550052339847593,0.2645341343530139,1.3456209285781873,0.6378074902191254
56,airbnb,0.9079424145624748,0.8513196876757068,0.9158827045449599,-0.2315386803271812,-0.4147195161781542,0.048921008048644334,2.086332799401563,3.2626031469047194,-1.4919194906222515,-0.08417979721154863,0.5539533694974618
57,airbnb,1.5476713045551493,0.2673172612511045,0.6101286235860162,-0.4371000550939705,-0.806059523988863,-0.6355716621263386,-0.8452820620112366,-1.049914874071081,-0.27483072474489356,-0.334221189187184,0.02926246538130257
58,airbnb,1.7914865889396159,0.37332796000198926,0.45942036299799827,-0.61669511531758,-1.6160865340660602,-0.4302886721997923,-1.1800828360213431,2.225713000874858,-0.19546446324439204,0.703000675208735,0.3182755624792908
59,airbnb,0.4328486800400419,0.4393173850974188,2.0373601369937453,-0.2959348039742467,0.044622884469046845,-0.6002230337595373,1.4650016475495766,3.262907610327493,-1.8336534814167151,-0.5809156133119081,0.33951880829958825
60,mafengwo,0.6979411865527975,-1.3229966908976836,-0.9491452469176531,0.7645362787690868,0.19619941494736776,0.3401559964267215,-0.06424235300512109,-0.1335712869665097,0.4996023772518606,-0.7931428094086673,-0.026074790486424946
61,mafengwo,2.0997575615049926,-1.2811062020875914,0.8766125357588028,0.6580175107908367,-0.9622902724984874,1.152564424202557,0.9502681489021435,0.018059538919882084,-1.858894314648777,-2.2599126610316174,0.07798089040167083
62,mafengwo,-0.8670962831163899,-1.3344610400241919,-0.9098801403903123,0.8799523444748866,0.6823174412240525,1.2767039926903014,-0.414241805743565,-1.4761342543995144,0.5855696187075219,-0.2719705898453976,-0.27328083196403186
63,mafengwo,0.0614468038131723,-1.4268828778501124,-0.08266278843072078,1.5882309119506997,0.5143405649017053,1.2373863098557105,0.024480096796605302,-0.10006944794699164,0.17173242430707722,-0.06080498848886092,0.12082223337943888
64,mafengwo,-0.2731321074731127,-1.8239022918157017,-0.3638763627034332,2.601915843849183,1.829517612958172,0.3028065560921377,1.0572577067338673,-0.28636281403915864,0.7409564348336349,-0.20640271271298097,0.22385604374980467
65,mafengwo,-0.11421085973972059,-1.5345501150145007,0.7179695280271966,2.784104300152556,-1.8656590561028656,0.10917255954356711,0.9631681637392953,0.03411256983253889,-0.04741838758138115,0.333148279174186,0.02509234401016527
66,mafengwo,-0.33559399777555254,-0.9386792373859518,0.11253084543604669,-0.5727854759732315,-0.7710495232481941,0.008859959967141144,-1.0592654012656146,-0.009303889727767429,1.0485819636742015,-0.1600495410179392,-0.2937748781298127
67,mafengwo,-0.11287527229863731,-1.3110930641850094,0.40101224496178317,-1.0288059116097295,-0.47557854822915235,-1.4331024057694812,-0.37296841048254553,1.0414847516683634,-1.0970226283068798,3.088999356317535,-0.1100568464237717
68,mafengwo,-0.010884100082978361,-1.590085964608731,-1.698395772971485,0.33647507776104213,-1.097438695701216,1.1299843568533101,-0.5565181482466894,-1.6805639349256984,2.800645861667143,-1.2220564571900687,-0.3268466875893523
69,mafengwo,1.5805600995840157,-1.3835577601427442,0.4011107695841258,-0.4655655818019828,-1.9324129100440857,0.21311522509369135,1.5206025020243183,0.06042497378841869,0.049894845171450146,-2.476157484779465,-0.1224039427560601
70,mafengwo,0.45076960198315985,-1.5828571605922872,-1.1288647034775632,1.0647191064621189,3.2987796027307645,1.3888731010386204,1.3723667997226756,-0.23961404712356496,-0.930648849529646,-0.375351867834624,0.3071390948437263
71,mafengwo,-0.5565735908816852,-0.3353492059498516,-1.1887680166797683,0.3734189947413066,-0.977222865137858,0.46780028734276013,0.4235802205925721,0.6529227308966478,0.7284720876263181,-0.3944688724423964,-0.16032209557211563
72,mafengwo,-0.5802010222759952,-1.5357225896041071,-1.4340722532413723,0.9099546874941101,0.288618418085004,2.079908986491498,-0.013966692526767174,-0.00794407571965729,0.49162799645311506,0.8236585808063882,-0.00166679905642751
73,mafengwo,0.24148137141698447,-1.3068231535443608,-0.27607625082309023,0.4600892244367357,0.2947641190908943,0.7484172494404835,0.013820132234092772,-0.06318935430997165,0.3283558438628202,-0.5992398126316653,-0.03166765526351423
74,mafengwo,-0.7155682938165585,-1.1583752088058141,0.2375654081724873,-0.6168006835036941,-0.12335425141781212,-0.018378224839800093,0.2635820150725219,-0.27240231489903105,-0.2928437666190105,1.342323545796466,-0.19690283126399083
75,mafengwo,0.06279915844353205,-1.612863263256587,0.09150344414452855,0.2960984965790502,-0.764727017211546,0.9112622181586754,-0.22954435080928332,0.12916788120448994,-0.6928980651337694,1.5981171704857662,-0.038004259673325984
76,mafengwo,0.25583150327292875,-1.3691492973959474,-0.2974948737696773,0.5167771411064032,-0.7648065090825309,0.3586358312579234,0.17023983067026285,0.14142640528482994,-1.0362417557017052,1.2570161808341256,-0.06143388019690154
77,mafengwo,-0.015900550378073548,-0.5661498620820471,0.17379068488114424,0.6132449282100141,-0.6853763897559817,0.6738525249259357,-0.35814695460540374,0.6279162342112696,-0.698596551492037,1.4323154554507964,0.08548411139842517
78,mafengwo,-0.12545480530766237,-0.24761878870993026,-0.6955689152453407,-0.6419840090467137,1.6499705696070182,-2.0759165057182067,0.16462940233286488,-0.07880235444226553,0.6049747996207617,0.4573491579907555,-0.05700806493062761
79,mafengwo,-0.04474617733501192,-1.1698541095135642,0.006565028767709927,-0.03608574728731789,-1.6258867372532702,-0.8839751136246627,1.2968723176122097,-0.16600919087203234,-1.3395987896251655,1.7222821964738013,-0.20137577549258037
80,mafengwo,-0.5190067093093826,-0.792824372742998,-0.37643000373941715,0.2660399748315007,0.5847125036509503,1.5759732183576725,-0.10232145363891684,0.22309067874971386,-0.1147964535923462,0.3558625822379678,0.012443130323057787
81,mafengwo,1.0745689690671654,-1.1288733634106736,0.8020759256892983,0.9639614944405959,-0.07623555601110914,1.0069351816692735,-0.6356934311969861,0.16821384629325944,-1.7886360390418012,-0.7949091423143778,0.007974168621670698
82,mafengwo,-0.5360235889677846,-1.266409178847527,-0.028980395680704783,0.35427779551976657,-0.8233215190615811,1.361366954597079,1.1700369395703174,0.4322095805423283,-1.0971017134161583,1.2174507942876833,-0.03187905955922789
83,mafengwo,-1.006347604697043,-0.48311937526011844,0.775306466202194,0.2933756734003229,-1.59511242992541,0.12935953933336364,0.2762710085036501,0.6244440209743403,0.2836002068173306,0.6355045391669438,-0.1568677120116249
84,mafengwo,-0.28219631431873743,-1.019738115857938,0.14288366009924963,1.412414124739541,0.6285568810944323,0.4698968358386129,-1.2236043788892734,0.1147842300570993,1.6760864795582135,-0.8070824949707102,0.011448270168994705
85,mafengwo,0.38001668060874677,-0.7321709479636531,-0.226265315989194,0.1934755343080701,1.104025193963147,-1.2035412960208833,0.02759014821236112,-0.1143849370466238,0.9291948106442862,-1.05898535159757,-0.03561937985631086
86,mafengwo,-0.5116317537640022,-1.4193355965894712,-1.0779502601098576,0.8430884342173761,-0.6109304380222235,1.3938606297352754,0.5378578135576059,-1.4506593359185582,0.19657497889694828,-0.5532984588068591,-0.31685660165243784
87,mafengwo,-0.728085666492849,-0.4178105403995619,0.28364494128903023,0.27131423364563134,0.11892759199951136,-1.1360113660684759,2.884254155691039,-0.8212043003535631,-1.163335175841736,0.722851905704549,-0.06925077383549698
88,mafengwo,-0.4793833861375009,-0.9094883535807614,-0.5281692321530107,1.3447682820463445,3.6890079982254056,-0.41859846683172314,2.3274758587139717,0.043131050727673495,-0.1350080048254161,-3.0964780334168274,0.028574197347944728
89,mafengwo,-0.03195596845177495,-0.9653667714407285,0.998774039551514,1.1817393998233363,-1.2964431158913938,-1.9925700067488024,1.599223160979181,-1.3158110824137899,1.0746204358498546,0.1190463298589721,-0.06796132983752941
90,mafengwo,0.5594016084840686,-0.41041220535432105,-0.3869080490377994,2.1556057649957183,-0.8445827100829528,1.5507450719344276,-1.799288822323646,-0.012106585182023913,0.6431549362288875,-0.4594370231610821,0.10462262526545028
91,mafengwo,0.7324720455046385,-0.6079843177526814,-0.5821708244950015,0.3116446466332791,0.1361088697526854,-0.28339432842010903,0.05706516948020058,-0.6279386331168998,0.68640207879637,-0.9780049031940584,-0.027213622369623575
92,mafengwo,-1.7089358817880815,0.44156712345893884,0.1233582815362379,0.7844594135326969,0.9939494018441782,1.3415678958901986,-1.4807992520381186,0.9151797843651549,0.44840804919331234,-1.0136551222516563,-0.16802916694078687
93,mafengwo,-0.1796315796607848,-0.0990734315487738,0.12960549660343676,0.8916578659603284,-0.3088048858860756,-0.9894666674031919,0.3102422076223645,0.6240291892625576,-0.24299023465544556,-0.5378220359106994,-0.09126652452388802
94,mafengwo,0.43148530230183024,-0.5015716586371861,-1.390539596520484,0.6283239670107499,-0.33407929263647645,0.7480276627209059,-0.5833137655086233,0.15194057416482085,-0.2108350163184047,0.435796550247356,-0.007660092777386823
95,mafengwo,-0.38686437729290535,0.2510655683540977,0.2633459740174654,-0.5870385572519281,0.8577200523032437,-2.210125739952511,1.7065226079655968,0.7372606084721828,0.10630841022295243,-0.8965711026286907,-0.0656141496296154
96,mafengwo,-0.6784195548933805,-0.5765343204393124,0.11080419484361072,0.2063202123929227,0.09415404697127198,0.7800750293076351,-0.12586580692602783,-0.8923615639194907,0.0893302783735198,-0.23756676920555903,-0.19645911150441223
97,mafengwo,0.638775822087823,-0.9875375801466589,-1.3202048180615145,0.6964376151397061,-0.21478010251572605,0.6727192818657156,-1.1289420969485646,0.2883965637002854,-0.6706049268867958,1.02640793424345,-0.02137644986065616
98,mafengwo,-0.004196962389660978,-0.6625845556156501,-0.73266183538093,0.5667544405761014,-0.09694286227198563,-0.037274059493505415,-1.3946277312466508,-1.3134210365349699,-0.12478212969388913,0.01946130708043257,-0.31900758246240546
99,mafengwo,0.21918019431162117,-0.18409331509618668,-0.33378647126691297,1.2143912956240663,-0.252010053773661,-0.6797874285251344,-0.14541470398500242,-0.9515071926863322,-0.42143438901822655,-0.2732088702343881,-0.13207088712023005
100,mafengwo,-1.00952838622773,-0.44583205601585624,-0.4347795608584135,0.06733401433740871,-0.7975698650495974,0.4610671487676509,-1.0266569106725618,-1.204979434131436,-0.7835399861150852,1.8383741445527242,-0.3668215521145411
101,mafengwo,0.4712353676617901,-0.376276257428463,0.49351918709227405,0.9869425462400153,0.280182603091165,-0.7922202224378804,-0.656424680346397,-1.445880587814757,-1.0582305650705368,0.29243865773503513,-0.09216191570405839
102,mafengwo,-0.5183208585442812,-0.46882414186085924,-0.2204293634591054,1.2955306169616143,0.21489327081537477,-0.09619929998219914,-0.707684837295725,0.28768497155331496,1.5722862702258922,-1.4943580158368668,-0.12348266239967022
103,mafengwo,-0.2703925127531818,-0.5634387511741771,0.9230527267141553,0.93322305740177,-0.3198596749565851,-0.09919395268838778,-0.6804152019482005,0.8336978479528433,-0.9091357427207782,0.5006785279460649,-0.04941279504376863
104,mafengwo,0.008008656721226793,-0.09113542009060285,-0.046835242587291194,0.42387047095231384,1.0798527288310966,-1.0247435482816964,-0.7832197914956539,-0.7609251582753768,-0.3960744310399905,0.2821207799324556,-0.08911532074964433
105,mafengwo,-0.6510809189697491,-1.189527627856491,1.6236906234026962,1.1309229795046725,0.43149212647115526,-0.3073643528558773,0.15955313114143882,0.1884796150641986,0.5906727351518235,-0.09991644065191872,0.02677190889108297
106,mafengwo,-1.4322449944038664,-1.1869560556991272,1.120367693523169,1.8329704846442854,0.4517103005636153,0.4978313625014078,-0.04506879598407138,-1.4522561185386809,-0.21085716377755176,0.6149693804453996,-0.17605816574476735
107,mafengwo,-0.20902769270755325,-0.9750026046595652,0.5299972886019707,0.6084022998285162,-0.6941525463687358,0.6319109781064596,-0.9990298333942037,0.49690938502430215,0.7829982376597685,-0.0676663164658401,-0.06748892874353922
108,mafengwo,-0.863919207092432,0.00503855073306443,0.27754487807775596,1.56492057689414,0.18386722573878223,-0.5311359387544462,-0.4110515007351804,-0.8216869274682853,0.7382651489544045,-0.702091142070065,-0.16198367073624903
109,mafengwo,0.22254033716818342,-0.451158202952779,0.9561110630732668,3.139730790559195,-0.3549341910445422,-0.5633473909472311,1.2048666923353128,-0.966650805327068,-0.14173366854959193,-0.050386520139044065,0.25009899316592527
110,mafengwo,-0.4615191619348657,0.17821037511502674,0.3157797357298067,2.835682268503472,0.2892438484634433,0.4010343236921435,-0.687616394593638,-0.9352510782105604,-0.6781189842408623,0.7893680269736586,0.1241554874924901
111,mafengwo,0.08469251938933856,1.25438997943502,-0.7582439861535396,1.5609966255536314,-0.330272751756134,-0.2591475173019447,-0.4804319999067907,0.4035078874849288,-0.6967832551369092,-0.15497857654268835,0.0720799283204853
112,mafengwo,-1.318670526745597,1.5179546929835435,1.6257736948848045,5.238438384988687,-0.03554913580125651,0.3722083241524992,0.7802644766255137,-0.7231495594965616,0.169253943291723,1.1913700262032072,0.6123979696220672
113,mafengwo,-1.5081657373178932,3.986545586508257,1.2248664783035004,3.846845033160037,0.08050894438679174,0.8679205126677931,0.9545010982305763,0.5217826909009772,0.22541762152456718,0.5587811489021205,0.8007936168020472
114,mafengwo,-0.4956980905876113,1.8062423604672142,0.36490881656188257,1.5795715038408165,-0.7541062869398679,-0.6652347767345314,-1.2734256540113875,-0.9058577883506368,2.1475211787659543,0.8609593297768919,0.2446260982164196
115,mafengwo,-0.10558032376007713,1.7424194405266786,0.7224962333152064,1.156673296386897,0.16568786932841836,0.48653739280168834,-0.8278820023873342,0.02710177295225073,-0.5164908548670398,-0.4347000187196807,0.20628508959488165
116,mafengwo,0.3451889546852335,1.8626465990636198,0.81678358749112,1.1695314160507324,0.1934556613441152,-0.15721004320930984,-0.6549035168670801,-0.6573248995020052,-0.2565008646748916,-0.7331881403816455,0.2318808795072736
117,mafengwo,-0.5882294912587069,1.6621578807607242,-0.7225670027827189,1.585750915526732,-0.3656288769863618,-0.13519903889944615,-0.48145461657446476,-0.3206234810260667,0.12782724861241676,0.2850812414545598,0.0658598539719915
118,mafengwo,0.4322865882510234,2.1760398813392996,-0.8047189734813728,0.5463658906616534,-0.8844194729656131,-0.6138535616072435,-0.32586327921435665,-0.09821328568253605,0.08935584646383142,-0.23983844572225244,0.129521267919853
119,mafengwo,-0.5343962653727953,1.5029595016663382,0.02978005491056519,3.783156276633731,-0.03309978240112606,-0.5408362580667609,0.13459701076870817,0.22036506100507194,-0.16217329551774579,0.9494280059344775,0.41650716834612816
120,didi,-1.4044077880821775,1.8580143920718326,-0.24865903552930638,-0.9441288349487956,-0.5060343840865283,0.2273105744407646,-0.6316642921095091,-0.4081894050684198,-0.4744754753993752,-0.7957915753160887,-0.41285923567215294
121,didi,-1.3102209274822523,1.780323963250949,0.2321663784517805,-0.44931525548744594,-0.1830753898227225,0.44754475239522173,-0.6649361517187827,-0.558228650636787,-0.6227264184948618,-1.2145398295763459,-0.35217663171157765
122,didi,-1.4538306141142718,1.2852707642584504,-0.3352725537803922,0.008923620303746134,0.5573273570472491,-0.11579848311289105,-0.22110883231776887,-0.819039291067418,-0.7339379502983662,-0.4957313904818007,-0.33393264861172506
123,didi,-1.0670750472313817,1.4893432306110952,0.21146853266830745,0.707839954727048,-0.5605712395073633,0.45846322070658047,-0.6786739488192688,-0.7476242676957946,-0.5051381542706411,-1.3220421345947757,-0.2966885530521073
124,didi,-1.305563117299193,1.2315883339007685,0.01291397165780606,-0.7771310651907012,-0.37327454497569545,-0.040744108028437205,0.2769010402175726,-0.5820182786053799,-0.6618294577567202,-0.9096697098502398,-0.4017765956773591
125,didi,-1.2701566265421074,1.2066984606947284,0.43063498390554067,-0.7367634530711978,0.09866714083659511,0.07407708690159004,-0.5072030924868421,-0.5184377951408524,-0.7107031061009059,-1.0514614448008233,-0.39366701877103416
126,didi,-1.04214888425868,1.1208158895679199,-0.26464430193224814,-1.1795128239691044,0.21400853760449248,0.298536028526566,-1.2481001255500572,-0.6755095441655683,-0.654715586992262,-0.8311507125503322,-0.4599582241612604
127,didi,-1.1865553787367735,1.0370680759018556,-0.36172324112870174,-1.092868741440699,0.2547613336992732,-0.2985644938587186,-0.6107919811545102,-0.6545265289702039,-0.9845073947860362,-0.5573267928579706,-0.48863803807609224
128,didi,0.6566167092855667,1.1877687777283736,-0.6807378997359669,-0.4482259205384357,-0.08311544478207956,0.032960001919580775,-1.4189548207128102,-1.2069801533838929,1.197306473048319,0.1318769640913978,0.09820391546442726
129,didi,-1.4741124478868934,1.4363804116930268,-0.5378543053449137,-0.6678528314567941,-0.12471770303079278,-0.05956561865498265,-0.17898137429488653,-0.48602125412864566,-0.6405835331667079,-0.36711947200886186,-0.39811074080389575
130,didi,-0.3665388287093565,1.1077833281611005,-0.9402194874647286,-0.9045041262393387,0.1678688152388781,-0.5869875862789138,0.09347842871745224,-1.075145550789192,-0.5437199175232234,-0.14371592329133667,-0.25364562252452344
131,didi,0.7675687050815425,0.30596186964055805,-0.5931238084136475,-0.3978593979632807,-0.004372980128899364,0.3958455523813484,-0.1534964627162986,0.52965442875661,1.3119691131606441,0.64020076005649,0.3623342252480886
132,didi,-0.005497165670862365,-1.32956170478134,-1.1477710396185383,-0.525547552746328,0.29046012629365514,0.8195993217901405,-0.009068956906957207,-0.11666978790154232,0.14401475946829875,-0.39989270484545175,-0.2219766478722847
133,didi,-0.07228754352746382,0.2402992311614084,-1.846637233256685,-0.6568184997914517,0.38256923533062814,0.2646880366501671,-0.28448995849988246,0.6180804439190943,0.0942384978187892,-0.6195538620228673,-0.16217847115957268
134,didi,0.029294716991074395,0.37676711226944953,-1.5195979692619976,-0.8667676454830788,-0.43018146553236486,-1.096258834836506,-0.11928863658419671,0.7077063317223085,0.21529302352560514,-0.7399562346076912,-0.2848630358951206
135,didi,-0.07089887705291342,0.20765960070250492,-1.832106816085134,-0.6540891910333035,0.3806541566048427,0.27622542755515644,-0.27876356611263853,0.6028039468121595,0.09527341673973808,-0.6149867957099902,-0.1634217598772749
136,didi,-0.35933484901630225,-0.06575105272763634,-1.8421966325754187,-0.639362082345865,0.4951367427887078,0.2319975512427918,-0.17281333927684395,-0.9276143754477214,0.35510935729472815,-0.749636114797423,-0.3302146062162517
137,didi,0.14294530776381448,0.09423623310414418,-1.736619301670227,-1.0492709598378074,-0.34396593303859657,0.18154992883657925,-0.29684699428112404,-0.711149312285135,-0.2780911145050031,-0.009203973728246967,-0.2888557074934564
138,didi,-0.9159681305803004,0.09188401282938663,-1.5079421892604612,-0.9501122672454335,0.41613314293169185,0.5432882093085792,-0.1757250088034224,0.6317824150578759,-0.014050865728513412,-0.12799035554822547,-0.27020260682600605
139,didi,-0.06731522163471884,0.12342829629243118,-1.7946089653198412,-0.6470458135929213,0.37571201795765435,0.30599933956803227,-0.26398577930684775,0.5633807284716827,0.09794417524541264,-0.6032008181283716,-0.16663024689070016
140,didi,-0.0704509201256391,0.19713068765124564,-1.8274195847394723,-0.6532087688532559,0.3800363892739441,0.27994716655676594,-0.2769163427619147,0.5978760445195999,0.09560726155294741,-0.6135135485122878,-0.16382282075395307
141,didi,-0.4479499773309493,0.31419798339650684,-1.4619321337474933,-1.3480658955193814,-0.3913400560332964,0.5871006438561825,-0.13881868946035977,0.8202869615928235,-0.5473022348210096,0.05333718317550959,-0.2608636344808404
142,didi,-0.4475916117891299,0.30577485295549944,-1.458182348670964,-1.347361557775343,-0.3918342698980153,0.5900780350574701,-0.1373409107797807,0.8163446397587758,-0.5470351589704421,0.054515780933671446,-0.2611844831821829
143,didi,-0.637291855988053,0.35934169729090343,-1.40827136910297,-1.1787508897392396,0.5156276310304945,-1.0785648638449163,-0.23905098225715046,0.5334347301631163,0.5028063864903007,-0.5124553354872807,-0.3214787961517612
144,didi,-1.9139689079883782,0.3329619724443149,-1.42253348733993,-0.7954833825800317,0.688020601652869,-0.5861184690723037,-0.17422396258958697,0.6770487825479468,0.3933996677263236,0.4622689819292566,-0.3927932287080433
145,didi,-0.9417673503295518,-1.4583667458646208,-1.7299128450031749,0.08086574405953394,-0.6601162480672637,0.2384680596168646,2.568823873508911,0.2034719630492969,-0.9125613298839083,0.1882840185572935,-0.3501839290258189
146,didi,-1.4577156936956364,-1.1732258085583045,-1.0312762577931185,-0.9532459222447242,-0.415786071756685,-0.7241648205760727,0.7682624063741834,-1.4438003405262307,0.2278765228989095,0.03934773756361173,-0.6849472201952803
147,didi,-1.5285163500384122,-1.343834703741827,-0.9462673682805669,-0.5750458320792379,0.313717389469778,1.1560850523222788,1.5345202019882118,-0.2542382050110637,0.16808733051863706,-0.6349228155434751,-0.39399050668785823
148,didi,-1.1837727554150612,0.3467784360599592,-1.3324670747988268,-1.2459229269055836,-0.3492723959350938,0.6086988341926792,0.07582108563463498,0.959492322733552,-0.2153533632910634,-0.2783078151214335,-0.362620356935313
149,didi,0.3409024013501359,-0.50596806800758,0.180340506289228,-1.7556484900253864,-1.0345722523030796,0.5310787980121034,2.8578253724170954,-2.711198663174157,-0.32180412760121724,0.5937730730513511,-0.05734117994956554
150,didi,1.1729032979773806,1.7148764053841872,1.1969335188198602,-1.2605053293390407,0.09520441400711473,1.4060153036854408,1.6912921700677122,-1.9133958221054812,1.6294154068985383,0.4235264779684963,0.7683242476885389
151,didi,1.1254580910282457,1.2247629127569928,0.7426907188568604,-0.29507234710096264,0.27117585966786356,0.856217357167847,0.5741563961945784,-1.6810045180177045,0.7971753784728189,0.6243545560777962,0.5768047164898804
152,didi,0.46300966462825427,1.2552868679962006,0.7982824633867697,1.4952689212414139,-0.22410694470401762,0.1836399026452825,1.3079419404693022,-0.811066394330177,0.8115341090260768,0.3036900066261214,0.5729984838427179
153,didi,-0.7200424147192643,1.4289035467617301,0.8682108337239995,2.6377610863150895,-0.7898157835665498,0.47417612763389205,0.24734531976985835,-0.7142719123650808,-0.20677526235929192,-0.558595339112008,0.13844889623164386
154,didi,-0.5503521450164456,1.1189811776308753,-0.22489747739215007,1.189115219276337,-0.7813943285532201,0.006531589257944832,0.07684955628318799,-0.5256173887007859,0.8914749912661782,0.31700409952304404,0.1023913525385938
155,didi,-0.7902539684608294,1.3025808643415795,1.0442971958028557,2.500476642612873,-0.5171779210368397,0.2897065843711566,-0.23474056945815885,-0.8326865181326338,0.44018823093006,-0.008619539785684865,0.19220019524704643
156,didi,-0.9988783090071337,1.4333601216768477,0.9177276330216062,2.2942392653645705,-0.34716670174656544,0.5266970356974983,-0.3197903789274743,-0.7188097182985096,-0.16797567895845658,-0.7484774722137013,0.03746903088427829
157,didi,-1.140117600681029,1.2793939821874722,0.28209126861103606,0.6546263882813036,-0.5067341344832357,0.1103656635626741,-0.010300030685418331,-0.824461617949379,-0.36225554386316855,-0.38968458853362176,-0.19012122746336393
158,didi,-1.1714249897328093,1.796208601744137,0.04233270080494384,-0.04227419055615627,0.46667529357142556,0.08432292330010845,-0.616764333407842,-0.6022231717090765,-0.26256689280545153,-0.7913191470067097,-0.19406599060637236
159,didi,-0.9783590724923159,1.4001560157871777,0.8381543531431582,1.1604016030796243,-0.041999773865422106,0.18276340229971944,0.3410951750184127,-0.6497196286286849,-0.500426987019013,-0.8509740528572268,-0.033846380418237204
160,didi,-0.8534993397324621,1.2871854850953781,-0.21815576837577944,-0.009577798354551794,-0.6397598550666721,0.08085650465575475,-0.15390160215525495,-0.7207982913912254,-0.36518575141036735,-0.7730936160751015,-0.28070116189622096
161,didi,-0.7505813507317206,1.2717787104010019,-0.2315632691002893,0.1364444495226874,-0.5704835201132307,0.5091071527034625,-0.45406236315753756,-0.7244364100272532,-0.34992439537879305,-1.169205576741465,-0.2776264387039963
162,didi,1.6285585762890316,2.4441212725334975,1.549449935547741,-1.953141153732427,0.2612981199955235,3.9530863056381413,2.06135562405113,-2.611616688137911,0.8788958572428724,-0.38901408842754515,0.9690473009502434
163,didi,-0.25014712033432374,0.829428413662837,-0.7809249254293209,-0.8241335378576911,-0.8292941036306007,-0.6760260821285047,-0.8140020546933558,-0.7410843349381727,1.5028898120032372,0.2355322858209526,-0.1684640707970147
164,didi,0.8054916389277289,0.4479522480167529,0.1987553768664779,-0.7551438752202488,-0.33045218590474246,-0.788103777725517,0.8624538218388457,-0.9606818574831714,0.8578830314998118,0.48898174914833903,0.22213823571583827
165,didi,-0.4355549867514109,0.4701208690763939,-0.3243134279158476,-1.070345626066873,0.6784407438892127,-0.009758676389234017,-1.0580930194737268,-0.8140594462048152,-0.4517572085192787,-0.6514699266052324,-0.34067511621129004
166,didi,1.0219876235337035,0.5410978957949226,-0.1915675479782851,-0.5487870997596797,1.5258486771902895,2.4234323576214063,2.1072664232846754,0.5724570143613686,1.6221319493781412,0.29066680542303497,0.9586885012669686
167,didi,-0.35443027907427155,0.6323838094347191,0.32437845911308905,-1.3321113420309694,-0.5024721925072744,-0.10015281706166829,-0.1873225816718851,-0.7397781365259265,0.08532501163625462,0.26775067648676976,-0.16317523962037248
168,didi,-0.713147533718976,1.0125354963883042,-0.14542908755434042,-1.183175847188726,-0.2413015093923989,0.02710255550239447,-0.6295894067064849,-0.8257918666781251,-0.39556941236400645,0.2113020487689919,-0.27916752927931754
169,didi,-0.7006053848905599,1.1665374995027429,0.018138987385512242,-1.2891784204780583,-0.1369496862672955,-0.05963924303016293,0.549726231846302,-0.7553164364265186,-1.0232041771428684,0.14528188693492539,-0.20993825225198331
170,didi,-0.5811706414189511,0.7812133333632453,0.5979795125123917,-1.2979111443251112,-0.03954855644012425,-0.5257449063657238,0.244617844918326,-0.841841053346098,0.6436057438414088,0.44754268865230273,-0.059622083497644154
171,didi,-0.7552599945723363,2.237799132603263,0.2826743769830041,-1.0788669124326862,-0.3636851112879216,-0.08985140459963249,0.37493361472410885,-0.8286374612269504,-0.36371814167601385,0.16127255134935248,-0.045697325644851086
172,didi,1.1270626560092591,2.797125162897217,1.0702566800106394,-1.3490624248496978,-0.17972157415704826,2.0797150511279905,1.595294680589808,-0.9945041605431197,1.0469162077370553,0.6644275041905622,0.9188509778540764
173,didi,1.1214209009776852,2.925013705902734,1.7989267306230654,-1.0951799674276697,0.5901254048929162,2.800742456447312,2.0105879202143675,-1.5479955852985001,0.6214604438204792,0.4751372849592303,1.0758407199158417
174,didi,1.104492271733887,2.5598800472504135,0.5096831933988843,-1.0247138084305119,0.5347129318375717,1.6843874654721933,1.771048108937379,-1.2410355448035748,0.3756656629127095,0.6969450032280499,0.8439731576069687
175,didi,1.1827854796767292,2.373768719211291,1.7383953780048964,-1.2090801766961492,0.27160778439014266,1.3725483113240087,0.9458087096633355,-0.862915453111495,-0.03208512428613256,0.8240449355753235,0.797375932420555
176,didi,0.8695649255085456,2.162031478633728,1.1335590855085236,-1.1050997044827366,0.39298432404859995,1.181227224586946,1.0743197452663102,-0.8436876427992726,0.22056001354008056,1.004099317628124,0.7223214345724359
177,didi,1.1247603792601806,1.5741035138863202,0.6684883518219589,-1.4107528803626515,-0.023220662037191076,1.0955392962739134,1.4622886306037908,-0.21519616765411154,0.11887332005382395,1.0135140475037925,0.6726304972406009
178,didi,0.9368081862577224,1.1587130822151515,-0.21419858488374185,-1.0999733542046954,-0.4834997300215665,0.5028176897042911,0.8263678431961745,-0.06237269518462482,0.8780900927563218,1.0039454111719817,0.4773135444810368
179,didi,0.5001867195432729,2.312379965489691,1.1231132762031788,-0.9861587138467173,-0.21728352565886389,0.5979263722767117,0.5277115601126877,0.4307164009389182,0.35074833877822564,0.7108790071291166,0.5853996858930879
180,tongcheng,2.086767255785613,0.20254315285169072,1.1101028666423354,1.392293754466201,2.3453690173327217,0.7641152341067328,-0.6914660913189814,-0.9164540006098477,-2.2159523013331217,-1.6416315613341892,0.41775645939461725
181,tongcheng,1.1461681309740779,0.3054656219844684,0.026261482622171956,0.6049672988168666,2.234500322558318,-0.3811417891717466,-0.4919078784644751,0.20535477125736848,-1.2264312924489063,0.03323230881958512,0.35534380640683844
182,tongcheng,1.6011828308585747,0.6132922258570235,-0.8612370891732696,0.4511874458295511,-0.7913992341310905,-0.6284402729807074,-0.06494306459878277,-1.1251107657556094,-0.3565609731649857,-0.41106122945851437,0.084946944969445
183,tongcheng,0.17420283903332778,0.5248486351707627,-0.30230464702196813,0.8408902004486171,0.9621856566462238,-0.09721394241657247,-1.7729896276368071,-1.2821803405173826,-0.7333141972816573,1.602413322598481,0.08147410016056744
184,tongcheng,0.9251719881980083,0.9193044666241903,0.07757490666069794,0.4829726617038698,1.1969374206321246,-0.9869801000540619,0.9657575771580227,2.7970169820688824,-2.3560492058228784,-0.6523137945672455,0.3503450311930085
185,tongcheng,0.44101930106440274,0.8357903006376358,-0.7408633766762474,1.6470317217514994,2.081346752297501,1.020431267083191,-0.6433152042189985,2.740634190648896,-1.2620131925360498,-0.07527595111408046,0.5332081113710432
186,tongcheng,2.135989309319416,0.32345711541672373,-0.4249160676311633,0.2052342469571576,0.07132924592973877,-0.14211020312371747,-0.4315498882987259,0.2820209243916967,-0.09806806519597805,-1.1550001172433457,0.3025030091219215
187,tongcheng,1.9564921611757167,0.5032012220554825,-0.6492837779435869,0.09487642319959286,-0.36986443804009494,-0.9043779259543023,-0.009926454677835062,0.35677559164234735,-1.950516010283601,-0.7174538214608269,0.0746152070245879
188,tongcheng,0.6465311224814023,0.11285385986690248,-1.1340150547205814,0.8145952599040129,-0.6057384263682872,-1.2227664283334936,3.114163715454353,-1.1656956883315066,-0.5810547173782324,0.9148350128288093,0.2055349502680553
189,tongcheng,2.718510699507615,0.5568385158446533,0.43235287140444634,-0.4281222446889484,-0.13525846824535445,-0.8839323322913577,-1.811368152342562,-1.0871260640535232,0.5181304483059402,-1.6577241271890506,0.17580020059913987
190,tongcheng,2.332402997032019,0.609938658149318,-0.45681499503861134,-0.4408961149043839,-1.7628564114581269,-1.1216457322505333,0.33155025597075405,0.5333643667850567,-1.4048960482899195,-1.1536519474411582,0.03612150253801309
191,tongcheng,0.7282784552795062,0.8245583262310133,-0.3615528531444324,0.7374815305238915,-1.3771081286448554,-0.35640155972599724,-1.1847515322791107,2.8488180796453233,0.6978333906449861,-0.7490589930496264,0.1865178040945825
192,tongcheng,2.183015718669978,-1.5497596339401207,0.08117197143505245,0.23230641473995778,2.47299658891943,0.5666318728178832,-0.9971990132003334,-1.9112809702375015,-1.9960577414744787,-1.0347372975946787,0.06277391564893275
193,tongcheng,1.8968000682130222,-1.4475435727164803,-0.33325341543128767,0.31699403671473286,-0.4942915813391768,-0.44747317112543455,0.6036303769398036,-0.45505499904330093,-1.8410069621185599,-0.8207804836603678,-0.09199701904594994
194,tongcheng,2.8229734239732096,-1.1216626386322344,0.34370432383654964,-0.09699362650088694,-1.8707477851253216,0.5498566391166896,-2.0465535632833496,0.3624503434304681,0.629025987734949,-1.7045527651869965,0.06566209976471792
195,tongcheng,1.0221947602254389,-1.3129430392157881,-0.31583531204099996,1.4946107743298576,1.4898386490577809,0.37706850783415663,-1.3739419758452065,-1.8299128664311763,-0.9803678630791347,-1.5909515100333005,-0.1835966645573385
196,tongcheng,-0.08372789126684571,0.649076605710116,0.27655906137824315,0.20684837192801803,1.8522197703490075,-1.9155945003493358,0.7623544564730649,2.087448209974644,-1.9628516223781174,1.1428971657555294,0.25604958745334166
197,tongcheng,0.3627371078410791,0.6445790723124555,-1.5877348081098555,1.6870947598653725,-0.48836634495964754,-0.30568425160068946,-0.10404654274874284,0.34017491146205786,-0.5204230445830366,-0.8229761398940436,-0.03776860427740255
198,tongcheng,1.6380410908848149,0.016346352120905364,-1.0891538529478368,0.6703288496901472,-0.9573226252006845,0.8651642310366777,2.111088235386506,-0.8489968382527282,-2.3241342064729773,0.16852928748777693,0.2204525925597129
199,tongcheng,1.170889505211686,0.491336860110374,-0.9355273131765421,0.20052909781962072,-0.04027742819654986,-0.044727364897640357,-0.6300367600288822,-0.8976674502159266,-1.2787968818205253,-1.1713239622560823,-0.12684389766235243
200,tongcheng,1.1783786214258671,0.5020219350206544,0.10455863180042353,0.6224784529408951,0.010226416789339155,-0.3057925900360798,-2.183520034750223,0.7963706837935913,-1.1689407328651633,-0.5125856084316781,0.029477416923579965
201,tongcheng,1.2041747649234953,0.009942158391256043,-0.5644163062249599,0.9908753445069783,0.20668269249115992,-0.876045657604637,-0.9608961536213046,0.05521487190348924,-1.3540901438960518,-0.034700652465561,0.020403366770849498
202,tongcheng,1.0192047456520148,0.4361769440746427,-0.8697808658586781,0.7927258040364377,-1.0908265897076497,-1.1892385315896437,-0.06748038724537421,0.20303208390518704,2.136749604847172,-0.7480603782726197,0.18082139343326092
203,tongcheng,-0.3381489037306667,0.702188447187599,0.16611225167582222,0.6025266495628434,0.33925090350893355,-1.2546104934444058,-1.1167130963044039,0.5790711627962877,-0.503812371886533,0.6937034743799372,-0.033715489233220805
204,tongcheng,-0.34968194602450403,0.510371534027356,0.44093150545565013,0.7857371930034396,-0.02955333379147918,0.5889798330363448,-1.1469582387670578,0.6724428354082576,0.0026665910907184348,2.543547203410189,0.3439129415259063
205,tongcheng,1.0285743788912511,0.20127938666503917,-1.3338209077576595,0.8498248214646357,0.9535369202968087,-1.3356141630751464,-0.0046590765165613075,-1.3242687653344902,-1.433904277291108,-0.03882695081561101,-0.04842891750442576
206,tongcheng,0.14783909504530696,0.47585952256464137,-1.1258986185438002,-0.36523653592058475,0.9216980381467625,0.1143781827923567,-2.065655348042779,0.2039615871902971,0.8686151005957157,2.23170306538196,0.22059604717054163
207,tongcheng,2.5694880121890002,0.24144304531224128,-0.42697580693205445,-0.31656960560022934,-0.8287884941714772,-0.6258671349653844,-0.5663312610707457,-1.220479776240357,-0.7264502538071146,-0.21899046769672248,0.1500281298589716
208,tongcheng,1.7434058373117987,0.3945821292935111,-0.29731682863160225,-0.9177212216537693,-0.5610269552386686,-1.1186720089059996,-0.7964252724199375,0.05450875789683547,-1.6717299777452177,0.8370187244535802,0.03746182032949993
209,tongcheng,-0.2119792829776996,0.5238492672889622,-0.41922849499606807,-0.12425092399027422,1.9504154321352845,-1.4902614200777802,-1.4627170024799776,-1.397082272557431,2.162711725450076,1.0051873461264262,0.12063291326545574
210,tongcheng,0.3441509407866014,0.023181677539040848,-0.7993761283813332,0.44762567234278455,3.593540977530585,-2.487432675197862,0.5038854752961056,-1.4207365386357098,0.04994257172683273,1.3179899068298642,0.27313245648524564
211,tongcheng,1.4529192788534262,0.7104777396356945,-1.500311077021627,0.19646427874911743,-2.0012546504417754,0.5428735584672708,-0.8728652449811156,1.1571694968231203,-0.17994132257287873,-0.5007998674927937,0.07033236460136796
212,tongcheng,-0.3332764694071815,1.9168291235837083,0.5035728133223295,0.16354375186821457,1.0604628450150166,-0.8198748807995218,0.24466213692756256,0.5855783314016303,-1.239715807895791,1.053628838784092,0.28804039216066324
213,tongcheng,1.8230824727691337,0.46348616851496244,-1.1606892692253683,-0.44492976504292764,-1.3689571765849606,-0.9765435277836298,-0.08019459940676373,-1.0078713544318343,-0.9201320054241268,-0.6757630389698149,-0.13339795016718795
214,tongcheng,0.04234494716699878,0.01565477642013326,-0.8870355256625706,-0.6098257846825528,0.36556870912209555,-2.7664856694409177,1.1647702411279028,-1.4446322898425505,1.168874011324334,-0.26785550445749284,-0.21062362875344137
215,tongcheng,1.4685832545365312,-0.17209364663437315,-0.12471468147672479,0.028806650570089513,-0.4736604819098369,0.39776828923411,-2.2993162101812215,0.34243113995793545,-0.1737109149677912,-0.14439515778335768,0.055041805327989475
216,tongcheng,1.3741854795053576,-0.35081656568258035,-0.8024987702796131,0.25934517900384174,-1.571992117742956,-0.7073755824792971,0.304818274879178,-0.6058983871852857,-1.3640421812064718,0.09633461716346041,-0.13042857259484872
217,tongcheng,0.2938244563771543,-0.06620351151479986,-0.015205196419484097,1.3881219384849053,2.251942816443405,-1.074273356357985,0.11000366592319372,2.431254747315595,-0.16290293306505507,0.4615892758872107,0.48670645803514123
218,tongcheng,-0.10997109782066791,-0.293719280620342,-2.364674803958694,0.39055606973828966,2.205816275740141,-0.2930457922039699,-1.069318109615387,-0.26708999216870694,-0.016762408774603808,1.886011198595084,0.06684694248948153
219,tongcheng,0.9336849939743166,-0.0981015970227439,-0.8060951165009116,0.11598588038845717,0.8003333554289453,-2.1507767475068853,0.749198123442566,0.1405627726107248,0.4164285041902165,-0.9516626666633339,0.03882685216584969
220,tongcheng,0.05293063155415749,-1.1386359140049165,0.9276301651781739,-0.8373001819837531,1.4601973399487722,-1.6393613664632398,0.3377196035558389,-1.79668513257017,-0.7552291517839006,-0.5604531859149705,-0.3309048105595494
221,tongcheng,-0.37722779276445406,-1.3911354662972057,-0.4979332608694607,1.0011378257836374,-0.15189104578896587,-0.4418341185179247,0.3628952160453899,-0.3918101457571621,2.2781416848804814,1.2403938849330063,0.1055277977192908
222,tongcheng,0.6343387124929365,-0.16791833378831436,-0.23784528069332128,-0.861655828274637,2.1382821114895374,1.352748080500045,-2.7719309751676704,-1.05297784323546,-1.4957518112371018,2.6609908180809665,0.17254051672809975
223,tongcheng,0.376162708007973,-0.06237657644650127,-2.1616102082776703,0.6336106296622386,-0.7058221923040987,1.3449779610750763,1.9213094284423817,0.7793761530146345,-2.213050995903451,0.8892881213142165,0.11105314410710196
224,tongcheng,2.0856111467905003,-0.07443082411707909,-1.0042938365645042,0.8645960192749896,-2.080786464973715,0.43232332620596325,0.18537754463188888,0.6120527356579022,-1.6704791692783434,-0.015440246673448878,0.15489113606449548
225,tongcheng,-0.21857839623146158,0.396737905363635,-0.7306699278144176,-0.743645364628505,0.05235231350090653,-1.1893146979277,0.48097616895867157,0.8270766611789518,-1.214219680221142,-1.4031767864768505,-0.37136558431769073
226,tongcheng,-1.721684218461569,-0.019691709885840895,-0.4055407015377445,-0.9875473383511343,0.22455287086690898,-0.6101772985757777,-1.0730211843428892,-1.0187353055193145,0.7247437208433546,0.4047114847216843,-0.5434211403994111
227,tongcheng,-1.3720671934986022,-0.16753118423144225,-0.7602321057524974,-0.32398886142948746,0.5080346046665348,-0.38158681476177275,0.5982930168109635,-1.1176395645016675,-1.3437569776204754,0.48013693860051854,-0.4634056870209505
228,tongcheng,1.1221880029156344,-0.11088690963822753,-0.16799430983239477,0.4315090049292906,0.8747712793438848,-0.2615815701970438,0.0483653807651448,0.16048659775400145,1.9678029823533023,0.5377865337212258,0.5545253349125352
229,tongcheng,1.7084710878109615,0.05413715119885071,-0.586873577802123,-0.4479516991833797,1.779616198909539,0.24972628847654715,-0.6797016602003914,1.6198913721454604,1.0968726335051084,0.08062180680989105,0.6248713266700068
230,tongcheng,0.8183604959456089,0.5124373068953807,0.08440928287729962,-1.2978448843375283,1.3938277601398943,-1.3564581299954344,-1.6590935222268055,2.2252454372673163,1.0722673550343493,2.124191416210081,0.4856035281237775
231,tongcheng,-1.753427658846796,1.0421022074196518,-0.2956914745949328,0.0838844284493255,-1.3201446867257864,1.1334258409394564,-1.3159605455441692,0.9694448854634989,-0.6971512233646094,3.1813527882899484,-0.06100282852673649
232,tongcheng,-0.4780943171169497,0.5342480037119279,-0.5450994000351367,0.06383839406830555,-0.0744555640387623,0.06895284894344822,-0.37368643101015064,-0.8398946333399067,-0.022745788627021136,0.6630507499550836,-0.0957143479496992
233,tongcheng,-0.4907367829074332,1.2455771093763965,-0.005420440222098882,0.7390784869636164,-0.2876662085083635,0.1406180958795189,-0.3210288305014439,3.4577060466188323,0.49044781899303774,-0.858184091976671,0.23636244535278228
234,tongcheng,-0.5026074523891951,0.5766780983538514,-0.3112575511313085,2.0702214725007435,-0.46779495905205376,-0.8703328797417554,0.24630528711352656,0.680405073985261,-1.2887789069933833,0.862961726968832,0.022255102440096465
235,tongcheng,-0.46256244541140273,0.07208095143867235,-1.8521393369950674,1.0307532303943818,-1.87507256531282,-2.6309214125330245,3.1635472216524625,-0.10495531164397982,2.3048168881917714,1.3530556637789999,0.092649887954263
236,tongcheng,1.679424487998357,-0.16351340269833153,-0.29713847277852673,0.3048362612126251,-0.049153675008668095,0.045575914025321,-0.20206926601036582,-0.11167464017788142,2.165231262109585,1.2368252102798456,0.6372229291086885
237,tongcheng,1.3131738357706573,0.19938585543937606,0.05940548714281976,1.5217801764116115,-2.452830635990107,0.42705810971679004,-1.104581739302868,0.6185224808145046,2.577554506260269,0.5725663220930337,0.4672382952691511
238,tongcheng,0.6892880438746894,-0.41351618192688133,-1.7050624494812714,0.7446454156558066,-2.0943008852410006,0.24085916239539423,2.231773814151809,0.22135984872072606,1.789829725210953,1.7278122174566863,0.4120253594466076
239,tongcheng,0.7086648759844247,0.15114811052010638,-0.08310503405004181,0.13914157868064583,0.5372217150023797,0.4564737449872314,0.4791951579885991,2.742457696654603,0.6149641053244109,1.6465505119706458,0.7155772840417309
240,shenzhou,-0.5377391345838417,0.23385424884192893,-1.1267198911985046,-0.23794458540787314,0.3534670678487143,0.34817208266198274,-0.19884825941166515,0.6041998663241195,0.18766803777263302,-0.3521514493183141,-0.12424308223470455
241,shenzhou,-0.06227695334130582,-0.5037970770551808,0.9844020063316767,-0.2720488470204578,-0.3905941816900461,-0.09688798116321065,-0.7156625968070284,0.4400322401527791,1.11903565428284,-0.07532964660129449,0.0027823896630424214
242,shenzhou,-0.21757312079573465,0.5433925002670567,1.1744542428121827,0.8219068742849707,0.16213808350044775,-0.051247110009358735,-0.4209666916207862,3.2000814112530636,0.09126499541839649,0.06949102036204616,0.3726070018315927
243,shenzhou,-0.6807519486197784,0.48397380047412736,1.6956390712518048,0.17378786541220995,0.03219234157994715,-0.37542174984325033,0.16647701760574304,0.9795471038241448,-0.8906575547246449,-0.4240538141325573,-0.020339770459604833
244,shenzhou,-0.7014114298230787,-1.2552002706425278,3.0469822215345426,0.48778193687661464,-0.3767339628770713,0.7491245678859583,-0.19517281917748858,0.2137689998830372,-0.2754417025193167,0.847988178335842,0.07162398785820778
245,shenzhou,-2.03885260784989,0.630062497745458,0.4537647167369773,0.39199618633081673,0.9455185421560076,0.8361857051777232,0.17992702991858686,1.0915018974813153,0.7056921411230676,-1.519794983858484,-0.13939758724109294
246,shenzhou,-0.988264593523453,-0.938504359101286,-0.036993889551000754,-0.9147307134967777,-0.10895565177823473,-0.04642088730617425,0.9129987072081782,0.0591783801260902,-1.5736284260035003,-0.10703143914943938,-0.46931227489706523
247,shenzhou,-0.6392490975168642,-1.0560712048431125,0.2581893540531776,-0.36659857964149256,-0.4733525617546096,-0.6622710391021738,0.573706130522988,0.0768230230544895,-0.269674268538216,0.17895265704690796,-0.3070301951409172
248,shenzhou,-0.8262461818323082,-1.4711870031816312,0.27952279631213733,-0.24232178517051656,0.0419423506981733,0.2478265889390768,-0.22717234416991366,-0.4528387332064725,-0.43833966299324245,3.110475508279153,-0.06342100346637289
249,shenzhou,-0.5866548939351264,-1.1346205435753345,0.0513828790807293,-0.621930492867939,-0.4229342052612467,0.7463353329764145,0.6547072062017381,0.09352334137272177,-0.7004712098484299,0.014082874864605304,-0.27013280551575763
250,shenzhou,-0.7844922951255647,-1.2109374678115548,0.36099754050244937,-0.5228511070017973,-1.5240617816233235,1.835052359100699,-0.04685083143213191,0.33923913255585825,0.13282851157450978,-0.6852621576647129,-0.34490545034524533
251,shenzhou,0.3069990513098353,-1.6217879783525453,-0.7784681456824418,0.39694402289646197,-0.8071078075380943,0.44400644602523576,0.0488071361685931,0.0652120346021594,0.022396427746049198,-0.08759107921222559,-0.18461235866776043
252,shenzhou,-0.6528808427682179,-1.0105048831595171,0.7539572389103274,-0.38001908917768984,0.5004761860076798,-0.3185039911036463,0.08861874422747869,-0.06065181675914357,0.6131261009491306,-0.3692625872040956,-0.17904103263759188
253,shenzhou,-1.5331898377206015,-1.1121858958312902,0.5057186568051749,-0.8351952291293865,0.6005347618491835,0.05679025786016492,0.34705404413290863,0.05718691296459064,0.6784216270742831,-0.5909042575255347,-0.3729609770760284
254,shenzhou,-0.5179635697182485,-1.5239256286002527,-0.045057892816440855,-0.43065737370366364,-0.5154146806223613,2.169111353662191,-0.6532831911712007,0.06962260123993845,0.24392894373014298,0.9925291908397236,-0.10747403754196021
255,shenzhou,-1.272259502526989,0.5619169538142836,-1.0147270357344786,-0.4805111074698622,0.5110143531824476,0.27257507177883195,0.03691536153609754,0.812807597506337,0.6535127805335271,-1.0508384863156952,-0.23817230381858012
256,shenzhou,-0.38742269693685866,0.24575448310676895,0.10156617710244503,-0.27788095324687095,-1.5877559377010833,0.4689215780997115,-0.37630579940176656,0.6630987653264002,-0.3389414450083499,0.4281712670096242,-0.1481979254784463
257,shenzhou,-0.7156809798350238,0.7385086625239082,-0.9950860544274077,-0.8112617908239634,0.530051849394411,0.6021321821956381,-0.10576446543150027,0.691748949213477,0.17340404525363365,-0.7238647374546886,-0.12850059738349331
258,shenzhou,-1.39906314275448,-0.02593591811420165,-0.7110512123566483,0.49751201410595514,2.101851385905831,-0.897424106390696,-1.5688846161528056,0.13255693810709537,2.1294829880898023,-0.43711629991942674,-0.16357665276398403
259,shenzhou,-0.47531539623305863,-1.320172640216835,-0.4328359691016023,-0.3866954023958785,0.38617141696125246,1.29532712970056,0.12423071145879225,-0.04216650469607854,-0.010349795178782803,-0.2234939912833104,-0.18407041403156196
260,shenzhou,-0.5251472044715298,-1.062245856331224,-0.3897627067644041,-0.49295497377307973,0.3714070061485893,1.35260959873547,0.11997786107057305,-0.033428156240240224,-0.035505400867492494,-0.21574876401375506,-0.1682221534384232
261,shenzhou,0.3109288053164025,-0.2427157089931347,-0.4657471441051415,-0.8274153695730077,-0.5402131268018802,1.0227082875784934,-0.0060132519688930255,0.2703828572818128,-0.4627309380152307,-0.27104319637605667,-0.08271252004894472
262,shenzhou,-0.5772173811046628,0.3242898266202443,-0.9770267542689605,-0.6098043217792409,-1.5348462993681453,0.4991005119809685,0.29957382376888564,0.8683460864181599,0.5916132015514088,-0.9655686985259652,-0.26949088600388516
263,shenzhou,-1.4101477780873934,0.49528671020624265,-0.5476243390941504,-1.097581281445228,-0.22059209487002993,-0.820545496771613,0.6565216086602058,0.6972993830829924,-0.21025538402379773,-0.5715677990393423,-0.42470913952419115
264,shenzhou,-1.6780365672411126,0.4015103053109208,-0.05551000471170542,-0.7361114743552302,0.6045459794678724,-0.2737618924443814,0.562616284036819,0.7101558694261754,0.5303686409742673,-0.8288411138314762,-0.2710991869927994
265,shenzhou,-0.8610226027470005,0.05698654996820277,0.01751346960485024,-0.5609251327327495,-0.25551452440615324,-0.27390404194455753,-0.2848712438719518,0.6642787224442953,-0.0030998145708406775,1.0210810647783808,-0.12880533584762624
266,shenzhou,-0.8905598453976183,0.25772265732678035,0.512091939651525,-0.7210463880553966,-0.1195533085550624,-0.11796763041566763,-1.8367684330812883,0.703846873419925,0.2788417291212489,-0.006348217795416647,-0.27983189138944164
267,shenzhou,-1.1664671000834277,0.362449542483488,0.6347575988739612,-0.49452021428461485,0.22489256829574794,0.6918589770939989,0.29110814816054137,-0.36464668095951613,-1.2414940703409092,-0.07781496007798575,-0.23490196554474702
268,shenzhou,-1.446647592823964,0.4096033727217283,0.6708080787634046,-1.1287862092194307,0.14166329810477427,-0.14970337499355738,0.31773204593223714,0.8727440985269501,-0.9938189724988513,-0.28804148563996596,-0.32371904980451294
269,shenzhou,-1.2725201716917558,0.30461549375428804,-0.5903717490068376,-1.273030653004383,-0.11007621397432032,-0.8305755253927564,0.5766754725231317,-0.8242913321876403,-0.13900898653921168,-0.41004190919673306,-0.5100567081557867
270,shenzhou,-1.0746775464866385,0.46049646594728766,1.3039941646629474,-0.9931381486678927,0.7359661029829241,0.6251371577509112,-0.6854119659986844,0.874205966228833,1.017659673945775,-1.3248968859282393,-0.0779817514665144
271,shenzhou,-0.6795971594160795,-0.36857997840698764,-1.6495159839036408,0.023282187466936687,-1.1699561668435825,2.961650669508324,-0.06769010347047019,0.34471833537881974,-0.06827782590560376,1.3809971071211478,-0.011015569099391874
272,shenzhou,-0.1568015794759263,0.28892392468693456,-0.38578518399608797,-1.0242455294610198,-0.4697044328439233,-0.8757082749447658,-0.21958110890026883,-1.0639491492834552,0.5802044518169674,-0.013193087220753356,-0.26045243796670575
273,shenzhou,1.1708691513563323,-0.11738671562899185,0.4067219617282537,0.8187783706471699,0.11268783659674682,-1.3633820349529027,-0.8635118234128103,-0.02732350917127523,2.0840263959972836,-0.5555846139044543,0.27657919426268834
274,shenzhou,1.0151394646757432,-0.07904665233633223,-1.468759481762134,-0.06614538942618922,2.0923086698720397,1.006151242290464,1.4564508835253784,1.9827156908558834,1.493870509803513,0.5737191519221511,0.8213967090246567
275,shenzhou,1.5574880191401894,-0.20580504159479987,-0.7295171945344441,-0.07248987748417142,1.9597555390786223,1.5417641848325254,1.3642838669053619,-0.17425563097690988,1.677904765089996,0.44712074290011494,0.8562082546114063
276,shenzhou,1.3737598629518202,0.08126948278730996,-0.7903069160426243,-0.08892403299444682,1.8760265682348571,1.6934352072930596,1.453644007130904,1.404140017264335,1.507342219769041,0.26167117491054626,0.9272879429591107
277,shenzhou,1.5487961419722605,0.04487495455609886,-1.37562768199795,-0.25766030215180424,0.7547045332490153,1.8674806895471985,1.5260059522779637,1.904373251644449,1.4788265296381304,0.2641624601303008,0.8500210780124453
278,shenzhou,1.4164170891730485,0.041841437447885266,-0.6018864635972461,0.039157269494711044,1.8274827910509708,1.2649839725275,1.277157300651833,1.3628303207265398,1.6263196717824326,0.39356772439858984,0.9233171781891099
279,shenzhou,1.2880211926792775,0.2915309135522153,-0.9240606582042421,-0.22156002578099246,1.1771248963639684,1.355088196138867,1.6461051483109879,2.185156631486496,1.4430189497453678,0.2639341894814894,0.8841928453079856
280,shenzhou,1.307485801552084,0.062329834065533024,-1.2601521773058206,-0.4724115287893042,2.174037654786847,0.8920740086090527,0.5495595443477735,1.0016812152654684,1.8258938873502535,0.5467489014183063,0.7632596452748995
281,shenzhou,0.9317156493044965,0.14921638038042495,-1.781356026277144,-0.8228603011505334,-0.8594128444698217,1.1814606116522575,-0.47570348888599373,0.4718141372953825,-1.9847837374701054,1.402622394093253,-0.014203094277934127
282,shenzhou,-1.5568100404916214,0.3587881432088077,-0.5268161772108938,-0.4866777593063397,-0.9491673224925203,-0.6713018439843641,0.8976039789147031,0.7238909220089922,-0.7736762364929742,-0.28127053059684476,-0.47541689182508906
283,shenzhou,1.6695548859398657,0.028946177875397057,-0.014941451278389018,-1.2473424521451502,-0.1446559379392842,0.1905286553213558,-1.3051935883521995,0.35169778539599433,-0.0597639045447614,-1.3835917387905337,0.00766169073313532
284,shenzhou,0.5692910756771228,-0.04443603857659073,-1.0954767172379634,-0.431719029017114,1.5349848670086008,-0.20285694279852512,-1.6074373093981427,-0.21306960153500215,1.2577242921299217,1.6900137345081454,0.26683414413841056
285,shenzhou,-0.8005807429984222,-0.040837322290941946,-0.15740638475844268,-0.13017240557303564,0.49750224778000096,0.4335382909098416,-0.335680140044409,-0.7151522485111178,-0.5095046319174151,-1.2570072198578979,-0.370545317456652
286,shenzhou,-0.4916256076862163,-0.6899617763648141,-0.425875598816102,-0.28408831656532674,-1.3245663020119176,-0.7907965473497324,0.6362534234327198,-1.2556424773218742,-0.999366853313028,1.7172297953810887,-0.3556703541706797
287,shenzhou,-0.7019336316545131,-0.6904379989865225,-0.7047990687636827,-0.9917781555005661,-1.6239632376827802,-0.5024560187040743,0.41631702026312867,0.20011799172460448,0.8539707010707107,-0.5196846830016574,-0.46977879878626533
288,shenzhou,-0.932088977339631,0.10480925880596519,-0.6553873361370026,-1.0002408286618691,-0.3120090422692027,-1.2726028893934787,0.4189538942295243,0.6117398301467909,-0.13113117739171629,-0.1732287349125739,-0.3921530188311547
289,shenzhou,-0.26500903209393945,-0.16712131564220462,-0.9927800406094698,-0.29709487667421963,-1.1353693560838412,-0.0427362811894181,-0.04195981464771008,-0.6989994306910382,1.1954269704615743,-2.036617627671421,-0.4397197541521644
290,shenzhou,-0.7526398062374758,0.24888308564478037,-1.7584207213044059,-0.6700513225933277,-0.9330884591138583,-0.5856362152098598,-1.0563040215984725,0.44435121967806707,-0.6254777741149841,-0.5416868933148442,-0.6245711161363504
291,shenzhou,0.144780285404867,0.381039119259585,-0.9962875963027819,-0.7866124360729242,-1.452342827019604,-1.1285785727827837,-0.31983595721527724,0.4072336309611351,0.45138489757613653,-0.9883159465121496,-0.3549257075951087
292,shenzhou,-0.6013660731383118,-0.07804230174861568,-1.9310982136490735,1.0488907754787924,-0.18716289757614113,-0.3747134577606639,2.3691887989804568,0.6527165685762873,-0.3220124331306939,-0.7138374228412397,-0.10260747269563253
293,shenzhou,-0.08410690145277007,0.11314533366838156,-1.0235382004148206,-0.25431380002020715,-0.3197575504979574,-0.3638036175744573,-0.2586872885129792,-0.7450207964040545,-0.11215349547360785,-1.4005132543605976,-0.39517989961496136
294,shenzhou,-0.5676480629150548,0.05969508049231512,-1.0600355623702815,-0.8565420703494337,-1.140997837101365,-0.008220841720165302,0.09518916886155696,-0.9262735148230077,-1.3978635523724898,0.23035879920055177,-0.5208547677177497
295,shenzhou,-0.641963008279175,0.1865307289599794,-0.578791422466809,-2.061729687035193,0.06486183457055364,-0.5519420868863147,-1.0289130776038329,0.30470283486980526,-1.1737684938759205,1.0925280356396756,-0.41175684018817615
296,shenzhou,-0.36441659283896716,0.38407726250427854,-1.3223829642110891,0.19785529756699213,0.3577081505126373,-1.2223757673761035,0.373529937372899,0.6199487951969084,-1.0834112482131242,-0.7845199089870329,-0.2944140446060316
297,shenzhou,-0.10033020204226764,0.2162420220423041,-1.2336370855091436,-0.28618232929293896,-1.1533704904095812,-1.4571664582766826,-1.189454736083851,-1.0834358106220583,1.4537003291952857,-0.37820775992136413,-0.4200436688863988
298,shenzhou,-0.09544265271882352,-0.1798653922014482,-1.1286896506117197,0.19635706695447847,-1.878421651560458,-1.328759407366371,0.3321206623729561,0.2429871958254968,2.2751076726779753,-0.46187750920985576,-0.1861860690459083
299,shenzhou,-0.6433554805275409,0.033571839743304376,-0.09631554679401667,1.0173672110635867,0.08736517972061056,-2.432767683597743,0.4785520589223703,-0.3133729310165104,0.807064414904573,2.9260010118625877,0.1631317399297543
