,App,0,1,2,3,4,5,6,综合得分
0,zuoyebang,-0.8511168793239509,1.6043824830061664,0.3501881751803449,0.5113886116217548,-0.2257266497980423,-0.37387275891911287,0.12198201362748831,-0.050046030432830485
1,zuoyebang,0.27145121653071996,0.9494567451366391,-1.4794473390496798,0.20658845076754753,-1.1329622261488115,0.8629248025087727,-0.3436566528709589,0.03155944585983848
2,zuoyebang,-0.21924590930944945,1.7878627828100244,-0.3144140543399102,0.44764884926781007,-1.1401491847084626,-0.15416071022208544,0.5999995965192488,0.08074519307694586
3,zuoyebang,0.034894565603572715,1.3141430336982942,0.1309755191962966,0.11713320964250214,-0.7581960961898626,1.7776654517862924,-0.9451834246134371,0.1630480038440077
4,zuoyebang,-0.1353126192254766,0.6747132919687565,-0.2481696663804978,0.24873990523701103,-0.7083266156044166,1.1011402307167584,-0.8564080697388798,0.0060203089469762295
5,zuoyebang,-0.39775736439254317,0.9206605743360848,-0.22681315875452607,0.26352161025392473,-0.3277253678218281,-1.0396959026237609,-1.406249296849374,-0.21863108605353584
6,zuoyebang,-0.9633179461925998,0.5496351862953808,-0.912172017387033,0.4183309154633142,-1.113436893677055,1.4068760412800956,-0.057845112247972195,-0.2794782128341206
7,zuoyebang,-0.752265672599853,0.9460765913557486,-0.30034631227571507,0.4786935600550872,-0.460281568873522,0.3961954997822528,0.1377064013485627,-0.10226837077080499
8,zuoyebang,-0.4315674725950523,1.096586631503526,-0.24650579993914787,0.3263395671363044,-0.5806361342155486,1.298045588287934,0.16239053155838437,0.049447693472693705
9,zuoyebang,-0.3935214036431382,0.927052123033453,-0.8662978503879798,0.2844452724890737,-1.0012432737545363,1.1252987201032645,-0.12306599838680483,-0.08705699225338707
10,zuoyebang,1.0561282290397709,0.8786830864329687,-0.7866931385810814,-0.018279302677780412,-1.3711366668833456,0.2821712990663021,-0.46824620169338427,0.2415095634921721
11,zuoyebang,0.08566783547209249,1.2090358038997333,-0.25532854214397066,-0.06653052479647918,-0.8289354661646846,0.2847774958212493,-0.6299957821658084,-0.00045671068455102815
12,zuoyebang,-0.03559364806971192,2.2339432088398365,-0.3054147301744182,-0.07113602466875392,-1.1125773126063447,-0.20768909702452013,0.24271740999981165,0.03595076848777066
13,zuoyebang,-0.2304856352786105,1.7275778486994495,-0.3176037406252918,0.5924303565921122,-0.9304888808847559,-0.8139211222921621,-0.30566634498102113,0.016324250738900575
14,zuoyebang,-0.35979391531645016,1.9527319411121837,-0.27599072125291224,0.35689106447438196,-0.8956265039201671,-0.06367709453785866,-0.226550223012411,6.896965886580112e-05
15,zuoyebang,0.5040661505165449,1.6221025087061993,-0.25339752355422906,0.18053052661953742,-0.9223004360078353,-0.6546200405678352,-1.2279187370001254,0.12647835424479753
16,zuoyebang,-0.7051940001508118,0.5527072550329689,-0.17681862677749915,0.08077864075256135,-0.5967372422970836,0.33740845705945205,0.6095158835606065,-0.18825456793312903
17,zuoyebang,-0.209325152631433,0.9544806776670196,0.3444914649639237,0.015309389778913001,-0.6500781312071193,0.8862118096024588,-0.6964714243521682,0.0019159903546703064
18,zuoyebang,-0.7167977751469228,1.410293986711369,-0.2759505102997034,0.10213967405380403,-0.6055906702641263,0.22527565907590189,0.8479778737220665,-0.11555502503807401
19,zuoyebang,0.039771896195532286,1.7033120224559886,-0.23522286950221022,-0.1464603281472494,-0.6106578251422667,0.3328251445979318,-0.48932513216564133,0.04090492473023351
20,zuoyebang,-0.45851352839033294,1.5370774766872732,-0.31441148180382267,0.04893509897113259,-0.8447647558606204,0.1838336859901093,0.412535662738747,-0.08259616348196284
21,zuoyebang,0.3067111449428533,1.0293762666724438,-1.4931047702645586,0.05083114469765965,-1.4542652229860114,-0.027641717765396253,-0.2326639558556594,-0.07357341856216947
22,zuoyebang,-0.41601888977784074,1.28832141808474,-0.21962096945580412,0.1385075236313455,-0.6986264246020351,0.3522955986275165,-0.16640605035104128,-0.07219971888837232
23,zuoyebang,-0.027220751385025336,1.21695259123169,-0.8641637568491207,-0.1345561316626187,-0.992789507625731,0.8971976304753544,-0.7364272752771178,-0.08861455736282974
24,zuoyebang,-0.4204754354479505,1.5818037062994377,-0.932344638018866,0.041415500477074305,-1.0614010279044321,0.04729475509109915,0.511869358747051,-0.14567296625012877
25,zuoyebang,-0.8762849302176867,2.2828024871063657,1.4894930198614615,-0.029824549591182595,-0.22666254035646313,-0.027636583597694327,0.2605475860260827,0.00739472431895876
26,zuoyebang,0.4381416143320217,2.4160897088251874,0.36229020225166364,-0.0682483957033657,-0.5537179971101768,0.05783767528063571,-0.426513764092842,0.3058759579848725
27,zuoyebang,0.17812754177346674,2.0753292663454754,-0.27290418806489797,0.3532109791196324,-0.8862678223342305,-0.2733056512813233,-0.26882230008387925,0.1840232996694084
28,zuoyebang,0.17651544336849903,1.0830185111190564,0.32527752477032407,0.07873815507707477,-0.5516848603713538,-0.5687858837490554,-0.04259573506671516,0.1104110915596278
29,zuoyebang,-0.7366819822757381,1.7282239489045848,0.9219750590349639,0.22884191520150118,-0.1648937587823498,-0.5322987693356549,-0.5217756281714021,-0.0635221745334224
30,zuoyebang,-0.7582772500354393,1.99750162960688,0.28472829627032864,-0.1015332252854321,-0.5427266883131552,-0.020826280293782775,0.19791249879846484,-0.13339517810096985
31,zuoyebang,0.19468868021169716,1.853274030519384,-0.28723837537150604,0.4519666909095262,-0.8648805321762147,0.21584531589113237,-1.1117999748054934,0.1742638786544683
32,zuoyebang,-0.5945990674733427,2.295037866620507,0.9391120371594326,0.41623245803779385,-0.3953859504092453,-0.10042225961328044,0.5288288853888578,0.16284048499338558
33,zuoyebang,0.6323800608778486,2.330479335719707,1.3754330784921827,0.12669080904723712,-1.110424455861765,0.5990634951000993,-0.36591558212128084,0.49918631431641364
34,zuoyebang,0.6250555653037414,1.582489986983222,-0.8400935246082721,0.18980025760116973,-1.0170865280266095,-0.23286237350959227,-0.43499461839385833,0.19026305776370056
35,zuoyebang,0.49798545161006924,2.486237871950496,-0.19622438755763963,0.2191163110625814,-0.8708782989254379,-0.19035599207786313,-0.5309324951841716,0.2978373041193368
36,zuoyebang,-0.3101589380957999,1.6862212141076847,0.44449084845408143,0.41880228417953064,-0.6823117776741516,-0.14596960749350246,0.29466331561184445,0.12278223673483447
37,zuoyebang,-0.20047348264197973,1.3291613685893264,-0.24102745437479772,0.31738091460190093,-0.8578571768529883,-0.4609543481027803,0.14948989008258476,-0.0035016021034549156
38,zuoyebang,-0.18306370978127273,2.110949887659518,-0.3196420302840961,0.30757450960327376,-0.8846775657008012,-0.033321609691276705,-0.17492531645979809,0.0673897690752062
39,zuoyebang,0.02943342266710157,1.6982728314823305,0.8173939379676157,0.543879477612032,-0.734979496267027,0.752174964845713,-1.3594652671807683,0.2581794353357941
40,zuoyebang,-0.22030132092125954,1.127874308493766,1.7623751085055663,-0.08290929164185835,-0.23466246739432212,0.3661671501194285,-0.5600244747353105,0.12640891404257823
41,zuoyebang,-0.5708616672090336,2.005433023561897,1.5684460063883883,-0.16838127634075473,0.031090422276938912,0.39228649458555453,0.33269612542015886,0.1246065296465451
42,zuoyebang,-0.41358694048641703,1.2937374432853772,0.4825875031927865,-0.6193724716670711,-0.539799124000387,-0.010256744729694126,0.21776250900088462,-0.17482230262490206
43,zuoyebang,-0.27652381987990315,1.4350795015902829,-0.24744627294022886,-0.525141676182896,-0.4989714853969175,0.5202460042285111,0.2919772893281897,-0.11036736635576326
44,zuoyebang,-0.24026134228451462,2.0185693850009296,-0.25675768725584436,-0.533686632894692,-0.4359617399777236,0.3485984731740017,0.14797979364389963,-0.0666351225220894
45,zuoyebang,-0.5720143234301289,2.6018885767395163,0.32530448062957906,-0.3897150976557376,-0.3860998068715146,0.041219503716453505,0.12603824672463806,-0.0666632597049281
46,zuoyebang,-0.8660555265257398,1.947560692270559,-0.27403994499549555,-0.018442404023736116,-0.7652493289611911,0.24765920877513448,0.15059285268900305,-0.21035669377094535
47,zuoyebang,-0.33775366173831334,0.31323858613233735,-0.831828147927339,0.08912207715538273,-0.8203707358209812,-0.2720203034059481,0.10979959724101106,-0.23318543060945876
48,zuoyebang,-0.9185694266593744,1.2717511437138875,1.3605237466659648,0.2663299568098547,-0.3405992809001223,0.14365997326887647,1.4403991290420775,0.04556020652457897
49,zuoyebang,-0.43783991102730685,0.7140773215612175,-0.2211428086227857,0.3545242722318236,-0.6588010550097028,0.6472551424977749,-0.2821549437432252,-0.06057162470388282
50,zuoyebang,-1.0587744228103322,0.8853395338829968,0.4148962403567221,-0.9789448401452963,-0.1713238654731852,-0.09545395363273104,0.6968845144077321,-0.4724237324366624
51,zuoyebang,-1.1862729535532086,2.919147311059059,2.2258636153684868,0.21974291533933804,-0.37998571094546274,-0.9366377161009714,0.9434260858311585,0.0440075791595341
52,zuoyebang,-0.6571453356984877,0.43763576503115126,0.42426190361926686,-0.3175015720536711,-0.44149550683039884,0.935422696616899,1.0680419727328228,-0.13386896361033612
53,zuoyebang,-0.8605734059923704,0.844053977505246,1.525029548383428,-0.8579587179334168,-0.3154932716265027,-0.711172052692551,0.4394594443949699,-0.3509776853552593
54,zuoyebang,-1.2728790297016848,1.260230193035073,-0.028228149105851575,-0.7311223702252694,-0.5300622752439298,-1.7794697897852283,1.4365404111256452,-0.6022599201509896
55,zuoyebang,-1.1739269275549757,-0.18957145172303094,2.2290877530611612,-0.7390835709369085,-1.132140482538354,0.8400340506648696,0.15815743653629225,-0.43857216319553904
56,zuoyebang,-0.33419875604537364,0.3242080362189255,-0.35371116639992956,-0.8093733055448064,-0.9765281859315151,-1.8142402874104686,-0.5842029487381248,-0.5747207931392563
57,zuoyebang,-0.34187383741717703,1.0983337220655673,0.10449721783876163,-0.5044793578629967,-0.6393562244738663,-0.8161353043613901,-0.9181846843014079,-0.31617975160274203
58,zuoyebang,-1.0936615908239395,-0.031746648835461855,-0.5040077425654392,-0.9403091119199061,-0.9257716763339842,1.188122017750731,0.648694362620112,-0.6153317625653681
59,zuoyebang,0.1791551625709354,1.2932178732178023,1.5653516291031693,-0.9635466968133337,-0.6616616663056457,-1.8104057219520147,1.6056840204914788,0.002646063568770415
60,baicizhan,-0.6183863721988909,-0.475879792765606,-0.48291412700489034,0.09794150849497969,1.186124102156239,0.06912479871586301,-0.11388403132215782,-0.17712168538425163
61,baicizhan,-0.8504297248770303,-0.3979409886938483,-0.40046659188289385,0.4795635460299689,1.184906961188187,-1.4089691109112128,0.4379656228788594,-0.22482047098262797
62,baicizhan,0.36563937627506876,-0.11148693146331139,-1.3204386792812404,0.19096411730841797,1.525087651951108,-3.683274989865564,-0.032799567433681016,-0.08612560999234087
63,baicizhan,-0.7194006099335448,-0.22554888410095475,1.6832277509674216,0.47414908529821664,1.1732894140465862,0.443646551507051,0.11557520778847925,0.13575578800507612
64,baicizhan,-0.4856386267783887,0.23101585064791602,-0.17333377613498557,0.5648290174992905,1.8322706786871263,-0.045495925437704844,-0.8705202153242443,0.06955336117036158
65,baicizhan,0.7639698068354247,-0.5556023116358132,-0.4955480848862308,0.11552073321460127,-0.9261662769424766,-0.41810160619349274,-0.17589816457495258,0.08134070604387736
66,baicizhan,0.6928002407936938,-0.7386353059715922,1.395762806291468,-0.2071142266342159,-0.6786970782480244,0.9312624287560646,-0.26688898539269384,0.24846564580277972
67,baicizhan,0.9610635208847614,-0.12654822900456064,-1.3166884556855138,0.27126893970499005,1.2817018740561537,-0.8918684533997914,-2.8053906894885516,0.1394088106899396
68,baicizhan,-0.11114115588873197,-0.1206815215564657,-0.3580334276230243,0.2235430460042385,1.6927736186821396,-0.9148880032963536,-0.6616902132953689,0.012500554002928826
69,baicizhan,-0.2989715044371142,-0.9540642255682364,-1.3861185965572245,0.803228313437721,0.41332792114942857,0.0186881661401053,-0.18274116636513726,-0.09551882303069478
70,baicizhan,0.8064659747011487,-0.7700574480080392,-1.5493896770002156,0.3915082402889132,-1.3056468468737266,-2.500319656969965,0.5307747050772321,-0.08943640279116692
71,baicizhan,0.48884721488197297,-0.189565569224936,-0.13711072604760235,0.2102031339215505,1.307169764772942,-0.05414361032027425,-0.32592802917658165,0.2869557668441139
72,baicizhan,1.0475704437099091,0.08936726788454817,1.8456524116303903,-0.14113928431951384,1.9526532357366877,-2.2370123030801112,-1.101280677510528,0.45272492600137226
73,baicizhan,-0.025437782140231655,0.017389514668972934,1.523241214697526,0.4796055279107391,1.2960811089281352,-0.0953295204163049,-1.2287896544153223,0.27227177532354646
74,baicizhan,0.722594844331301,-0.9046705824958327,-0.09549197787489684,0.788374550838857,-1.4472635943302894,-1.320672549335661,-1.3603963127654268,0.042210715044872546
75,baicizhan,0.5181560098797251,0.6036396847640765,0.8047714280784515,0.11136064008399943,1.7115734961572664,-1.5012699298724832,-1.7497426620560885,0.2633333050304777
76,baicizhan,0.24240518891163587,-0.6227660240801666,0.34718922197863644,0.3842657128050627,-1.4311738805631449,0.24536559043587158,1.168348609593469,0.12323407720797386
77,baicizhan,0.025089703600963797,-0.6956165182880307,-0.6034958568596773,0.09088787763175345,-1.53865149814861,0.15476857531995947,0.5802074955844203,-0.17190879952638635
78,baicizhan,-0.3891966257918887,-0.8108836793106169,-0.1568880610695467,0.38206519457458715,-0.9383466463261559,1.0604437728857148,-0.025510254762620557,-0.1399046800149117
79,baicizhan,0.29581518284889796,-0.836449767000581,-0.5530121718587445,0.6682050092657164,-0.9877167652523758,-0.6633560487457205,-1.1096635162938553,-0.06803727163285937
80,baicizhan,0.7517205551036836,-0.7327036054310611,-0.4230211659245964,0.41878598948837936,-0.9334322738453517,-1.476246682245045,-0.2975112358085871,0.05520485012962681
81,baicizhan,1.068993371976606,-0.7312437714195119,0.33022651463165453,0.2763436077303694,-1.234496430161808,-2.8527854201697993,-0.36710790110096586,0.07063836580001598
82,baicizhan,2.129566811866794,-0.4485442656409297,-1.307822429947566,-0.04560915874857596,-0.6480182285054452,-1.4678670982439668,-2.215186018121145,0.27655847807478795
83,baicizhan,-0.22001019353770696,-0.578372915395594,-0.4266038313320833,0.24767963222378414,-0.8255669958921215,1.9146805395149684,1.0110680258822264,0.025058279842287493
84,baicizhan,0.6604360179843408,-0.19458149487746496,0.5386382712754096,0.3712406762851259,-0.20518506013990598,0.47594664558220934,-2.2340417498534637,0.22244244760003173
85,baicizhan,0.46462391820087223,-1.2058346178757298,0.639126641842059,0.06907727439685417,-1.481178905831838,0.34683795237467835,-0.7628771108919769,-0.022861535376175357
86,baicizhan,-0.3904776671671142,-1.303264696548111,0.6245524702919633,0.26945083651271656,-1.8632116413160948,0.47471909048664573,1.9623315287856236,-0.13167458633972629
87,baicizhan,0.029045367925666195,-0.1463859696073468,-0.3914550656052169,0.9054632304471151,-0.769735400125171,-0.8904850817715958,-1.111979850712898,-0.029325303589082096
88,baicizhan,0.32333537783727445,-1.0706979354727606,0.5955869788624696,0.3635855545784883,-1.7070043763029876,1.0159162349370379,-0.18721760040753022,0.0716972276778471
89,baicizhan,0.9881415378480222,-0.29410844207209774,-0.5614543782868161,0.18338589164756572,-1.1192430695024587,-1.4325412691462163,0.4942722735108772,0.14753089040356648
90,baicizhan,0.8514751415530116,-0.6207617428405623,-0.6701307897070046,0.85055722004838,-1.2315649429531905,-1.162985812510599,-1.8023587004745256,0.07657939176759099
91,baicizhan,-0.11124530127252827,-1.092918134605264,0.7565977278503936,0.4469868083217515,-1.0631093267145566,1.2556155571320442,0.6749300857472734,0.08258047541474789
92,baicizhan,0.17805866670732165,-0.46106682439445523,-0.1327997093271621,0.9064127373581288,-0.5650063578224863,-0.28484613002110215,-1.6762895816618684,0.04489633525812743
93,baicizhan,0.3735139637698238,-0.5947480461343468,-1.509227206849404,0.8389402161990314,-1.5562014264451347,-0.08764427124296134,-0.33499817276062205,-0.022891438009897343
94,baicizhan,1.459091480903971,-0.6974591950278269,-0.27040713013680023,-0.12459191855309242,-0.8936196942682937,-0.5371546515277866,1.079445149554505,0.35735720730977555
95,baicizhan,0.11743161204563364,-0.7612174799687829,0.5673971894694454,0.4822784415527506,-1.0489494012659506,0.19558800861404954,0.12334966923073783,0.07117473767433159
96,baicizhan,-0.35261165411116496,-1.0413529495631333,-0.2211552533935473,0.415548828873712,-0.5075982984915139,0.7986792855668241,0.3304878573590281,-0.10108129439238359
97,baicizhan,0.14987461262111398,-0.8676927662989616,-0.30401924272365316,0.8483984456562457,-1.261821809883296,0.520140603521339,0.42412514611360785,0.1067170210628382
98,baicizhan,0.8988850365881182,-0.30158216053586645,-1.518912507473135,0.6348022829215845,-1.2400513033077887,-0.08714746480917315,0.2938201494510554,0.20981574264919134
99,baicizhan,0.6125439781306982,-0.7354609959999622,-0.48132785599861366,0.537898081771557,-1.1186572835965976,-0.5350151908864484,1.0035260291999826,0.16725776271876133
100,baicizhan,0.702356336358195,-0.8762760985551286,0.5614984241026061,0.23661830110179655,-1.3183500416171283,-0.7283514199762544,0.7274703781042096,0.15906527067320986
101,baicizhan,0.6471826648112075,-0.7867385401135357,0.5724222949668258,0.1012099135917981,-1.0863148006287393,-0.00473130287302051,0.9026888147245882,0.20084227514693934
102,baicizhan,0.2599038854187175,-1.3027378745518567,-0.3835324074481242,0.35895062689314916,-1.091471610828151,-0.1673028565997036,1.0768924504470907,-0.0067253435528151035
103,baicizhan,0.9172165392933653,-1.1005873390341996,-0.490321935836377,0.1372637721303185,-0.7925407407941573,0.24799164312160848,0.7214476020750368,0.21492065719119666
104,baicizhan,1.0564499659916842,-0.8627931971500856,-1.4683341455574777,0.0911126545206341,-0.7810351340715302,-0.13470950360519776,0.4010725933070031,0.1371776943766727
105,baicizhan,0.8900885690282228,-0.5205361859343769,-0.17748522544781753,0.17583315775085426,-0.9342987446576201,0.31880365474122635,0.639812349515243,0.2796160852414638
106,baicizhan,1.1212947013822008,-0.4877866461736661,0.31962198120663116,0.04275752881639682,-1.0120855063102108,0.2164379787019816,0.5586500352897634,0.35797204353821244
107,baicizhan,0.8350218095052863,-1.172663306438583,-1.5142712598599999,0.43183715482160967,-1.2741079102982749,0.6563879400829568,0.7675993200613194,0.14673104529766293
108,baicizhan,0.41448730082100177,-1.435949237080696,-1.4876226203157652,0.6661409040372486,-1.1079115216206261,1.1548296572422263,0.6272327893101485,0.07474111857692725
109,baicizhan,-0.6618107520275367,-0.8699092118503152,-0.4053588452250207,0.5730478239892781,-0.6167989655327127,1.4796807638298943,0.5165519789507288,-0.12323807407453068
110,baicizhan,-0.15641898700230547,-1.006322706543481,0.7977443160344203,0.9506550094234674,-0.9486329358581802,0.696058116344236,0.2606653674144938,0.14002953764817785
111,baicizhan,0.4526150726848607,-0.1804913099923454,-1.4616014500144108,0.9974025572779479,-1.119473637478043,-0.6862172419935186,-1.528177934827015,-0.0009211818804919328
112,baicizhan,1.2824069618129676,-0.5707986940345913,0.7821639836119858,0.252867971462216,-0.6393131157326647,-1.3997924727887432,0.060357248524636135,0.3830334719094134
113,baicizhan,0.5352747672488882,-0.398666003293138,-0.38582830135330065,0.6991477592069273,-1.344173950858168,-0.9002529018692584,1.0639062928252248,0.17317933913234673
114,baicizhan,0.8959076710346286,-0.695466377446082,-0.24280607607531737,0.5351960570509986,-1.2426477144714931,0.581926168401936,0.7183460469714795,0.34327115622925924
115,baicizhan,0.8537618314222681,-0.4786643600946921,-0.05325408662158452,0.49527491203725,-0.5483147629257727,-0.22544627913309312,1.176590067611067,0.38885894081006617
116,baicizhan,1.0520207163015887,-0.02743037449722548,-0.3205421195757025,0.48594356864602467,-0.5972108975799555,-0.30097711268411437,1.3666690735744644,0.4745179470835763
117,baicizhan,1.2823667279380608,0.8906680506004501,-1.5208004972771525,0.34976094590290857,-1.0364726008039074,0.015163244447216572,1.1539037036523396,0.4634556290161984
118,baicizhan,1.1067913662004598,0.09381000064986655,-1.5552239365001816,0.6879570032406856,-1.31606002615765,-0.4114375216367132,1.454449899583265,0.374256242593791
119,baicizhan,1.4573499329769033,0.10529416324372619,0.8959828564203784,0.4522006395944694,-0.9929922420859232,0.3712877108741341,-0.23077901674363674,0.6386316960432908
120,baidutext,-1.7142304660931642,0.18753668044940336,-0.836372673323467,0.3711314835867243,-0.4337841538169579,-1.1676008738234365,-0.0006850572521669868,-0.7040065832030346
121,baidutext,-1.3595639500611518,-0.06486544174764906,-0.12834079437078474,-2.412149003919937,-0.2814413030368393,0.02232457117689306,1.5063687317556242,-0.9999044268717978
122,baidutext,-0.7310780826750771,-0.10258022296230002,-0.13159970482319555,-2.7482613122942054,-0.37655020989602145,0.4069741617891397,0.8106796683723495,-0.8874121838499607
123,baidutext,-1.5290086666009037,0.6418549887395346,-0.12192749577216361,-0.27548818638427197,2.062406259163204,-1.115609598265403,-0.8642286975142581,-0.5187723933704803
124,baidutext,-1.1165255326644594,-0.2970630562270134,-0.23385227658337043,-0.5785033188330844,-0.6180591477431183,2.3377368063813897,0.4378773403753422,-0.4383611255769179
125,baidutext,-1.612992933189408,0.012554843804387714,-0.6864275844953518,0.04324643141419502,1.5034403575784163,-0.20386534962161626,-1.1957713955535192,-0.5837665647228134
126,baidutext,-1.7388250452895844,-0.22139519077787387,-0.26495401935034635,1.0894191605827273,-0.6648859694460434,-0.5471608223411044,0.7282889369191279,-0.45158121760607245
127,baidutext,-2.1248301084913948,0.7419698818568844,0.9855766729027161,1.0836454885083684,0.14565158029378017,-1.5961005256265541,0.8840421841072286,-0.38719989338224253
128,baidutext,-2.184207416680818,1.155591532182741,-0.007527355238768666,0.5707697817155822,2.2557196891097413,0.10459165823204249,-0.8259466386000327,-0.3864787027821285
129,baidutext,-1.8547763791736824,1.0100900996975577,0.7297438456964613,0.8524768142801245,0.03134537389479603,-1.1634398495172913,-1.161628010388279,-0.4620051794974939
130,baidutext,-0.6138362331308255,0.19365038781191876,-0.8227152483552848,0.18637935308740805,-0.7942236595330225,-0.9923494912796695,-1.663433653510129,-0.4858963548300349
131,baidutext,-1.0840651444900122,-0.5371278398428395,-0.6735346295578819,0.20706358401560343,-0.7197517143994971,-0.5199606803352619,-0.7791456811112462,-0.5973849677041477
132,baidutext,-1.760771653479292,0.39938675192643985,-0.03459725551150414,0.5716699410796526,-0.8053515689047887,0.2731500115014295,0.7117389773704651,-0.46306534099838875
133,baidutext,-2.426748420170216,1.2654139108748512,1.2621691794865744,1.2542110715262846,-0.15757240294603714,-2.242219441584366,0.34829086366335343,-0.4936557898528054
134,baidutext,-0.3195095338415558,1.1745572969996974,0.05515293502832848,-1.3334789171150925,-0.3250408471701929,-0.06642775726378046,-2.56012084289096,-0.5312321968096537
135,baidutext,-1.2899457585831695,0.6781326009098884,-0.0445643751168865,-0.4173580168902548,-0.5680548313651651,-0.0872508140561013,-0.6187422822225526,-0.6026723930109259
136,baidutext,-0.580597928114986,0.3867947921945971,-0.015091118067248627,-1.658945329016071,-0.146288230228231,-1.1156340574604426,-0.6554402804279318,-0.7087976603069762
137,baidutext,-0.4431893936759518,0.3206972272627743,0.8759564981180222,-2.977931954428176,-0.0726323989643144,-0.47821992886552195,-0.5409447722068071,-0.839632784622376
138,baidutext,-0.5458110221275071,0.723930049078858,0.6485922684728559,-2.489083993412077,-0.3699167480871201,-1.167844720031869,-0.002174995943161387,-0.7859985025448981
139,baidutext,-0.06300773385663218,1.1758100128901015,0.7317143472538161,-2.8732281238497066,-0.29231532538531346,-0.6122152240943912,-1.3699761226743632,-0.7038417870397587
140,baidutext,0.08832817817109835,0.413583378565365,1.4107225920889441,-2.480154392606971,-0.8374524396160096,-0.18747887983964742,-0.39654412126551913,-0.5132862943321547
141,baidutext,-0.6766383740809983,-0.16505684769212134,-0.21385109012443484,-0.9883095742002609,-0.6389346480169279,-0.0779643236283697,0.8356149737361602,-0.5174360492499145
142,baidutext,-0.5332237462034566,0.1720342873548154,0.7293538719045661,-1.3385103085264543,0.1093026646094429,-0.7126409185946508,-1.1465539565953644,-0.5470761462728445
143,baidutext,-0.30397954939497557,-0.262583695892985,0.1437737894273064,-2.589623265703837,0.42249442933690207,-0.6825951857272686,0.2578518454220761,-0.730793547679098
144,baidutext,-1.0168057263055867,-0.0700882391988819,0.852400828750241,-1.5431125647278772,-0.02598721649570544,-1.2576027314767617,1.2019243178343482,-0.672420717870738
145,baidutext,-0.44435470417607076,-0.8633542105352449,1.274352974063675,-0.9596648787021259,-0.30582680736066814,0.6180536044666166,-1.91371842735519,-0.4565235064672197
146,baidutext,0.817129553937422,-1.6402653811581174,-1.3680843723265355,-2.478599554520126,-0.09654377051027332,-1.3584444748716709,0.20795775722083015,-0.6599395068409911
147,baidutext,-0.7042864979514333,-0.5645056492585351,0.26807351970009063,-2.1776102216524627,2.017689102287233,0.4899611079299498,0.2034817932625986,-0.5646486959272994
148,baidutext,-1.1930513665698796,-0.9644097514899268,-0.7580916589471682,-0.2144857582825901,0.48383067343102054,-1.724769689343098,0.5753571138717951,-0.6701877378490169
149,baidutext,-0.29666207487929946,-1.2590478458795202,-1.3593011240734105,-2.323629126392961,0.8205157712824378,0.1533478793954802,-0.33028808403397086,-0.8291485812746339
150,baidutext,-0.5584388630260992,-0.6097202834899761,-0.5980432603075178,-2.4337234758203032,0.6207010210181553,1.1074823719363283,-0.7909481354734158,-0.8032537062448398
151,baidutext,-0.4146180852660098,-1.1032980456091088,-0.7198582758432231,-2.789023483381467,0.2166607681066778,-0.7319386103631081,1.7094415451287617,-0.8933001297570433
152,baidutext,0.06655157693103607,-0.873793988280023,-0.7778479543293739,-3.225793458266925,-0.05330466068609545,0.9102135675158042,-0.17441321934252516,-0.8429682625181704
153,baidutext,-0.6602653945966127,-0.9333988149096397,-1.3223396362852926,-2.0334821780775925,-0.14879689848754038,0.5113792571380625,0.20710217410680906,-0.8828830864378359
154,baidutext,-0.10150128552917301,-0.829323320093797,-0.8502468291605904,-1.702793395526753,-0.0542706585923996,0.08683596990864606,-0.08339285770447387,-0.5953055026373196
155,baidutext,-0.6219097059341729,-0.2856936272872318,0.06579163933962072,-2.1292965066040566,1.0176806351763015,-1.0913790250747908,-0.024647018095759886,-0.7379685028517441
156,baidutext,0.1594361148010802,-0.3462690347973249,0.24507912165799314,-3.292818831669467,0.5969541158513917,0.6621198516031478,-0.7101925124308512,-0.683473194953928
157,baidutext,-0.5007308851569408,-0.49808089079394674,0.13051766448266355,-2.60838754280666,0.3499639838041247,0.978918220912606,-1.0722271773082508,-0.8013717467981291
158,baidutext,-0.15733370399892782,-0.6645488022372933,-1.3469605110077192,-1.2545478499388156,-0.0793438859970557,-0.3088201652080374,-2.3333596379914967,-0.7200555489487893
159,baidutext,-0.08014695520223539,-0.21610130126057606,0.5074297635602321,-2.517808310645138,0.7798123510784865,-0.2505320938555578,0.1397909627279391,-0.5416044691338907
160,baidutext,-0.36633186674142276,-0.5094637645085631,-0.10203790519260399,-2.441036693633403,0.3693938386503166,0.2824556251770748,0.6082732519874164,-0.6722261645277054
161,baidutext,-0.5044135768161042,-0.3136190187314446,0.05642330755936112,-2.3543163161407388,0.623426151467864,-0.9343606499998603,-0.23205530068582755,-0.791061604752975
162,baidutext,0.05397398796695209,-0.7669822521082196,-0.6287922166291173,-2.2688512711157447,-0.4598218148678628,-1.1231002790157265,-0.4856187787965112,-0.8009971585725212
163,baidutext,-0.8969785838346495,-1.0235953905277362,-1.4155089760323305,-1.4438385011389723,-0.12341009776513609,-1.7882992278309522,0.8021696069925924,-0.9672456851038317
164,baidutext,-0.5171130138990175,-0.5507017900084812,0.13704455309277708,-1.9367772323021808,0.2357031199536775,0.5730995003816667,-0.4215259936096171,-0.6469147590253118
165,baidutext,0.035825264151941615,-0.7050644962458322,-0.6977311963232131,-1.621436881037136,-0.02941637918978421,-0.37029816046839886,-0.8763132758302473,-0.5864719166988219
166,baidutext,-1.145140188722782,-0.6693425056061917,-1.3556077880989492,-0.5724399608946842,0.4484689385442322,-0.14687863713553542,-0.11587243413055132,-0.702188550478638
167,baidutext,-0.544877038898688,-0.5326244542367509,-0.7294954236782142,-2.731089320561877,0.6867019397070928,0.3254255240113455,1.1559770867822532,-0.7955926511162043
168,baidutext,-0.33433805380940107,-0.45353959127760723,-0.6663110983578847,-2.553442049465159,0.08039771408557783,-0.530753661364458,-0.15157348805719126,-0.8696870887707432
169,baidutext,-1.3428963519151658,-0.8362134327997996,-0.6568494154913604,-1.6662261516921884,-0.3230206407767405,-0.1224326823964089,1.4086766229625698,-0.950627449057818
170,baidutext,-0.7725939878448234,-0.7650812458444426,0.07624209197151582,-1.77557365287125,-0.1509305942231911,-0.886246547123627,2.4642531473769815,-0.6710832622358924
171,baidutext,-0.19985765189273613,-0.8555329358373298,-0.6467875862949862,-2.288609648676619,-0.3231028200193924,0.11624244991401046,0.35930796781754415,-0.7465239105601815
172,baidutext,-1.4962097902888034,0.07178934785563645,0.3817977080650622,0.6894332025393429,0.7467305820996397,-1.3060655948489819,-1.1812452205457413,-0.43306786851974144
173,baidutext,0.2754926725405906,-0.4890182396136238,-0.7137768304824366,-0.19505923455865856,-0.11968457590520502,0.42483705333758626,-2.8776787554941556,-0.22736424020391258
174,baidutext,-0.12540252327267165,0.028789256860044108,0.01398780506637185,-2.5422009866772184,-0.6055554401035833,3.126602480916415,-1.7993214594731752,-0.5958276203111533
175,baidutext,-0.9299779581701095,-0.3683812682384217,-0.5643478932702967,-2.0303151549054723,-0.2536907505299748,-0.15407046324715298,0.94059428793449,-0.869594770954691
176,baidutext,-0.29304932720975546,0.7691240636655793,1.9759048641773582,1.0999034507369139,-0.38732946794058604,1.9154931912685822,-1.492997522471462,0.408130338082532
177,baidutext,-0.6000140622368557,0.3181371584054594,0.7721077584850798,1.112074333227486,-0.9815105603110819,2.268439702142649,-1.1133669493307192,0.15185658411744898
178,baidutext,-0.22386881366942699,-0.3875859182297208,-0.6327960605636241,0.675058364447482,-0.8144585516194079,1.2776354960426797,0.9201120904037212,0.07222180909879211
179,baidutext,-1.6602117466159634,-0.024620296240022266,-0.6599439583697259,-1.311794418248242,-0.16344480770880992,-0.4031084534017213,1.0721908861765594,-0.9377862395169183
180,bubei,1.0779775581901665,0.7142853206023257,1.2913523231272275,0.28284524407654194,1.6171356848303697,0.13821858594852418,0.6677484227298104,0.8288257817059661
181,bubei,1.5068541424155788,1.7961373572261878,-0.8719189274663998,0.12805363878909384,1.5600098577747188,0.15261354875769242,0.4930278844181989,0.8257585944117326
182,bubei,1.3663001146414457,1.8503372461544056,1.40604275870748,0.16502374628259733,1.5423606309502689,0.22839522938130033,0.4611505026035928,0.9972147208474105
183,bubei,1.1590057261801994,0.7562368521049997,-1.404809570337544,0.3816118654791828,1.0877556533544233,0.10170162320606847,0.5588910233765599,0.5834058416581832
184,bubei,1.3288866444006444,1.326107094746463,-0.781788821990514,0.21154670463968892,1.4363108637461741,0.1671170445771676,0.9509914002452375,0.7707362710724529
185,bubei,1.2857224933862348,0.8533850650663518,0.5032549625446037,0.26751206635345265,1.2558353007947571,0.464421802194135,0.1565987607027454,0.7967591729815315
186,bubei,1.1347493711902448,0.5176333994977484,0.606418649759339,0.2652024896695438,1.5096884345038002,0.537007007236729,0.4831423404687841,0.7728849008953392
187,bubei,1.143303529018113,0.7967220712143627,-0.8026694423365823,0.31762233570315235,1.4108876424891486,0.47544630650728426,0.5417516309326463,0.675498729592828
188,bubei,1.3980033735631063,0.8097149459001657,-0.6322278589355983,0.2646436246888629,1.3905324351280666,0.29577136930995,0.5336000415999319,0.7545050989023415
189,bubei,1.3307919568579218,0.5295166108022086,-1.3935367340024214,0.32479351069806234,1.1748639653814823,0.12390638266047914,0.605430348094244,0.6249706575823668
190,bubei,1.2184140010748983,0.4196303183016399,-0.7088689469132567,0.2947558074811087,1.3376538257628152,0.13341984226273404,1.0628987498968012,0.6762130284926847
191,bubei,1.1384565382816125,0.64486364686617,-0.1546826411710422,0.27211643952936615,1.569134570053246,0.2433627978197125,0.8695808294491555,0.7277400876976742
192,bubei,1.2105017382395389,0.04597479606843775,0.3112955699616995,0.25770855940133236,1.452805378008272,0.11831744735583576,0.6954288791935005,0.7094561265351346
193,bubei,1.3427467792742864,1.3582817288390794,-0.8503024546936251,0.22910124511013966,1.4558138627533495,0.2585231193623637,0.5888875761256501,0.7606288339637975
194,bubei,1.2188526856097173,1.3890180375116605,-0.7827424177350001,0.29520773275511747,1.3704128247669898,0.23582430698071363,0.8926267729178725,0.7521067765767325
195,bubei,0.9873627056375408,1.4831151385465369,-0.16391253771030415,0.29739894730734795,1.5378621392042946,0.351390080978405,0.727564096414707,0.7468271270215813
196,bubei,1.9539836168337705,0.358032023910678,2.152156200500471,0.010344961254944947,-0.5105402230643145,0.44320050201029204,0.4392532181079102,0.9382652578631964
197,bubei,1.2414176978723315,0.8078459512615501,-1.415759403993536,0.3619316289220298,1.1985926966763587,0.24471974014419587,0.5927662048123952,0.6340379128202156
198,bubei,1.7542395223638065,0.04913915487605158,0.5423556811177688,0.10907212686410186,-0.4193732222798645,0.5183239873732935,0.5993363869080701,0.7429564802944666
199,bubei,1.8208640368117694,0.7197590056740938,0.7290407772656213,0.09405692315437018,0.1792689662353434,0.28907009654634486,0.31180553679377404,0.8554791175276815
200,bubei,1.7717685970459942,1.88209606651945,-0.9538554423503485,0.09369412647492949,0.07468720919970272,0.2477313324569585,0.8535762408508327,0.8093308356490791
201,bubei,1.7771149856939423,1.0564010722826027,-0.7544064771594768,0.18671073876453034,-0.463430013945071,0.33925080173754135,0.6116195395787601,0.7227223018749064
202,bubei,1.8389775091486342,-0.15809627632342696,-1.4746185921067114,0.2381435830429432,-0.8150053240208924,0.3017879988270879,0.7767809741591275,0.5642001905191768
203,bubei,1.5052154172734538,0.5116478199937726,0.5606369488050361,0.19074186615710803,0.6288418785979075,0.37962052267589236,0.3410903163328488,0.7821397169244865
204,bubei,1.7511204865285803,-0.2991363510356171,0.1601235391618837,0.14490035983420316,-0.8572227452231411,0.49375179242864864,0.8467809364965486,0.6613206658243325
205,bubei,1.4990667236652038,0.6409320320892873,-0.18350562386587882,0.2987634514064697,0.24854603464450808,0.16483811975865306,0.31329449458055314,0.6979476698798363
206,bubei,1.5163066830560423,0.5567487706547668,-0.12304698966458737,0.2154851453146981,0.1638718619490407,0.24895312062302719,0.6443787668604507,0.7030271870027137
207,bubei,1.6641541069216608,-0.2448889397306362,2.3573578022630373,0.13646674117391988,0.28315905406993946,0.4631788391879898,-0.08423951006863124,0.8698732471654871
208,bubei,2.038086128090844,-1.2021073543666243,2.4261047308454295,0.014855275314559904,-0.6562881847437446,0.5332876148030876,0.2033193766321822,0.8376498871363743
209,bubei,1.5577242129586368,-0.25541392982540156,-0.5187412428804075,0.20782163519053545,0.22587931972680986,0.5934949586986794,0.23391433725405422,0.6134814477751799
210,bubei,1.4377106635716819,-0.33131220237036657,-0.8380325102769668,0.38673928749809516,0.2771824615900508,0.18003175622188977,0.22603234712081852,0.5522188473489634
211,bubei,1.2554948292560957,0.1422301257861127,-0.04931789360455252,0.2745960344182652,0.8965096922598725,-0.14028117752439087,0.36982850763072106,0.6146684466628978
212,bubei,0.9593157506028767,0.28575100270370735,-0.20875180077742309,0.4586741606996269,0.9359921946800387,0.16686453017246516,0.9034972519977514,0.6127531623671006
213,bubei,1.5099416710965383,0.4713831248801506,-0.13074900999375763,0.233950372585008,0.16330068046545032,0.42167245211250176,0.2701095342395446,0.6846375686496214
214,bubei,1.6359240031731137,-0.4122641232057617,-0.5746595622917511,0.27044160503541137,-0.07249929154503384,0.1882960217164983,0.4972543402620271,0.5990860167640724
215,bubei,1.147076969747124,-0.30336790682209236,0.002379309168270655,0.2666527128759177,0.766634896419209,0.5464113135857087,0.9569812104365865,0.6180121550080838
216,bubei,1.1228529092971937,-0.353806831568908,-0.6607797356660832,0.22794621169973422,1.3670643479933702,0.6437722173290292,0.8239054881063137,0.587890311383386
217,bubei,0.4483747343557835,-0.12548928538018553,0.21545511253428704,0.6237254130188704,0.8584677265381813,1.4820639209664372,-0.021454240639062434,0.5003582347842834
218,bubei,1.2745777558057931,-0.19156663174200766,-0.7835573399589065,0.3080792126536671,1.126659391986522,0.24941993177813496,0.5332379831183112,0.5941853182775981
219,bubei,1.0164569667124945,-0.06003826093747671,1.036643873722634,0.16023690992082132,1.635565504615175,0.3283619235857321,0.9027524497921038,0.719215087463006
220,bubei,1.1996528673159734,-0.3795228297904104,1.662592061408232,0.19384101714357405,0.8310208952299412,0.5415387257099396,0.7820501394183879,0.7567417047696425
221,bubei,1.1447681428541527,0.1868676890046204,0.5037003732887173,0.2876387861391533,0.9277694115880121,0.4709244403419423,0.46209318726767706,0.6856418546510838
222,bubei,0.5100781677447117,0.1840376966220631,2.4743386163409884,0.3449438854104703,1.8589215703490394,0.3909635283462983,1.1629447982110537,0.7763925440358621
223,bubei,1.051149609963194,0.09237773476891768,1.958619155688535,0.1815440404252557,1.834753081160709,0.3751471347434037,0.3226985501579956,0.8157134940440798
224,bubei,1.2993338866255206,0.27249648185764475,-0.8099171018594838,0.1323663741535817,1.5141552966379574,0.48810381702427263,0.8378010320627562,0.6709486157842313
225,bubei,1.3036280830938942,0.19136314580228786,-0.7426092425126631,0.1575726772047684,0.9955419793699072,0.3305088573354641,0.9312285180517602,0.6258568567781916
226,bubei,1.0355145949903124,-0.007620107636258829,0.909061085792385,0.26993976508136713,0.7569199979366533,0.4291386287693923,0.9218024570638654,0.6748706257668448
227,bubei,1.2599536721358295,-1.166661489972347,2.417800473750852,0.1190234296904764,1.3373139368882974,0.49999154580705807,0.48785452146751906,0.7837835463825352
228,bubei,1.2527769694405158,-0.9713453913436442,-0.3256534621478086,0.669371993952465,1.088983283795229,-0.07161331584331743,-1.2787660131000207,0.49949791948135014
229,bubei,0.8818372359920258,-0.27124713229064656,-0.5997151329019957,0.38744239724205837,1.858404748335482,0.6524351200327928,-0.3388220280838567,0.5200409326330916
230,bubei,0.7410807667266773,-0.37878264995456756,1.792983851116721,0.08469608489190997,1.840442394432216,-0.5183858714635766,-0.12200923783342892,0.5328185122692977
231,bubei,0.8808696976348124,-0.7896443138702572,-0.5530441248416905,0.22082365571435147,1.235372021558031,0.3778527225993773,0.4140503820455239,0.4139662590902071
232,bubei,0.9826566552841441,-0.42728856097705925,-0.7239763273855635,0.3625594945735957,1.39833729137745,-0.06176645800392847,0.7725709423709606,0.5063468063721523
233,bubei,0.6467981316469854,-0.15590191993494734,1.564449017404179,0.0492376342366652,1.6689040394780446,0.8236337724517198,0.7806794120601225,0.6316061990521907
234,bubei,1.1440484785041085,-1.6860200342319551,4.2185859888801565,-0.2271247446670829,0.8640376658904242,0.41366836925842515,0.2599547020505233,0.7142234159816899
235,bubei,0.9816125100916128,-0.6741355724522198,-1.3022693410152304,0.24273346666115506,1.2909169104803577,0.8894564282364961,0.5627175376558743,0.4491936784310679
236,bubei,1.098111387942092,-0.7373897625462401,-1.3524133654677677,0.3269803054377298,1.0146088680008893,0.30371532225146236,1.1431745675420877,0.4721980427831485
237,bubei,1.3109108594217338,-0.4546628160590842,-0.6261325740824544,0.4948319566729386,1.300754121655225,-0.16467874935616017,-0.707931251873861,0.5460453550789082
238,bubei,0.8105666069067066,-0.782135696440889,-0.7755015848737106,0.5258685145911999,0.5370374909953316,0.5327309868800185,1.3225661641464908,0.45159784090630384
239,bubei,0.840626413195045,-0.34944137062278513,0.05125920808708998,0.25673729335671125,1.6069261910612624,-0.010917277015490147,1.3157830278199039,0.5661080433026242
240,hongen,-1.2338040291064767,-1.0062067179433973,0.9562175185009552,0.21013157476034627,0.9640698841082177,0.23045047436775676,0.8592580477396606,-0.22766595661658462
241,hongen,-0.46645355817935463,-0.47711911044370126,-0.4200698965220423,1.2120898300156475,1.2300566790465393,0.3368729159007142,-1.5933272652897592,0.07327369763136901
242,hongen,0.3749708118606914,-0.42193111555601315,-0.5576308601066967,-0.7713731336352418,1.6133329730530315,1.7327131340626842,0.07520680505394041,0.13789604647228246
243,hongen,-2.2045686586782423,-0.8120807141749132,-0.3898229244611952,1.1090908208845371,1.3460367003980025,-1.2750371742857958,0.5802745348627857,-0.556701117687716
244,hongen,-1.3469316664307298,-0.2522464116771467,-0.06312007026282596,0.15686597495914292,1.7625437223522809,-0.5025696990285778,-1.1551756623887053,-0.42410405113267813
245,hongen,-3.301352542122562,-0.44879795163079994,-0.7150464793244858,1.2901531968078126,1.4631006910151165,1.7964423558946183,3.2769732201284634,-0.48797001373099047
246,hongen,-1.620093329297452,-0.3393844279824698,-1.3877728611596747,1.300222135616602,1.918902199183714,-1.1019466885944178,-0.47311776062106803,-0.3592970354332122
247,hongen,0.0014032774432101945,-0.4206784898837398,-0.584668738507298,-0.4879510828247553,1.8138716779830217,2.6044913012534705,-2.8510609206256445,-0.04363600358743606
248,hongen,-1.9374147447438959,-0.09762236086094038,-0.23351404999417796,1.7318134973222068,2.0062447437217634,-2.6178358748007775,1.8670737931711905,-0.1896718244678912
249,hongen,-0.9626774430623882,-0.24562295409753743,-0.7354199418240208,1.613972294547022,1.4708361108265042,-0.055908372927086884,-1.0076317626903395,0.016476759026703452
250,hongen,-1.3461388827562732,-0.7638115320522229,-0.7133019235152077,0.4602173032466818,1.3680547992570424,0.704389639214908,-0.3968078829535001,-0.35129502859543493
251,hongen,-0.45770628869574753,0.3538869141743558,-0.35452352321147823,1.5054044522878791,2.3609955623285748,-1.4457274528647288,-1.0725118994340126,0.23072012662736113
252,hongen,-1.620058901164009,-0.8949008955601124,-1.4221272548761883,1.3425325512511272,0.7974450937831408,0.6368667883983506,0.05491385007613443,-0.33921555319677127
253,hongen,-1.3428420142018898,-0.42724544995412184,-0.7475518928692261,0.47635574988267443,1.3645934695326851,1.220290508485359,-1.6177785282173673,-0.36483444599186887
254,hongen,-3.229300293818158,0.45895186571156643,-0.6778495389774765,1.4639338350000481,2.419035733077738,2.6316949368732643,0.19552979730029357,-0.3987735451972771
255,hongen,-0.6390681981740121,0.5809789598243829,-0.5522502670059638,-0.2509049739801123,2.7768435180348443,-0.8705054007444272,0.08361976629134042,-0.09549265411527671
256,hongen,0.6759685855362546,-0.6728173497798413,-0.7791860522079375,-1.0957175477500865,-0.034963120892291276,-0.3549435294807975,0.7682560907087052,-0.12746106122944514
257,hongen,-0.5558403521550733,-0.21617749239841827,-0.183437239814361,1.208220260349896,-0.12173553775520218,-1.3549151367990613,-0.6794979054727134,-0.09873154417383906
258,hongen,-1.25085050371733,-0.6489884568656026,-0.0728502044405248,0.8255248974196453,-0.01462124936311402,1.0773485029802734,-0.10311689023941016,-0.23975112177304994
259,hongen,-0.7348444574023748,-0.18270564348613832,0.7116777721445197,1.0685082232138716,-0.018604071541213723,-0.7457189006741087,-1.1940738788274061,-0.09274823506208528
260,hongen,-1.2372938979183725,-0.9277498352184623,-0.8432156021166488,0.9066271980338375,-0.9316276992339436,1.3677202915390634,0.24030849896531875,-0.34753381802033195
261,hongen,-1.5470259242564743,-0.8360968900430579,-0.8473322888802398,1.4330126968753396,-0.6601515021303717,0.07519638513685525,-0.10108214639955819,-0.41661013663446017
262,hongen,-0.9689812741967703,-0.5691062848603953,-0.832587644575574,2.0665941260764367,-0.16514642627336185,-2.9184938973719454,-0.016265210959897216,-0.20267879309301193
263,hongen,-0.5640203558895438,-0.5684722051190599,1.3336969699988157,1.3056965665818447,-0.6738015300766699,0.170398491547017,-1.087561662035062,0.06258309327817506
264,hongen,-0.8972844293621984,-0.9487515514831821,-0.17968892094307617,0.3219973681940992,-0.6363851620885569,-0.2573348981276293,1.9061579965607298,-0.28834473993022564
265,hongen,0.06334737093420285,-0.6769174857329587,1.0094836475294828,-0.7389770560221481,0.4677031506608941,-1.0412707949787423,-0.005528143031548153,-0.15485082195971234
266,hongen,1.251801561124976,-0.9474743605119103,-0.08277522208976097,-1.048088980904263,0.17324402148370435,-1.7091308951041226,-1.6234650699190651,-0.11129638230440363
267,hongen,0.272534790724538,-1.334452031703165,3.311249264136981,0.9824336150569858,-0.3117740603012504,-1.9989541675615468,1.5066368047424992,0.4440964939888268
268,hongen,-1.0859245525263457,-1.03852605928071,2.335874948364626,0.44088205728567703,0.04463522925594245,1.3802690389904146,0.571935458482022,-0.016148108498584956
269,hongen,-2.098436042746509,-1.7307938177951567,2.4338084303585705,1.5678561299921874,-1.1677647640560187,0.6058347379433398,1.5080154866867257,-0.25997197990954446
270,hongen,-0.8545027842645336,-0.6822331422279176,1.2222008663712058,1.0169986924136345,0.2213445782471873,-0.5868624576824958,-1.399140100324771,-0.12494386979172128
271,hongen,-0.09457933368145816,-0.764196326516825,1.1984729812482933,0.017832566897464125,0.12656854920823069,-1.2797222595946462,-1.3145189703103681,-0.15589966685312084
272,hongen,0.24196260097863656,-1.6570565776185147,2.632791880103532,-0.8063192733300291,-0.8609994154959406,-0.02950661984171383,-0.35752367539844404,-0.11412477717896471
273,hongen,-0.5339752892582317,-0.6278283572209391,-0.10166896652630483,0.1577459975555594,-0.00595226731236303,0.5562680723955624,-2.286389809955206,-0.32811240603251784
274,hongen,-1.475997111358475,-0.5862416303949014,-1.4379277068868865,1.2798043782826665,-0.4490079675399998,-1.1113908411804614,0.6178371689922539,-0.4791170273274626
275,hongen,-0.5943167509098827,-0.9968168587591886,1.2238034863512397,1.0754849267046067,-0.5757047674793027,-0.2380175458424129,-1.4264163720890222,-0.0934211404600261
276,hongen,-0.7971291688556418,-0.6852370358211789,1.2092687517226055,0.37245191749602036,0.031047172564149884,2.0710175410937794,-1.7743470113741902,-0.10918204803053953
277,hongen,0.722959335354971,-1.177957570657538,1.425585314632112,-0.18637882393362523,-0.20228346270239114,-1.2998777228799505,-2.387714794381324,-0.03173671360669105
278,hongen,0.44557266070536256,-0.758203181907819,-1.3047115282148818,0.47709908556312625,-0.48678719853939223,2.7862801918089706,-2.8902817444969946,0.054721744645043494
279,hongen,0.8642457242171653,-1.3482648833830073,-0.19634061719929827,-0.6697845805837682,-0.9356243627358156,1.2535537702662136,-2.568887609279571,-0.1509994802272816
280,hongen,0.220975351336497,-1.6695912417977032,-0.23035122116047688,1.1817185010232798,-1.3848041031622984,-2.575500820533872,0.08327736238201609,-0.10913842742903432
281,hongen,-0.33903864459409744,-1.233726700613401,1.2240719081128937,0.3288932082852605,-0.2244398248277035,-1.991688800254595,0.9997718155811132,-0.13516145466809784
282,hongen,-0.6073647556241332,-1.0539035154218908,1.9453245810515627,0.9995769661357901,0.12567638301990777,0.15966261490820896,-1.170596188172802,0.05310706998512233
283,hongen,0.388255730174854,-1.4115691386294684,0.06586513615310129,0.8920447565902019,-0.778261642558897,-2.028599105891401,-0.5619872968907637,-0.01884580847653414
284,hongen,0.20257308553857192,-1.9588229900974135,1.6184470777910818,-0.33097047881451686,-1.5061172562758836,1.8401201797338425,1.1696444223828923,0.0475184194501301
285,hongen,-1.1237932739268548,-0.8210722823366595,-0.38099104752715757,0.8897326497069182,-0.8616496238746849,1.8382506634231248,-0.23914491815009092,-0.2518047559688724
286,hongen,-0.5286190971427965,-0.8657777183370547,-0.35757149745765804,1.3015350234979561,-1.4156824734932731,-0.2801384469111758,0.6273186483770973,-0.08921787354160746
287,hongen,1.3074622791937804,-1.6368734314682756,1.4782951129569082,0.5070130700720088,-1.2623249051130576,-1.0330779517347697,-1.2420290281243456,0.30776268060991985
288,hongen,-1.9330178936110443,-0.7253577786852525,-1.3903120770595072,1.1560137609998922,0.7469376956714888,0.7193014576039076,2.9075336644330685,-0.2856419402719407
289,hongen,-1.2469954359439919,-1.2723595070167013,-0.33924415492434923,1.0829711854350306,-0.2492326050901471,1.865406282961213,-1.4400930610603162,-0.30767957941695706
290,hongen,-0.6709234702316835,-1.457114689240909,-0.1683308298545968,0.9092811795208415,0.08713219481293225,-0.33063363260770834,-0.02067245107096866,-0.17924948894966325
291,hongen,-1.1575361886965336,-1.0194787154373213,-0.02421607163991802,1.6920313679247947,0.2077008008054629,-0.6647032994980255,-0.4692251095267836,-0.1579237116040003
292,hongen,-1.4542482386245401,-1.0159541305979953,-1.4881790996726034,0.5901255804707679,0.3605796190822682,2.2802331195236425,0.3373470352575998,-0.37749862176555493
293,hongen,1.0034698259989154,-1.699011228561451,0.2604663888149939,1.1670998745585903,0.3318986336610807,-2.0114086353967893,-1.5663254463919114,0.2923220161918128
294,hongen,-0.6212687599240145,-1.1938698788411102,-1.3719298643260291,0.6198244529547995,0.8086948994964064,0.6032684624979915,0.5076267693774426,-0.14920506553939278
295,hongen,-0.5324284184750183,-0.5897185003695365,-0.10874468904053576,1.0800684113149532,1.3178022122248414,2.0389269709674096,-1.5958635012009452,0.1680373598321503
296,hongen,-0.7352993486223747,-1.2819845096942537,1.1829696351018735,0.4454899420268708,0.7713043756393005,-0.578217039413355,1.337822347025412,-0.041454830938560276
297,hongen,-0.05550225171773796,-1.0200989381143497,-0.3804090834034263,-0.09104301142540194,0.6387840219120106,0.00882524411296757,-1.2171400130957921,-0.18686795809282294
298,hongen,-0.676559496909695,-0.8013155927024119,-0.24218050870348112,0.9007609270330937,0.9520219156423143,-0.1710917692010708,-1.17438181171813,-0.1214273796258056
299,hongen,-0.6556707471446596,-2.2588641075806457,3.2832482255174518,0.5848399405289293,-0.9200254046845959,0.9987170986479653,0.9327205420347754,0.061841356405574366
