,App,0,1,2,3,4,5,6,7,综合得分
0,baidu,-0.02841791533751498,0.7109498246252832,0.3638455608684613,-1.2741723156319162,0.5854056402858767,-0.028892103294470985,-0.6183119150964609,-0.20792986810529326,-0.18759073900772813
1,baidu,-0.07621798765125033,0.21134885494587438,0.3126885325611232,-1.0169276810091992,0.64761299309374,-0.11799208986848064,-1.2061147655595839,0.021471677344039306,-0.2619236216701051
2,baidu,0.15225429786827888,0.1369439478469372,0.39716008725910723,-1.236938980601166,0.37162739162385877,0.009121172895461454,-0.8981621803511703,-0.4815110394985329,-0.2684418838389086
3,baidu,-0.3676740416426321,0.73327580203457,0.33223202714232913,-1.1419414894462723,-0.0090650798886897,0.09905851756094478,-0.838917183104372,-0.27585679454991596,-0.3188150379509556
4,baidu,0.17721551407423491,0.589596761027211,0.3299891697119109,-1.10327548709666,-0.3462858295050883,-0.01573042142906163,-0.4522049068215549,-0.29913776127008057,-0.17264200597869364
5,baidu,0.14693553821565905,1.2539843618102857,0.6403681827322186,-1.1363513670311844,1.3681594477621493,0.22260800100948053,-0.6543935648217715,-0.4948413743910256,-0.0050137382301729625
6,baidu,0.2676838472526733,0.7087942870333587,0.6997553000852486,-1.726054952274153,-0.18951163941607868,0.08426768016004818,-0.12918437865249907,-0.3168076138696545,-0.15520163776523435
7,baidu,-0.10577766711983509,0.6597332240899523,0.509507194628727,-1.089015566429668,0.1546107822453998,-0.032046164610871904,-0.36014131543868383,0.4610022679892554,-0.08925759526351447
8,baidu,-0.08079823091734929,0.23867058947472938,0.5003722010601106,-1.9759695708475495,-0.04510828056516218,-0.20133427592041564,-0.38177417597768054,0.6160510969006034,-0.29003293672897945
9,baidu,0.27834810568707014,0.7428162535524767,0.72677577760319,-1.5222249912881283,0.03409003387000082,-0.010321526433283042,-0.4693906523657277,-0.6796245312854534,-0.18836897077179
10,baidu,0.02789052189915669,0.13692673654596121,0.3610138990956887,-1.2076130721516418,0.1918317219596155,-0.3624288998378825,-0.6359202926295834,-0.3911921739118081,-0.2956602672721572
11,baidu,-0.10259222026062849,-0.2963617496122777,0.46738695142912823,-0.6868925750491198,0.11819931204287921,-0.5958598598262447,-0.7073851044497077,-0.2160226719639314,-0.28676113075712545
12,baidu,0.16946450552576395,0.15596329621606742,0.5560251772024368,-1.1232462431901677,0.08268104474541572,-0.3767117345331292,-0.6068977116761336,-0.3749289121141327,-0.22946354608404237
13,baidu,0.16935149003702243,0.810101901194685,0.8326041925483991,-1.0302684867048755,0.4568764939404394,-0.06146930026812886,-0.6552335567605855,-0.8296224488631752,-0.13192659339903356
14,baidu,0.2097956255378777,-0.3314708529571473,0.4251440825637972,-1.2754251913544823,0.6072900084708743,-0.6880860657257252,-0.264333984235792,-0.3243908974953051,-0.24435373382136755
15,baidu,-0.10735385793599458,0.25013760565395404,0.6557823888864193,-1.3173102158760648,-0.17207172109555197,-0.2806014150881861,-0.14954850716697907,0.04140637220808755,-0.22008541585172556
16,baidu,0.3960118664291863,1.2090891040348448,0.8011179060675668,-1.1785482045445612,0.0552971901118947,0.15128027621190476,-0.6321054515544019,-0.4343877856409276,-0.024870732675921183
17,baidu,0.3431523800316163,0.7740784057908755,0.6579570014913209,-1.3884041819185737,0.22703661746852447,-0.18933613008512884,-0.28600835755950665,-0.45763280014071533,-0.10358140027477417
18,baidu,-0.004413536377553652,0.27668002312847867,0.9214939821745561,-1.4217808960597786,0.14125369236591692,-0.3347832551856309,0.01816132490892659,0.2840664523749319,-0.1201997068238718
19,baidu,0.06158389974721543,-0.7846668583400915,0.6065358407651686,-0.7563121462038371,-0.15291122612936275,-0.8314091740132726,-0.30590998226654376,0.08725271716165894,-0.24520309809588997
20,baidu,0.3519260356684021,-0.2826100632577028,0.5668884808956698,-1.2477455558469412,0.05321733879790524,-0.5704307701115046,-0.19184265901834555,-0.20874638780095015,-0.19264839298150035
21,baidu,-0.391932573172535,-0.14884920705175086,0.475637869320442,-0.9954043860762939,0.32038964278164767,-0.7255358541211004,-0.5906405368044375,0.09814172014592126,-0.34378395528866135
22,baidu,-0.40693684120533397,-0.08693961511745463,0.9060604763392966,-0.9038665419732915,0.19240136647561418,-0.5919709382888785,-0.847924536042298,-0.41534282955290813,-0.37865006189275086
23,baidu,-0.1741177946739215,-0.14395807829417898,0.9749959870508969,-1.2356331750654521,-0.3315507468804657,-0.5264828296582864,-0.5350920748266624,-0.7289294948821756,-0.40234420083778344
24,baidu,-0.5132835312460123,2.180495799818589,1.6291893533455541,-1.146816014929632,0.5197921277262385,0.328516658763373,-1.1109070524645808,-1.1693625596114818,-0.18293520454471654
25,baidu,-0.356250851294623,0.9309015594846455,1.2199609706946097,-1.3202859674058665,0.2007068168092223,-0.13288930627467785,-0.766475032865108,-0.912950481053418,-0.31779670583802233
26,baidu,-0.5298831796087164,0.4047234812015097,1.063544807561354,-0.8880613568114043,0.1776715821052149,-0.3154655233865277,-0.8186649974582663,-0.7084950078376976,-0.35366213388432466
27,baidu,-0.318928349555511,1.0683319716372306,0.9980053846771554,-1.1313155423755517,0.0739601178387867,-0.22791222654170218,-0.6456174126496367,-0.852169253616863,-0.2745443798432393
28,baidu,0.8364992551631757,0.88451521981929,1.8069942622782114,-0.331121838708604,1.2214618835575644,0.1624904093322866,-1.0303806536675084,0.25300093278640196,0.3939169510993652
29,baidu,0.01595138844555375,0.9009347318712358,1.152084257956529,-1.3628012963533223,0.555883824937337,-0.07011647088970158,-0.8266688144249814,-0.6981168873778478,-0.1926810937783893
30,baidu,0.1139916730199493,0.49310026351043956,1.14779005663695,-1.3753592941339954,0.734474791597325,-0.33873346416394706,-0.6514416601823514,-0.8377326655596152,-0.21333378125506056
31,baidu,0.3165042416693161,1.0493309237295423,1.2958547113857652,-1.4131923437586487,-0.004161536396543238,-0.06651752693053128,-0.5651089182573327,-0.5301306835247968,-0.08275675959233213
32,baidu,0.4440724058043761,1.2128546978275796,1.221960987605297,-1.5794108403366656,0.7412205349389196,-0.1372978224864381,-0.6660023351518432,-0.6232322395810824,-0.04629294129896045
33,baidu,-0.26632652735960144,-0.14232192139133995,0.955951351098765,-0.28649889821570707,-0.2565799222880821,-0.6316131815294176,-0.8900321572955588,-1.5644209168279033,-0.40784531955739356
34,baidu,-1.170887838064285,0.638658939081595,0.6783417585526447,-0.015402931107175666,0.03358154529627584,-0.4067355304725609,-0.866655499433483,-1.4049738658192163,-0.47952130984985086
35,baidu,-1.5617994129426975,0.43233964354127186,0.6872983720391106,-0.4858316905330003,-0.16203648439737,-0.27949023839728987,-0.24876963933571808,-0.8474082977429022,-0.5418451020036588
36,baidu,-1.0881446324948378,0.9425390886130456,0.7355447740015828,-0.8039194212014857,0.28789248728199457,-0.07901055307859262,-0.9510999603091153,-0.7455448001941528,-0.45109647194006997
37,baidu,-0.948777171299139,-0.22486580569348902,0.5690430224651062,-0.7459309975775992,0.02668299586875061,-0.6324876090879724,-0.6776533392642594,-1.0994768939083246,-0.6034256511920371
38,baidu,-0.9222577900348763,-0.28857182657050245,0.38482982814897126,-0.7559710458062823,0.07650978045020863,-0.4932488980709897,-0.7902400303501613,-0.26178818122285374,-0.5254362057348263
39,baidu,-1.1433569759303053,0.7887531556025483,0.6039974121289098,-0.5044495386000938,0.0469324652181306,-0.003001748148574734,-0.9046173793659518,-0.9601448593807401,-0.46967411568608175
40,baidu,-1.0429038221024522,0.29080473463553236,0.7464098237386873,-0.5807980100549595,-0.11431625074335618,-0.2233273427416651,-0.5153899649355398,-0.6066713563365087,-0.4334898803742472
41,baidu,-1.090894431489943,-0.1421363045669433,0.8130360032299908,-0.02168102783526492,-0.6257950009043726,-0.48971876857354496,-0.7818497892051062,-0.18409320322900546,-0.4294201230148917
42,baidu,-0.9502415231057658,-0.2480045095895641,0.5435432698931224,-0.41203544746203274,-0.23834717296900038,-0.48014577810899706,-0.7124562617835825,0.17361146600624175,-0.41719416837968387
43,baidu,-0.47092049840809685,-0.45923610470642995,0.3288644065959976,-0.4214459335338502,-0.3185192017368758,-0.4876908779219517,-0.9350943012983818,0.2768901870770953,-0.3582946367978339
44,baidu,-0.6375186091320222,-0.3300564948096236,0.4788588040009736,-0.5564601448523194,-0.08054917028794999,-0.43233544650099304,-0.4172032534399488,-0.16493705424106916,-0.36203030449784596
45,baidu,-0.9098103817405317,-0.1689236702657536,0.5444919702658092,-0.3856596987419811,-0.2740896694162162,-0.5003225119137006,-0.5959990945907029,0.26019362347483965,-0.3735885229402901
46,baidu,-0.7307367792689047,-0.9096195604818369,0.2018693536694543,-0.7313895469141094,-0.6835951584338069,-0.5491347229520579,-0.3614527976854003,0.21325253500499197,-0.4980971450496843
47,baidu,-0.922452451976466,-1.3982103894193765,0.08043392306633287,-0.246229628499067,-0.6182787854499326,-1.0095273725219374,-0.9839652836458315,-0.452769247639414,-0.7097046583916516
48,baidu,-0.9712179471544946,0.5116379425774398,0.8419979845414918,-0.6837194977104165,0.43464151651684635,-0.3233762307428522,-0.7988954563244767,-0.8993160688582524,-0.44191463551884064
49,baidu,-1.0270732377414196,0.06431988398275994,0.4435438506545493,-0.843139889423972,0.6621220218564012,-0.7193323027406199,-0.6184816344909789,-1.0090249357506929,-0.567074942814412
50,baidu,-1.200367856050682,0.8376807799877034,0.2147926882608252,-0.4839714284657301,-0.3382338039810925,-0.6470556377784601,-0.7606142118494484,0.36084987195842116,-0.41652397079640796
51,baidu,0.271911938734793,-1.2685515150507778,0.5211528558237343,-0.6322513046286582,-0.49680084206144687,-1.2319000269964198,-1.5042061842800873,0.359400678468045,-0.4022702277410792
52,baidu,0.55395906249369,-0.6681240843132799,0.9311109628193625,-0.35908571128726,-0.2798716032697053,-0.9657619338020156,-1.537144239874567,0.3021616066959653,-0.16308482849188188
53,baidu,1.3239207743985495,-0.8574624823405875,2.063117123993881,0.5934859089177683,-0.38557411024751825,-0.8273446250058989,-1.0622737757965435,0.6925204732992241,0.3827954999137371
54,baidu,0.596124235683268,-1.0171898772921169,6.121597271384221,1.4972087486100234,0.4165637813161029,-0.22071773142599982,0.4931004302076544,0.5181631277423274,0.9600840330692193
55,baidu,0.29617041217375895,-1.8024994050574314,5.728976292490903,1.887598097250535,0.8222034892549132,-0.23137586945647223,1.1958379598468531,0.5348088531901594,0.9558392520485642
56,baidu,0.08900502696295289,-1.8588042157056104,6.213066905215372,2.002921550554662,0.8680446661908992,-0.018038493264237888,1.6296494697379578,0.32576031705004327,1.0091102519977564
57,baidu,-0.04790924008024366,-1.8639076536196009,6.36778242611179,2.1515485764623294,0.875652321694721,-0.06700025808538516,1.843064075040051,0.44775059094369435,1.04993656878091
58,baidu,0.3608094341606561,-0.8230292888522797,5.0295295920216745,1.4452612809883096,0.2326207328390118,-0.5303530690764503,0.333744660353391,0.9212461671329044,0.8067133541109266
59,baidu,0.5098048753217697,0.11611528007049325,3.9156900765045752,1.1103142545469686,0.7583018318598972,-0.22408479719181404,0.06453547000902911,0.9368340945747813,0.8146413902249987
60,quark,0.23896353191697264,0.9785687499148938,1.0674240560618056,-0.49557711573664787,-1.8812046135989018,-0.7954846232696554,-0.4607005846074225,-0.7645437241903746,-0.16981872499356565
61,quark,0.3981584855654143,2.262481639979277,0.6000899081210748,0.2552438320022029,-1.8993129101775366,-0.49900258118641605,-0.43272878974909573,-0.7956431371301445,0.11119927249286866
62,quark,0.04893727539223086,0.48004106653231526,0.12989647308821886,-0.07326865716020707,-1.2328017781917784,-1.0221420913590968,-0.7011053031961336,-0.10442748045067096,-0.20488036363363835
63,quark,0.38859953782039536,1.6243729225694414,0.03168253818622548,-0.6899872422470273,-1.0354293569786253,-1.0290694726766754,0.18831489605866264,0.712179044053624,0.10255486203256185
64,quark,0.27500184841818653,1.6644907608164305,0.23602866864473984,0.15741624957587805,-1.4999254322553457,-0.6700016856069905,-1.0454320837429127,-0.23066309216723854,-0.02813810946526864
65,quark,0.12325087252280462,2.2140928089207783,0.3598419874405371,-0.6626668483687675,-1.4949860658402176,-0.810968678894365,-0.24817028951810186,0.3203951873092966,0.012013617720248665
66,quark,-0.6177961460036949,3.4894294348605523,0.34859787714851337,0.08853159009813684,-1.6257681818511338,-0.6942243469744999,-0.29323985380427237,0.49495791839014136,0.09292412254185381
67,quark,0.10371215052679367,-0.12638999754674046,0.13663442511597323,-0.8339743251786942,-1.233114436402262,-0.8821797054111742,0.1395675201819817,0.05985452630053313,-0.24537380336263112
68,quark,-0.5175622704361529,1.9638109717159418,0.116342899401702,0.1488994961123131,-0.7340772720773455,-0.4278567989971172,-1.254988153507268,0.8160406772477761,-0.04924407593002101
69,quark,0.3105158669484064,1.0300078872589375,0.25238014602671777,0.12180210996479014,-1.586941911330184,-0.7861510555906988,-1.1992257200860934,0.32215507613745786,-0.059479930016314575
70,quark,0.7563057803610079,-0.6602373813701424,0.13237455047702854,-0.01474650514871775,-0.350408767835664,-0.9841220238233751,-0.46094071664812425,-0.6753043743267906,-0.09958944453257715
71,quark,0.5314550184868013,0.9240200653271413,0.6952931948793316,-0.26089938617257064,-1.8341721658330996,-0.6539943175186927,0.21284652256237221,-0.13456480026820272,0.07968107802742132
72,quark,0.9205379603239091,0.9567932620070615,1.435464980972657,-0.4116527355837526,-1.4154145188251452,-0.8929984844055668,-0.438633930848981,-0.09706710702965295,0.1511773502157646
73,quark,0.5521509250564293,0.6592828907646667,0.8963641821707387,0.1346638661758996,-1.3882609691407963,-1.2456635048712732,-0.6870129075492328,0.4918521450653181,0.08454311138074376
74,quark,0.4735650903608398,1.1236048284215474,0.6032153893984762,0.05340810894221022,-1.6131033129430048,-0.9358506700041402,-0.06825110913543134,0.41752952765262824,0.1513370609023237
75,quark,0.6464389062599784,0.72597045660603,0.5037910910167562,0.11933729884543547,-1.6873375286892955,-0.9432598341968134,-0.5147282636174114,-0.028288120031563977,0.04516759264697642
76,quark,0.535229985548496,-0.19354360951257152,0.6214553754898953,-0.1896135592925465,-2.1030016572448367,-1.2540985768715054,-0.31800909478254125,0.4392011991145811,-0.09332034691010657
77,quark,0.567056339195166,1.7769770277802839,0.9087356918732039,0.13405102170625885,-0.9919041655445133,-0.7043283512531185,-0.3928455762734179,-0.6210885086125445,0.18200435102089263
78,quark,0.9834238569001901,0.34869245101538243,1.0541740285209176,0.31664841682534345,-2.0728750878120246,-0.88673383276031,0.03842542464785099,-0.347526743457892,0.18617437097369258
79,quark,0.6038784776280244,1.6100159299196621,1.6920055556276261,-0.7527519038402152,-2.154184964317082,-0.6751633974855566,-0.12861124484738065,0.5558589637333948,0.17933112514556093
80,quark,0.9310658984075972,1.6183471033285577,1.2297604583525064,-0.6369891142696369,-1.1848642442718151,-0.6359567585989775,-0.5291064233034957,0.16259955242645138,0.21812409940022895
81,quark,1.0382394014782403,-0.13164347389487796,0.20203932841578365,-0.08228805184758854,-1.0227501699264705,-0.9151237651615679,-0.01049921236035069,0.22417282156130755,0.13924604089441028
82,quark,0.6721459693494951,-0.7135474080824941,-0.06366070341571806,0.3429027452511577,-1.1806228915007277,-0.8898055222717232,0.36059431122862623,0.22179051788258394,0.07520563956809194
83,quark,0.8898161732860235,0.1343565906121038,0.33104459911532974,0.09220365707878762,-1.3941127008541268,-0.8470200124745318,0.26103440438174147,0.1816953523176722,0.17858049826174702
84,quark,0.9839576881007359,1.338512697995372,0.13767938389712547,0.0055984267885755435,-0.09066744967946383,-0.4023805059101886,-0.11330542790765177,0.3649329369615296,0.3895287575993071
85,quark,0.604522757555853,0.9186892801480159,-0.38595767619359156,1.0809160996337452,-1.5813887889580054,-0.6929945730418662,0.1846370793146312,0.18477332411704506,0.28292522058241504
86,quark,0.31412154177329793,-0.6940236156692231,-0.4307675433223735,-0.2794417525386102,1.3062949915669266,-0.9101131386973429,-0.33767380738796526,0.028910631130974227,-0.09480218133422365
87,quark,0.26604574542571874,0.9672847088531092,-0.13626396692149706,-0.09406702118579947,-0.6097925104612641,-0.3512425625792076,0.040349975690992156,0.2958459525506408,0.10800656728417864
88,quark,0.047217599776245386,1.9038602275112826,-0.3724301683837392,0.7535011066196353,0.4719042686139358,-0.4506055341910385,0.06706137366002375,0.004385053275244698,0.308258889620332
89,quark,0.24777137352739997,2.1631427684186195,-0.7190056273674752,0.7796872394947414,1.0579663740833207,-0.6174054470448416,-0.47937483899323247,0.4180509693358642,0.36542470312411407
90,quark,-0.25768210522241514,3.117416241532622,-0.2625855738606,1.5167669004427833,-0.36684951932717713,-0.6263597611335656,0.31946516079081416,-0.10813642041747304,0.4412758542092485
91,quark,0.39899119794281285,0.29384923402636065,-0.5499859219250309,0.01865819496478833,-0.08382183558580726,-0.6448844684731861,0.044835061084521545,0.4172518284552483,0.08589313504970403
92,quark,1.169793216871538,0.13147534651262568,-0.3354866978144649,0.08070591952460042,-1.2035419037244193,-0.19447208712146677,-0.36973926372703547,0.49040979244723437,0.20953461402273704
93,quark,0.9890136199165407,1.0456486839829378,-0.4000331085360814,0.8118867695909807,-1.7920944201080495,-0.4246589611081434,-0.2660165366854032,-0.3358861758274153,0.23666183229727314
94,quark,0.6073409784235294,-0.20969147999592352,-0.5490277157228256,0.15334838914776217,0.9268825596205531,-0.5271958833439111,-0.3568651503604312,0.3174106378466075,0.12728014838582308
95,quark,0.11681522974523278,1.0691582189975541,-0.5068260692661676,0.8472740636842145,1.222867202555038,-0.6719066135478624,-0.13491321833579573,0.2147687902989069,0.2789230673826881
96,quark,0.39010893239738353,0.5913231828518309,-0.5852816855007218,0.2551512908840176,-1.148583477361442,-0.42912077343723476,0.3789199846489855,0.5093574478548795,0.148063702908728
97,quark,-0.16999635638322216,2.0610441449449697,-0.4612697387009446,1.3680261672713783,-0.8390771945974828,-0.11355862719036051,0.361418341958235,0.539639775414005,0.4009930709137104
98,quark,-0.33910633484502745,0.02891265721595837,-0.5378414729396506,-0.07445676980767262,-0.9329010231145868,-0.5756600088326904,0.39822227722167525,0.8364327209122306,-0.10487356779170205
99,quark,-0.28663783690780803,0.15217353872779024,-0.6430127009452294,0.626201008897068,0.9330964392154314,-0.4494007348064668,-0.3348700031818744,0.0035631483099195734,-0.018517638423004548
100,quark,-0.7687003759459972,2.049828648100795,-0.49198482833750773,0.13703357548357528,1.6454472542408451,-0.28381801628585884,-0.42273896757574553,0.5149420287387462,0.08693361878111637
101,quark,-0.4834978394116916,0.3274036359145488,-0.08383537955230728,0.5456437452253086,-0.8166775183112613,-0.9577559018382699,0.17662837333076575,1.1822096576488417,0.02267159012917605
102,quark,-0.32604114553480784,0.31642185612915075,-0.3299738697202659,0.37116460737372503,0.37003448647694565,-0.4891471976032203,0.25438691665514274,0.6775880460682218,0.08092740008638186
103,quark,0.04164575646168178,-0.20262742031411038,-0.30380050313059953,0.26213056685193364,-0.3360025567204147,-0.4441492671392911,0.08440849885572949,1.0667954970712288,0.08403248472884926
104,quark,0.3200210030263708,-0.5601150117635232,-0.17479137203070322,0.6703826934876311,-0.36231235696275843,-0.8932351636059488,0.0027364628631820756,0.9126997973998511,0.13580923864730235
105,quark,0.15636763134734802,-0.8404997624287253,-0.8304967136814614,1.132608784981577,-0.41008755503925726,-0.18229878044036266,-0.5403390407534613,0.6021455894023009,0.03627727257556958
106,quark,-0.2194292698010301,-0.785255677269236,-0.6887149903786528,0.8466177477640688,-0.4505499357217556,-0.17876843298419978,0.787843092532018,1.0431374213696192,0.12539054987654194
107,quark,-0.6203204023712836,-0.6665582806700848,-0.8080508691300425,0.7748456069031622,-0.6332579842557187,-0.31027694597510624,-0.002442161540293183,1.1641403161426573,-0.09728196991985112
108,quark,-0.5469906599696549,1.1904706173805015,-0.6048696971491068,0.4851897520791541,-1.5919242654089658,0.5370741697568545,-0.13124440595421655,1.0949886215325482,0.052174768200452956
109,quark,-0.2987820015833915,0.3792562258246712,-0.38094489727096625,-0.08676672059600547,-0.9610002512923523,0.7910040771019672,1.1513997026481864,1.1960443129357654,0.1924180464858409
110,quark,-0.07390502117672028,-0.5509680044582242,-0.7758177361936874,0.27243793115865533,-0.1857257603549097,-0.012709713067762612,0.4250951168050097,0.7789717572216831,0.03519289425757265
111,quark,-0.23801955135846484,-0.916867129907185,-0.8654207735446584,1.8597710443279452,-1.9770808585715194,0.9394029663041521,-1.82991570568935,1.5009877775674825,-0.03335536342518489
112,quark,0.31303357710748486,0.035890694347870074,-0.4773098164894611,0.4828644836245418,-0.4613207040577524,1.0392916033407735,-0.8404086873171577,0.6297276779975676,0.139237202001359
113,quark,0.039067503015109556,0.1909491387882193,-0.6788088066756065,-0.48132638730813543,-0.8431585628092907,0.1818093623728777,-0.18332847417915174,1.6431039253466713,0.008832566356908494
114,quark,-0.1482503120475565,-0.6820918497327939,-0.7624843366597419,0.3346711526560924,-1.413907626974441,-0.9277321200528813,-0.09990098602592401,0.956556383673996,-0.18656695384353778
115,quark,-0.41036218206038916,1.0530576630642967,-0.7355662647905616,1.0738505313602036,-0.35626430118604946,-0.27628804703505144,0.5137146552382245,0.7515512467906058,0.22787163196004054
116,quark,-1.1005542793161445,1.1791246143807566,-0.7216707132650495,0.8829876171798505,-1.313588521624868,-0.2601319006272864,0.0006842681554204424,0.8749990234422472,-0.08320563988666811
117,quark,0.41999487750768816,-0.69093971990239,-1.1398882782094537,1.912354843421547,-0.7390241239557833,-0.532053404993413,-2.088258009401715,0.19171111325362494,-0.06699689124529995
118,quark,-0.030393545054402372,-0.2707067804967215,-0.5656899046579033,0.2960803519966686,-0.6163264852325694,0.23557325283615718,0.0560581459558551,0.3294883479512116,-0.011799577982577596
119,quark,0.4865430602422731,1.0335304363965891,-0.6734688553350735,0.5443052326065458,0.7309030145698128,-0.3772765906135992,1.7539197841903604,0.23001984738458114,0.5353069865878398
120,Google Chrome,0.4836266021523385,0.798200730437791,-0.8127629583529741,0.1984676867648768,1.1901118591403732,-0.5852094666298248,1.2450544536232473,0.22068055138268447,0.38915988840624177
121,Google Chrome,-0.27327754565364887,1.0427621374953897,-0.5728868809485602,1.4781600010087212,1.5057048372385706,-0.8002792479023647,1.0656056204512203,0.03418635943429229,0.42066650381410325
122,Google Chrome,-0.07913341751735531,3.8672283674605876,-1.0976430400189594,0.4718113145704752,0.83769539412256,-0.4637064965552327,3.0080370124886175,-0.5726805374149128,0.697075182290044
123,Google Chrome,0.8807875821284998,2.241613893351818,-0.1664040339564888,1.2618348279245686,0.7735674666990452,0.5763560037150581,1.1274853838956316,-0.22493081824630082,0.8693808976394559
124,Google Chrome,-0.607602717741304,2.8986755512160682,-0.3625009514377618,-0.39669267043556417,2.2672310196445276,-0.11392773149063098,2.0620908862927347,0.62393302754214,0.5178220800975061
125,Google Chrome,0.7010627396228154,1.2993521498352045,-0.4835132597600846,0.8475317126562281,0.8720217423345209,-0.2987509926131538,1.2969009537582246,-0.0429730466529209,0.6116905464628506
126,Google Chrome,0.6759210009984749,-0.5951228105722736,-0.5654135386567483,1.5815333418200315,0.9123902524258573,-0.6383508547042455,0.7672262735474314,0.5428264712426838,0.5085546061310678
127,Google Chrome,0.6059904289477459,2.490697391769159,-0.816249010925277,-0.04889298517368719,1.091837020343314,-0.11592308511704318,0.9882199043471447,1.1654887510119925,0.6527894143305855
128,Google Chrome,0.27876868406926086,2.020106754948271,-0.6042194394810962,0.13261404275507832,0.6460261361820696,-0.22668428187076542,1.5274262287823677,0.7468419640779902,0.5526915485516318
129,Google Chrome,-0.00817732827735427,1.9825948386465517,-0.5651867651947674,1.6827870512873244,1.2697178618460119,-0.6260560253688121,1.1840808926469677,0.5602355058434534,0.691330382191665
130,Google Chrome,1.392687499233938,0.9593803979177487,-0.9051700128445038,0.6243212412718911,-0.5730860581485641,-0.6296210585183395,2.5659629891411373,-1.7231819764817642,0.5267616466662585
131,Google Chrome,1.0664828526130503,-0.43281866373811756,-0.5612500993033146,-0.08380846657412785,0.4518883026369351,-0.44776769667579125,1.6877841122913413,0.5761631943447071,0.4441020084151722
132,Google Chrome,0.8308391557214824,-0.7743769309502376,-0.29028200923341096,1.275219340759907,0.6438414074877098,-0.5027446747962758,0.5911840794022254,0.28841382784598624,0.4418022840027913
133,Google Chrome,0.7631447976461561,-0.03808661180826155,-0.421342099108886,0.6489173663704977,0.8608654040013805,-0.4959864290049789,0.783648373023961,1.0526314711769482,0.5069844310006746
134,Google Chrome,0.8723713025366403,-0.08118067166031581,-0.5170072263552579,0.3408923719369079,0.6231137611741993,-0.537926761206439,1.4366003390674829,0.20795602561323262,0.437356708006336
135,Google Chrome,0.6263169234789124,2.836541125066228,-0.29404235338320134,0.23171087996224415,1.11626310224918,0.3597885351879243,1.2037370352452366,0.02948544872429865,0.7221488904166667
136,Google Chrome,0.3834835722256126,2.7410655478584016,-0.32126848840498495,1.3208082601966682,0.7776162629368683,0.11514123938590302,1.47279610229386,0.29686045217678947,0.857301868274999
137,Google Chrome,1.0859981699787349,-1.5978050874015002,-0.5179634810551546,0.41812406409003267,0.31232236207273134,-0.7977792263038754,1.5385093037545792,0.2066224134641769,0.3236724534082026
138,Google Chrome,0.45889379699898425,0.20709882683923514,-0.24379470976211667,1.716621532880782,0.8505852128299121,-0.45897970423807044,1.078317854872859,-0.11067247724598775,0.5594158993341334
139,Google Chrome,0.5391463542110798,0.9100263496935974,-0.26337094355668567,1.7360164464487213,0.7359096962845996,-0.3349042296189533,0.6796303982353031,-0.191058023022444,0.5944107923569691
140,Google Chrome,1.0111252206345906,0.30215265843619116,-0.1403106257214969,0.8095021577499756,0.983272525647837,-0.09962158726453071,0.4602480235415727,0.14474327630206762,0.550873134376339
141,Google Chrome,1.0446764282718357,-0.20668146485677938,-0.6953433848483006,-1.1683472353235893,0.22028863371858257,-0.44635352232381786,2.0718169749089297,1.2539461366965348,0.3742338407033231
142,Google Chrome,0.5434132230921976,0.046861180198717926,-0.214259920863833,1.8529325914210713,0.646534738592061,-0.4268977405461657,0.9535528877414695,0.012454051072098456,0.5773967461950454
143,Google Chrome,0.986052581248372,0.2135880337710354,-0.110448366143388,-0.6937400349972688,0.025758888194310277,0.24839996101786818,1.2075698163413353,0.3777942584668812,0.36343670906120107
144,Google Chrome,1.1182487600030249,0.32636892919294686,-0.717668764472309,-0.09930384065821553,0.7363804065717324,-0.056748801108734225,0.10159819647294938,-0.2606463609525058,0.2705899167312069
145,Google Chrome,0.5903161010874416,-0.4369345329584044,-0.8575849281618059,0.5811053390992293,-0.06283992141483198,-0.4031265027738339,-0.16284873640725045,-1.2542422225548275,-0.06487432902856566
146,Google Chrome,-0.07462623856139369,0.11006162882340607,-0.29106295705231827,0.7714071804625661,2.6939129441579124,-0.2783310088379337,-2.3897872078149027,1.3546435349490582,0.11175082519059193
147,Google Chrome,0.2684396527221144,0.15696829035242146,-0.8318952332144476,-0.5382648845253324,1.5759637296003708,-0.4886221260663452,-0.26601410540770304,0.893552843482269,0.05927949376223668
148,Google Chrome,0.9070594040369967,-0.6230265082251045,-0.5306245418382697,-1.0211112832185452,-1.8876894405071298,-0.23898034490101705,2.306255794068051,-0.289086270842955,0.06263818424248618
149,Google Chrome,1.1253584759827004,-0.23488746772258742,-0.8199328977741717,-0.09335649678851098,-1.2944509940318394,-0.6102661638371492,2.0769793692382237,0.44086604591657896,0.35779591845655917
150,Google Chrome,0.455134832019062,-0.8518556466764484,-0.1456919303581575,0.6251762449857149,-1.991212084540725,-0.12212658577830462,1.8845586992982593,-0.7028196215057253,0.13995168972362718
151,Google Chrome,0.2269971059232784,0.25036297522472556,-0.822620734763828,2.490732915642065,1.2620469470931013,-0.7394754739215443,-2.0032457425251566,0.5302576601103749,0.2747616010984633
152,Google Chrome,0.6534770928386087,-0.5476754345874717,-1.3394661480846664,1.1394609358880892,-1.4413190341189017,-1.1139006646600211,-0.8690266918587467,1.2481639061389502,0.040183805298326464
153,Google Chrome,1.319087941110057,-1.7417030542994083,-0.3527712693829527,0.05521464728810892,-0.8666566703165358,-0.4342315971282167,-0.052475838789607675,-0.23434331914334267,0.015440534336853806
154,Google Chrome,-0.8496009605461498,-1.5303263000760103,-0.5081613770413886,0.5633686078896397,0.07101450995208028,-0.699251124914886,0.24478101472645042,-0.7279542925266883,-0.419347549191532
155,Google Chrome,-0.8512943661293139,-1.52133897325331,-0.5053158262086184,0.5585700184733529,0.07323113700727785,-0.6358201872937668,0.24302742591358242,-0.7263858008034976,-0.4144507921783038
156,Google Chrome,-0.8516368335877451,-1.5297198461606523,-0.5134214660056341,0.5626607420209937,0.07501178249060322,-0.6806061206941189,0.24523324280824227,-0.7269058340451433,-0.4184865855712371
157,Google Chrome,-1.3680070608059451,0.6604749693054646,-0.6587807248404987,0.8335982974694909,0.20759349254523007,-0.4733502762141227,0.5761608657245249,-0.6933471248932026,-0.22457154431095155
158,Google Chrome,-1.46940132740559,0.8871269788815204,-0.6954561773725344,0.9180000963094873,0.18363371343980803,-0.5609176298213314,0.6665304732752013,-0.6886887380656321,-0.21267499707944815
159,Google Chrome,-1.472563701312906,0.8919310923105056,-0.7034956408438134,0.9031824164410758,0.200065093275884,-0.394596788019114,0.6598954771440113,-0.6832818737415387,-0.20248872316510452
160,Google Chrome,-1.6103028178671275,1.7509602987652235,-0.6985103477626332,0.9438477603060588,0.2705609250071821,-0.21415010962565711,0.7215084334211173,-0.6757415775141159,-0.11621543177177544
161,Google Chrome,-1.1502098206065237,-0.35352319072123545,-0.6133522688724653,0.7182589591136926,0.14936174400348387,-0.48704682591215936,0.4392612264245527,-0.7037319025963384,-0.31069448036188363
162,Google Chrome,-0.8636871045296196,-1.5242101488939623,-0.5429213328787988,0.5575180110271578,0.0984206662801444,-0.5593996112552939,0.24742789615331445,-0.7205424085106615,-0.412444277782124
163,Google Chrome,-1.389608117135194,0.7268341484190638,-0.6534821734209837,0.8341137371620021,0.20785064752856652,-0.30672233419432643,0.5862912568975202,-0.6883791234290898,-0.20812970597936345
164,Google Chrome,-1.0268184967712501,-0.008472680380400674,-0.4432262963961983,0.5492817785507542,0.2339719178505954,-0.10157683855416064,0.27347067257819396,-0.7148798785382522,-0.24560528912931165
165,Google Chrome,-0.8578037567104266,-1.511992852293142,-0.515829096419238,0.552630819959113,0.08504411039157188,-0.5343608961275761,0.24261370779144537,-0.7224254334543085,-0.4080475635502476
166,Google Chrome,-0.9411090241074677,-0.19774102981350858,-0.4053432367147969,0.49511933607900677,0.23725573563546803,-0.1939483781260915,0.20639089932520271,-0.7240046025359774,-0.2653080995391176
167,Google Chrome,-0.8650499750252734,-1.5186272052327805,-0.5420358455523694,0.554474975570167,0.10042021313667203,-0.5176719173946173,0.24643088239763464,-0.7194155388405579,-0.4093165603845935
168,Google Chrome,-0.9661498186576798,-0.7031882616860851,-0.4859816940159911,0.5650882963729569,0.1568810754054915,-0.2796678193307109,0.27626980875280116,-0.7161206644868315,-0.3199137985737045
169,Google Chrome,-0.8599862845049854,-1.527530395711875,-0.5352473806106012,0.5599054152734839,0.09144415097703523,-0.605821776098253,0.24716265062461187,-0.7226303740220704,-0.4151023557222393
170,Google Chrome,-1.1491879377156262,0.21592882082788908,-0.5362794729147742,0.6494906084831972,0.23514250632464725,-0.22992569869809018,0.3808217160802179,-0.705655074869392,-0.2401397150171884
171,Google Chrome,-1.2984550594966888,1.2221149839977234,-0.4122261127673563,0.7139549562181874,0.21939037768207434,-0.10251386668146699,0.4624014922644321,-0.7094531918785263,-0.136503012755314
172,Google Chrome,-1.073060514176035,-0.36069762140919975,-0.4182415437009677,0.6711505434944287,0.05589068675722493,-0.45726982895939,0.38249566929471035,-0.7227827318000771,-0.2966352896596183
173,Google Chrome,-1.0706150505620093,-0.3578861044796752,-0.40954115596538854,0.6678837390498006,0.052772113512750574,-0.4365593690475882,0.37979013390770056,-0.7230592702312045,-0.2945357464535969
174,Google Chrome,-0.9603182834713238,0.6176463852140396,-0.13466293210179317,0.45603698175236834,0.18982134464701905,0.07862913140436176,0.176268197993642,-0.7415015777899386,-0.15964478852988068
175,Google Chrome,-0.813862634826396,-0.9251914732627281,-0.307896223513362,0.4625879042634821,0.10192791193790639,-0.2920928593077526,0.15561284315245863,-0.7377476256947605,-0.3282900874681449
176,Google Chrome,-1.396734821502211,-1.059126324498271,-0.33182619804738617,1.6261187722838877,0.05094398112716954,-0.5643845139967343,0.3928027611865964,0.2033918841573215,-0.18103521790614008
177,Google Chrome,0.5979057909542175,-0.5229444140418562,-0.7099475516432754,-0.8217029894459938,1.0341461182562133,-0.819420530068252,2.379161541927934,0.7321205717947135,0.2927450015046967
178,Google Chrome,0.3884047633215697,-0.8112762316017951,0.14283336090490723,-0.9222248046581747,1.74005060334204,-0.43981344733095834,1.9129160216689183,-0.04337077969848419,0.19531415968933757
179,Google Chrome,0.3557510264460012,-0.6621279621412763,-0.6008480844137303,-1.013216048049205,-0.5353855681489145,-0.7119031192869363,2.23713568841465,0.30772551182176366,0.027822262097931514
180,sf express,1.0072634326205976,-1.086947146962733,-0.7032078799079935,-0.5796368662084969,1.7204757526629315,-0.6817485449618419,-0.831188741987526,1.8723968334020065,0.16101946770281347
181,sf express,1.1156781012659671,-1.661785241163925,-0.6887853435584134,0.2589078568658184,1.4284602093692094,-0.8518048129787116,-0.9429748040480432,1.066152109521843,0.13679290349021533
182,sf express,2.3874783453387884,-0.3072165732188835,-0.6599710503163478,-2.4601883262390856,1.1339712919025708,0.1658614317990789,-0.9968928686769809,-0.0007299760121523417,0.06592743682306991
183,sf express,1.223275378590309,-1.224343261530789,-0.682335754622355,-1.6946216119175863,2.198350228015311,-1.0238251851667772,-1.133300065962745,0.4875328079576595,-0.17645744138290673
184,sf express,2.3151210588567466,-0.7973754053554539,-0.4239495416814312,-0.11877272381488761,0.42462050016416286,0.08651361925437273,-0.3776895105133696,-2.844319711958935,0.12046269648743348
185,sf express,1.5559453678194832,-0.5624215655536842,-0.912154253546857,-1.0060041149842252,1.5250572022177782,-0.7214076880504635,0.16959547902108746,0.5862546139977086,0.22851634229613674
186,sf express,1.248501052270638,-0.7857128423719684,-0.36549402795764413,-1.0099162268337545,1.9030547008995689,-0.3724163909331263,-1.3026793520287472,-0.37563605007174256,-0.0709673286929122
187,sf express,1.180335340026256,-1.123629292853932,-0.21910456234496917,-2.3501947108834003,1.3185545336565108,-0.6767632748007376,0.4522006986224371,0.009983521292882897,-0.13599428203066963
188,sf express,2.394513195386823,-1.13697712991658,-0.6710382386943001,-0.7221733886880558,1.2203301290668678,-0.6290437983814245,-1.2786681236855306,-1.850167488350009,-0.020540352351579604
189,sf express,1.0859162516775196,-0.629101694951358,-0.2969182813104641,-1.8342019457052616,2.4365071605092696,-0.6507396266726723,-1.2157073735889385,-0.9687445996055054,-0.2736103458611825
190,sf express,-1.216291279766553,-0.8617384203189765,-0.3581579782394364,-1.1350493599588136,0.260441424571952,-0.3252661218373665,-0.6959425592673903,-0.6254571757821128,-0.7904936538224394
191,sf express,-1.9581631588099508,-0.08708279689640121,-0.006211332384521178,0.2386304798743766,1.8682973907573137,-0.3560163655103461,0.17530059744340404,-1.2202691199874012,-0.4860237866499335
192,sf express,-2.0996418572682036,-0.6983786893236094,-0.11574485600933276,0.8135775849450612,-0.25917303124561347,-0.5679885699566926,-1.0886241289286576,-0.5309355430386603,-0.739136900629733
193,sf express,-1.7970090354790778,-1.020842215400113,-0.4000173490141005,1.2075510466374795,-1.363602713466183,-0.7964765561776509,0.09462498052644062,-0.1715914597137849,-0.5524304289514781
194,sf express,-0.4604613486997457,-0.20587938378549095,-0.25344258211812576,-1.151629836808347,0.07960768293462205,0.06523973045353328,1.184491957056284,-1.8178318805473843,-0.4028983784956509
195,sf express,-1.5912090979944005,-0.8024839669521164,-0.28109815968264884,1.185562678018865,-1.085245038197803,-0.6148360921733822,0.014154295118280693,-2.2776970914355927,-0.6878566838646467
196,sf express,-1.788266709997426,-0.87069458042491,-0.09043110181666274,0.48910490929038586,0.07994672870447259,-0.7609492763416674,0.4380744703459529,-1.7726416462372732,-0.6686430790977177
197,sf express,-1.3848385547427797,-0.8609946012231088,-0.5394995650756503,0.7213940684609658,-1.1667455914123583,-0.8065703109869838,0.21077704133480435,-0.6287102157103048,-0.5504005110496348
198,sf express,-1.8761490060650237,-0.8737425594937477,-0.47473179471038235,-0.5330894394121415,0.024838112559778917,-0.6145392243093091,0.3531713614040243,-0.6594024201892851,-0.776121391091969
199,sf express,-2.1754175596566365,-0.8651471210444274,-0.5757724963156251,-0.5263451420656846,-0.975129737979366,-0.6453581227332231,0.10861115190375296,2.552859691710798,-0.596203673684786
200,sf express,-0.36659673051572506,-0.9943746813402911,-0.48271370248419404,1.4410728494677603,-1.0236553897726863,-0.4548948114554388,-0.8004767884371788,-2.6697347550564707,-0.49865465472935133
201,sf express,-2.5089394292855225,-0.8761374484846751,-0.1195399083032736,0.6574451662138455,-0.36328628199408153,-0.36589888013003125,0.6574183966560537,-0.24590813929918567,-0.6257631024418852
202,sf express,-1.027372873563325,-0.8251365680614781,-0.10906697507954399,-1.9767371480192264,1.0672045767583933,-0.5000136271504162,0.510570503773356,1.705560029823845,-0.4013473001790211
203,sf express,-1.9544819029011042,0.4487982673000678,0.061460590407688795,-1.2464495619145557,1.3140154530474912,0.1833239406550918,-0.1971678560775678,2.226627143192215,-0.3318200092023132
204,sf express,-1.6781578958581878,-0.7864022416621338,-0.2456019297059335,0.5261700675196984,-0.3233361727807421,-0.6195072043787909,-0.3089609927816622,-0.3661477086297652,-0.5907309173303145
205,sf express,-2.5563218484213146,-0.7446654099950423,-0.49286836627153446,-1.0382023166283174,0.9781433043501401,-0.9908970410553218,-0.42613279377294294,2.651825269028622,-0.7122976399453094
206,sf express,-0.43445981037387055,-1.2362619194473223,-0.6929998011058213,-0.7594016560417227,-0.18222336365442626,-1.2379183327765746,-0.34339272273229904,-0.2517736746813895,-0.6054982546235025
207,sf express,-1.7543867879923483,-0.2990711579025351,-0.2771322577249243,-0.3341571542742472,-0.7379388231756714,-0.2843270080319288,-0.057485357917731496,0.8570174046333277,-0.5426724090990601
208,sf express,-0.8488410610951962,-0.5169691482157109,-0.6269744133603458,-1.5933128676100325,-1.416494319545584,-0.5994517963210113,-0.10118031050006411,2.6787615567794902,-0.4475986156932689
209,sf express,-0.34622882997083226,-0.37216675053535025,-0.05952894618226504,-1.6739898631405712,-0.7088904918456328,-0.08990343666861887,0.23968607602452494,-1.0380168590614436,-0.5610721075348235
210,sf express,-1.2939418650846046,-0.6966217925744412,-0.37191158069377256,1.279897800514356,0.4913464292253827,-0.9199204873694935,-2.862757812611555,1.920900831195771,-0.3976458185335879
211,sf express,-0.8609241753474693,0.32283909759221646,-0.43253151987559085,-0.16565358040692305,0.09697286417126136,-0.6354664284046788,-0.24549076772424605,-1.663562496288094,-0.515796486249966
212,sf express,-0.8468220723294102,0.9727434139595605,-0.5059332770848246,0.5450613694907315,1.24518424084054,0.2339769332534031,-1.0265113593550912,-1.7786374845772217,-0.2979145753020691
213,sf express,1.893968057580889,-0.5274021189293923,-0.8826254557526606,-0.34375890936362874,1.740424960625607,-0.6546388100552556,-1.3219504547943082,-1.9110465759597564,-0.019181387931719255
214,sf express,-1.101365276901084,-0.23625018909697207,-0.5197683176988701,-0.5647915793192014,0.8152203208848755,-0.19164985738932394,0.7906278842365366,-2.5584682680939244,-0.5960126293325699
215,sf express,-1.718615972551096,0.12467357596992691,-0.538460099745437,-0.1232404110903329,0.8081842951676341,-0.14173202586920677,-0.18162777939033548,-0.0977139599813794,-0.48439317835778234
216,sf express,0.7416080471488707,-0.8439839116937533,-1.2608349775394259,0.4694011245804429,1.4047714706839955,-0.6286336908779168,-0.9020631734979555,-2.057892711588508,-0.22317408968607458
217,sf express,-1.312740839454164,-0.8803100722506196,-0.4096221012461216,0.8111666113390642,1.2651365259158682,-0.2086706555116127,-0.4633529883337362,0.30381271274022753,-0.274934732721461
218,sf express,1.7758102501579758,-0.3325542292154273,-0.2718719974080568,0.8697435514046729,-1.1781230830320544,0.40143302804502484,0.19287669320561374,-0.1817118204992329,0.5015914761149736
219,sf express,0.5795800797414312,-0.9349079918853586,1.4742421424310341,2.016450226093232,0.8015035083350401,0.20630507125465206,1.4667304734568116,0.6819679304730805,0.8600315250498066
220,sf express,0.9029817758222587,-0.812861717193629,-0.48937669481552637,1.0591516232153937,0.8451506047218018,-0.34900159921187573,1.179715060366674,-0.10935160739380771,0.4578157536001508
221,sf express,1.0026149811391483,-0.12133968510378688,-1.0837334746871559,0.6418020457395384,0.2108172712699333,-0.7300513243384792,-1.2704694352097976,1.3203548592174457,0.20871873775434352
222,sf express,0.6891837217720816,-1.2397645455389263,-0.7460932637142488,0.05815509535220455,2.1891317476651504,-0.39816250303579004,-2.7267903105736124,2.458685122935588,0.048971291347929075
223,sf express,0.9670178419809193,-0.9893261595911222,-0.6131783733570594,-2.487808640833421,1.1953901779214213,-0.18635428911552096,2.185068742470989,1.0085512473188296,0.12943062602214198
224,sf express,0.39182382725982123,-0.7356310303465706,0.09519687410161157,1.0317104943167141,1.3701491785184954,-0.10874970479341732,0.5529879623349769,-0.7959548383920341,0.2762906465163406
225,sf express,1.3247472521289267,-0.9071587688600431,-0.7047741044969287,0.26694416969648305,0.6028231535375627,0.18322822363250657,-2.637378510983538,0.6540466372351565,0.027392596018803245
226,sf express,1.134533690507822,-1.0721968455568964,-1.029100289412366,-1.318890454310775,-0.45587317072609423,-0.08381414438024751,0.4644561806176476,0.8149058884982321,-0.017091269521437677
227,sf express,0.8373941163502896,-0.1695105278785039,-0.46597104344860374,0.042592423446146145,1.5294100170038878,0.08466890782967446,-1.1916559159014475,0.3134054676342285,0.15999801232143296
228,sf express,-0.6843138061420004,0.11328457225621613,-0.4281142722776161,-0.9631228680981424,1.3199452048073497,0.225284915718941,-0.5902276601940531,0.8342253921378667,-0.2380540901923086
229,sf express,-1.4538563062131609,-0.8781846364345722,-0.067931951689544,-0.30034214806155796,-0.36578785687858534,0.22991673076251454,0.40625642193899575,1.4158555091121212,-0.3128723194879859
230,sf express,-0.6062415703856219,0.01595466785606458,-0.47795274154917533,-1.334494404958604,-1.4302210711038956,0.4313071063672276,-0.13225377172562708,1.0438909863094308,-0.3857257454951193
231,sf express,-1.4504781192381184,-0.44242994891601384,-0.5164503324417801,-0.4925167108912226,-0.38784305403876496,1.0463404968311398,-0.007211969009135799,-1.1083295987690747,-0.6170383502062111
232,sf express,0.9609964125430761,-1.0396514310675669,-0.6076021372621371,0.6668130503825089,0.0846957860140524,0.18400513729460485,0.06066685434509222,-3.5145048247175876,-0.16778149446701865
233,sf express,-1.858163849406398,0.15056680162160854,-0.23502925371131173,0.28597297683054723,-0.8697093382956463,1.1770341596982412,1.0678860417585976,-2.388759741631053,-0.5356688712955892
234,sf express,-1.363780631406804,-0.3442479520710004,-0.04458854842970015,-0.860562997005318,0.7354402094906095,1.467252352884932,0.9032494221964965,-2.1051802057411315,-0.4959484854808501
235,sf express,-1.1831626291526238,-0.16305441446273317,-0.424285342689794,-0.22070273171137328,-0.2439246314018167,2.1509372986211397,-0.12022131106499497,-0.6034633047148246,-0.32784918917703604
236,sf express,-1.812657564404159,-0.13979311716168766,-0.17457419736276175,0.001265694113209665,0.8776873718628528,1.6336442923774632,1.0388330029929944,-1.313007288010685,-0.32373959942785774
237,sf express,-1.5139654949791552,-0.07723252824255605,-0.03297176216273486,-0.662091242876702,-0.27480567491953123,1.2307820315661493,0.5054529881400016,-0.9034024985707843,-0.4738726577070935
238,sf express,-1.6336834083349123,-0.8994722106088742,-0.33012481417585665,0.28282693850818724,2.1454227393785525,0.8686348225252309,-0.2738237906206649,-1.1468683952284948,-0.44022215413224414
239,sf express,-2.696967410691738,-0.6033769322614417,-0.5131575275373845,0.04046393144343383,0.4272087407344682,0.22306322449102764,-0.20905569630566143,2.523032736315854,-0.48180173595168707
240,biubiu,2.303022015467059,-0.16748777045788873,-0.351874843361915,-0.7316476485406715,-2.4633990835419746,3.0811032016528594,-0.37654270735975864,-2.8528304496478087,0.11497949760679879
241,biubiu,0.6892429690931445,-0.9005023646531528,0.28286468897121625,-1.7404804263398725,0.4113324533807519,3.0579934592844413,-0.5958556832892817,0.8989356135669619,0.1018293330556817
242,biubiu,-1.7914659927795884,0.10119630981056735,0.25304450641661824,0.6931988321173396,0.8624795743527676,2.6590754530086067,-0.846043535414093,0.21621520984816278,-0.1271646969700818
243,biubiu,-0.5902999504633074,-0.4124824318315228,0.08706476699521594,0.04338062608661953,-1.380512799740683,2.927748486282054,-0.3737170640014223,-0.8440608888332737,-0.18979254606050788
244,biubiu,-1.0512335143741987,-0.3750890358616107,0.4991145293317323,-0.3454869303502424,-0.27340448606542217,3.0289426008686164,1.107939203726413,-0.4638268410806398,-0.02031891256679164
245,biubiu,-0.23518633042894788,0.8178115088427228,0.33999671041091317,-0.7797295517051381,0.5963739521844621,3.0623619837759737,0.28415249802434206,-0.9214261043163691,0.12625043479526007
246,biubiu,-1.694496976880734,-0.3710512081868883,-0.18780151282168833,-0.17682937271258972,-0.18865981216530275,2.9496764870273053,-1.1817854881427472,2.5189383923659445,-0.16711643822658157
247,biubiu,-0.5982722030085947,0.08079168000050993,-0.039761064541712784,0.1639282691182175,-1.2005351669524944,2.7361357549812055,-1.1836905328169611,1.6230660614436774,0.04253575061090197
248,biubiu,1.3111115949157475,-0.25861400277180135,-0.2715272981036604,0.32970806022944976,0.9182635258403931,3.0331476363281853,-0.7804799347543491,-2.3749283464503566,0.27083892458461556
249,biubiu,-0.030680368940923554,-0.37290205422259115,-0.13455682108520262,1.7401396284825292,-1.0830349439019802,3.261085656144944,-1.6359890058636484,-0.36612249311043904,0.1691773903298457
250,biubiu,1.1889395893947223,-0.23121176015797626,-0.09992044107472951,-1.123486862880579,-0.8423765029007396,3.2556418253913026,-0.3031062322216017,0.16348697092951292,0.2538532164299425
251,biubiu,0.6847550646151005,-0.03651147690937493,0.46083781079373354,-1.880726056912504,-0.7971435098761196,3.4107202129931418,1.150009571643197,0.0576041593638255,0.25032042975175556
252,biubiu,-1.1289715204874693,0.3621480021845851,0.08739340137100295,0.44346249282964134,0.7705105828201807,3.5576437543205346,-0.6219225849978474,0.926923459465702,0.18434697198982444
253,biubiu,-0.5875053354561439,0.3435622944427511,0.26513896531493947,-1.0285779127196053,1.7180413969376291,3.0396563498460503,0.7392775628979996,1.8832445609843813,0.3907100238634071
254,biubiu,-1.003488223417035,-0.4711601839423839,0.3925315279099622,-0.6667712167968318,-1.0177863836039096,2.92812906974377,1.917685399648092,-0.04393399710832443,0.01024067962766971
255,biubiu,-0.7993126037562699,0.6956424326490476,0.4219334983169209,-0.19492423871417489,-0.9218831070650674,3.5672672407844033,-0.673042993101675,0.6736313663571954,0.0711996438257163
256,biubiu,-0.17191921954770398,-0.04431828949855673,0.008383440279704791,-1.3462524432498795,0.6970907208998752,0.9356339841359107,1.9142197705880786,0.378964858501363,0.1281647797048138
257,biubiu,1.4936065405835124,-0.6066884698933896,-0.9951871659333538,-0.41672009202285193,-2.5231126951552563,0.5362850866225467,-1.2461711818974872,-0.29002057620887045,-0.1574481606017608
258,biubiu,-0.9474204280677081,-0.9054577621513553,-0.013269898655325898,-1.6046864098216167,-1.1093825766758538,0.6216608049643664,2.0516654311920544,0.5118292912171921,-0.3186344822664204
259,biubiu,0.5721319099107983,-0.9449631514059015,-0.7438605990321135,0.7443024442064357,-0.49455701971935,0.3835726479111658,-0.18022522323532178,-2.4893362204838536,-0.1944908959583645
260,biubiu,-0.2456696488130804,-0.6475533740835626,-0.24700115357075747,-2.0666616324659417,-1.7026146238447952,0.24338153014366437,2.0167376862260533,2.131239950092963,-0.10213168146548716
261,biubiu,0.11639966786747231,-0.5419785270908192,-0.17613820231649607,0.5139592828639649,-0.3788501880160333,0.8939474455659416,-0.5089266807677006,1.3542197663597972,0.18043518101311304
262,biubiu,-0.6892103246750144,-1.35164334003286,0.16110353408067657,-1.4204598236520392,-0.9262430848989561,0.9183979409089473,1.6091207687449443,1.6888666704413666,-0.13831511418314332
263,biubiu,1.8878867116790938,-0.17018144748742747,-0.12382299528178313,0.02587331506173764,-1.0923535922831387,0.8771264884292479,-0.848868006138649,-1.9689400993766648,0.12146149453241667
264,biubiu,1.386234944639134,-1.4332198302468087,-1.0801255489777377,2.1187475090959547,-2.2325562691048444,-0.8655060446963231,0.03149406821396318,-1.6127239710820034,0.08306869848287866
265,biubiu,0.6561829990740259,-0.9168378864283712,-1.139051060190307,-1.1113144529987713,-1.2109527207290087,0.407268721694341,-0.9148613900816395,2.294168845404265,-0.11894691116468566
266,biubiu,0.4996889001884786,-0.8050765932940627,-0.3093799622338283,0.1377005043994745,0.5458662925422572,0.7495828251062394,1.186419437180537,-1.129136326983707,0.16200215889919053
267,biubiu,-0.4419128701856421,-0.8218862379446159,-0.54737615335148,1.8603746427739367,-2.2598214796676266,0.182923310127371,-1.2838848919409336,1.317341726093995,-0.07792181593111346
268,biubiu,1.0203536025625493,-0.5267907028724054,-0.15902802044697598,-0.2628700528549867,-1.1795190964727114,0.1217395198283887,0.46217934137734357,0.8265448523324818,0.23112198943137613
269,biubiu,0.7752895069612141,0.03889879474727193,-0.8508812238006181,-0.8789229176818419,0.7866890065588704,-0.5543948805741052,-1.4025266179687732,1.0059641542299935,-0.07382648515249457
270,biubiu,-0.4208117870613219,-0.876335900769945,-0.16773614643695275,-0.9594033340739727,-0.8459192242277283,0.49525529869469953,0.8825183433671575,1.1830469692033436,-0.14770843581844234
271,biubiu,-0.8818637843287721,-0.7904834336403923,-0.3783129052303805,1.7691532083616899,-0.7428452895579417,0.4443509887548077,-1.532098551865921,1.5418235914735152,-0.07091065656146682
272,biubiu,0.7154970153584609,-0.8368498701045257,-0.545906796558829,0.726578181052476,0.5810572743412106,0.028446398474282084,-2.37399780466486,-0.6835010707808109,-0.16113763127747568
273,biubiu,-0.06664756692394122,-0.8484491348082381,-0.7995742398948987,-1.1831616288188445,0.7317739412495636,0.16952710185429237,1.1766824003633631,-0.3090536582187069,-0.1956353634358023
274,biubiu,0.6599935706950177,-1.1361088617623702,-0.2677278002337533,-1.399671770496335,-0.2893130311622804,0.015371229501258457,0.959395088956895,-0.46210552632398616,-0.15724237348740758
275,biubiu,0.5928900498543576,0.35874432632293446,-0.4776611194047309,-1.84331275314329,1.2662563551221417,0.3080515974241523,0.49015040131770443,0.5610300241759071,0.06799275989155576
276,biubiu,1.7550910229307628,0.6419271634332272,-0.24195381226316218,-0.7321838433692553,-0.9136503068313218,0.8507754199917946,-0.9038959184545606,-0.9710746928673296,0.14599285180178442
277,biubiu,1.259960337707947,0.22424707787515868,-0.37334837602531273,-0.8396781910620541,-0.7674683038728736,0.282772189348809,1.6275860031473126,0.37852948458323415,0.3893009577960731
278,biubiu,0.7604661258676845,-0.9351443667868138,-0.5984712980568964,1.4034141340628024,1.2947287674489325,-0.9037323263941546,-0.057687299783056374,-0.5198447340761781,0.24239236883605036
279,biubiu,1.1162734386852706,-0.7604414556395049,-0.13756043882407382,0.3833816353051459,0.9233225654235911,0.5484918835923033,1.1639042385202918,0.11849753210512455,0.5303158696329369
280,biubiu,1.399774908160407,-0.9888893081598294,-0.35285250586164923,-0.7672993148702183,-0.5969605368535043,0.9363454940200807,1.5789215671734058,0.1734239215811147,0.34943415656848853
281,biubiu,1.7835273673289365,-0.37590543535138354,-0.5924679710780364,0.3995792167415672,0.10598349216327835,0.7208616755738944,-0.6554881245966822,-0.18695278053704048,0.3951621537642413
282,biubiu,1.363250218713772,-1.7149449819762819,-0.5878378177600101,-1.1700110005391315,-2.178551587014781,0.6403805501151195,2.889946562083779,-0.1475873270357232,0.17730380009427615
283,biubiu,0.9225369413636575,-0.8678207695550302,-0.5835592382690259,0.34653382586250775,0.2530166495846599,0.5659794554294406,0.4805256748626556,0.7409590533064956,0.36486819691778954
284,biubiu,1.1774482677128582,-0.24110306801421472,-0.19799558322450983,-0.027158884534776207,0.6796834195683281,0.5877047114028978,0.8030156484769091,0.11124685914802411,0.46247992760650364
285,biubiu,1.0627277556561436,-0.40833114275464083,-0.1544118139899218,-0.26468811001674714,0.9583696572662506,-0.18744221231088876,0.4295915316202857,1.1814169053282457,0.41245832507237845
286,biubiu,1.0754188664854958,-0.31946851731694953,-0.35241735389508544,0.7160512561029382,0.3547075698826401,-0.17164201837146725,0.01720320599091247,0.7363534214377976,0.43282764341655117
287,biubiu,1.7129267451953099,-0.3290820969245697,-0.02094752235874522,0.6139570714373135,-1.0021187772851214,0.8307280377118484,-0.08624034150535197,0.42545431384182475,0.5419447831868549
288,biubiu,1.4659183706091383,-0.7626698230482372,-0.16272195424398583,1.2943707830801923,0.4716619002086837,0.8849881366984493,0.6109532854485344,-0.23321166888742687,0.6583836951308032
289,biubiu,2.5053702104234716,-0.3533941390718136,-0.5002513520548778,1.5758280443902406,-0.9145735509588074,0.9604707397354885,-1.4333188039756712,-1.03711474291201,0.5448499788658349
290,biubiu,0.8431241422170073,0.5958775705330365,0.33000900185531434,1.5204434973961223,0.8557633255051666,1.3428162257126472,1.0367316339308048,0.7884306715534918,0.9485468413598439
291,biubiu,0.8377125132749367,-0.1525359785046612,-0.014435822397481438,1.5767789204700207,1.023958473614283,0.4682608383729703,0.8697366763664035,0.9618975907947659,0.7944210532970775
292,biubiu,1.038948531876057,-0.023236841053825556,0.20528090295134113,1.2534047859930364,0.6409157919401587,1.1827413765361976,1.3346727578200295,0.6617401777639494,0.8763358825081464
293,biubiu,0.9101730918508046,-0.053370316430967506,0.4790389544302201,1.6273686688105131,0.7481092265073007,1.6342731141229179,1.0210281943594428,0.7357317443022249,0.9383438971782218
294,biubiu,-1.2555743236828907,0.07876188440142157,-0.39285553326394757,0.39454863481556246,-0.34646956362346487,1.8724868377531538,-0.13055511584835172,-0.08569046308715965,-0.184843796995809
295,biubiu,0.8613611806933904,0.4278471045578756,0.022143325847671844,1.5034675716809027,0.8394890226997062,1.2675701508187311,0.8586002840132368,0.9293017870862911,0.893581126822257
296,biubiu,1.5764943797248074,2.518913165159149,-0.14976910756795891,2.4944658130482615,0.9837789974066715,3.699463130500879,-3.1556742290834348,0.8691601393320849,1.122641630000491
297,biubiu,1.591805961234572,-0.10366873727477319,-0.20696117430478678,2.121860000038746,0.868961341658789,2.8682770375281765,-2.066288684935781,0.9660235920187263,0.8708472517327279
298,biubiu,-0.8703061829843983,-0.9789634219892872,-0.09757639783695192,0.28560579833469535,0.04044108772653324,2.5703397195436906,0.11250160160206749,-0.6725335671684795,-0.14190288462990222
299,biubiu,-0.8703061829843983,-0.9789634219892872,-0.09757639783695192,0.28560579833469535,0.04044108772653324,2.5703397195436906,0.11250160160206749,-0.6725335671684795,-0.14190288462990222
