,App,0,1,2,3,4,5,6,7,8,9,10,综合得分
0,iqiyi,-1.0606423904003668,-0.2192402800312762,-0.7898185139006009,0.015843830343374322,-0.3099751350059387,0.1466347750748974,-0.11872737848761555,0.3009498013308993,-0.9981169390767751,0.17111084684149483,-0.1542350352690246,-0.37397975073131656
1,iqiyi,-1.567777399261813,-0.4070934277385707,-0.20998707058319244,0.04033845195325661,0.11161590367067314,-0.7066624557026913,-1.160144764071922,-0.6531868202229,-0.254494262795168,0.30808311892468143,-0.2686247544182832,-0.5767173227359398
2,iqiyi,-1.6673861091017674,-0.20872370497425205,-0.18788179282754136,-0.05392838096315195,-0.02055024765898886,-0.7654655838731541,-0.7142198347406307,-0.032404939861121015,-0.5541379183125833,0.31690402342640583,-0.057942063352987856,-0.5142610274543779
3,iqiyi,-0.6986330028975217,-0.34077519112718785,-0.38307611837134103,-0.3698259350678419,0.4685632951515635,-0.9529898276423845,-0.9032048048895213,-0.20530778996190507,-0.9662303165962621,0.6104418150757268,-0.43298250735261967,-0.4411764339245633
4,iqiyi,-1.4050519237321222,-0.16666640199982427,-0.8426954083770329,0.3435590138462417,0.47211287864294765,0.12802112942035945,-0.9861648553490807,-0.62062946547149,-0.3367118307875341,0.9782667390749478,-0.2775814216455659,-0.4167145299521971
5,iqiyi,-1.1252032254620665,-0.39425175036380294,-0.7631976209003289,0.2513592677397917,0.08356331194006318,-0.7498329906732166,-0.8255935142604185,-0.20147284238147878,-0.6472435403448841,0.31411972801760324,-0.3846371999750617,-0.5097563238736252
6,iqiyi,-0.8361032081699208,-0.4362172698274432,-0.5349783743035899,0.018034714050829546,-0.15597623467885058,-0.986443123356874,-1.682068290896321,-0.5843438353252463,-0.3931998923354936,0.17823791525977958,-0.3915729834992489,-0.576825999388397
7,iqiyi,-1.0793345173922047,-0.16786931185655266,-0.957183630892287,-0.15865166598284255,0.20930485939996057,-0.04146255045145551,-1.5762477072371783,-0.45908052095848983,-0.20560416359745737,0.850484105574451,-0.39774210459417597,-0.4683555952282857
8,iqiyi,-1.1137153021396682,-0.2702513164999333,-1.0226016598264789,-0.3214602429204709,0.3385697856263791,-0.23205157577401872,-1.7431581468877726,-0.9277651262866441,-0.6075047658025777,1.093851406396544,-0.17946499106508307,-0.574689186696915
9,iqiyi,-1.1305833338920686,-0.4108655307594988,-1.253048136303113,-0.07736514092011441,0.06055674267855451,-0.7640198335426623,-1.4717490478360606,-0.33065406905306366,-0.5660450614827051,1.0724631514127687,-0.4741550300415121,-0.5974345707825082
10,iqiyi,-0.8151700898083626,-2.7214468033899433,-0.2228274470058636,0.9032567626410299,0.42048501385097775,-1.907230334415586,-0.8813137920730273,-0.9713644134615793,-0.8262257262715144,0.2914299737706861,0.35107068190760854,-0.6931732298773937
11,iqiyi,-0.9538488121252516,-1.4790054756297781,-0.41461718184681257,1.4157804799835827,-0.23358954363375362,-1.0699597205701814,-0.6400561140446023,-0.9452982700994599,-0.363686006597099,0.29564885178250877,0.1935106100572175,-0.5024415154106676
12,iqiyi,-0.648273247513336,-1.4440459672931882,-0.5810486531938973,0.22065516075490305,-0.14031515412496987,-0.7616441262822959,-0.4346423666132097,-0.46798716499399234,-0.7602439400839954,0.24110407138753842,0.35095843619766187,-0.4821852298269705
13,iqiyi,-1.1226465840167827,-0.7935341484778251,-0.28288775047551273,0.03047046378561301,0.027740426221576457,-0.45199143814244447,0.31861332851569796,-0.8656092888995205,-0.030934418795705312,0.415931722056504,-0.3886975899495205,-0.41083403471593066
14,iqiyi,-0.6512258802960417,-0.6539935560760307,-0.8255819052304538,0.159713783869283,-0.24551818043984877,-0.6014620460303347,0.3652009841733379,-0.7362200380873825,-0.6621155648275153,0.22383522494881597,0.413779410976515,-0.386454949625187
15,iqiyi,-1.0011348023680722,-0.36081096841253224,0.24444698548453814,2.998662052173701,0.10932154258648726,-0.5430855085153878,-0.5398930684899339,-1.2992916018372327,0.06115399127778602,0.037724792002793384,-0.10060345815438487,-0.1790593690823217
16,iqiyi,-0.7639319721880725,-1.1377166415058737,-0.29075286892444735,-0.2725405644061232,-0.05230929681145702,-1.0138676198046774,-0.4279666395601875,-0.16856765459336615,-0.4440316628794716,0.46182840634727745,0.021868127773088157,-0.4470166899489847
17,iqiyi,-1.0638499599405233,-0.37424790238960404,-0.3155107686866765,-0.04291976156930038,-0.4586005486881657,-0.10355703330428177,0.04129769793376142,-0.45081438507475247,0.2735175513508812,0.24905881194168009,-0.16323430034096698,-0.32116984193257636
18,iqiyi,-0.9591680073717869,-0.4228817590757029,-0.10030825225626826,-0.23468466951485847,-0.07187315116742433,-0.5250430366457759,0.05385986266991446,-0.4592420367129941,-0.5658854904439223,0.9114259926004664,-0.1835670907344059,-0.3393584634967349
19,iqiyi,-1.0901305354212192,-0.30591687158491626,-0.25762366842244916,0.1500392069270424,-0.3869587924999423,0.3043487173510984,0.21431396333358485,-0.7156761257490798,-0.7666171383823482,0.2323736494534253,-0.570401819092357,-0.3899895181468567
20,iqiyi,-1.0140731694507732,-0.7801101462235944,1.3404957523762655,-0.013504695783061288,-0.285382812934725,-0.7152128005821584,0.58725092297775,-1.0213919005942635,0.025158056439377383,-0.5420305095039335,-0.20006569275817745,-0.31217360427773516
21,iqiyi,-1.0357627709636097,-0.704751061817205,-0.36429989448171274,-0.16695113882323032,0.34392145272967006,-0.47202821915404514,-0.01782506285403761,-0.8518469062008784,-0.40784208706405156,1.7936009410393812,-0.42840483876164404,-0.3562926536633882
22,iqiyi,-0.5957778208354712,-0.8854619149237731,0.6206583636751587,-0.4232169323485293,-0.0666346857090287,-0.8533092937770387,-0.25101377113517065,-0.31815196869877527,-0.8734219244188847,0.3164643829961548,-0.23275385114797412,-0.36108919494391245
23,iqiyi,-0.9182814693702674,-0.8262492920723872,0.2864223774917978,-0.029494597988574307,-0.5281605522779661,0.5272538354759974,0.6794475049702913,-0.08007944372952175,-1.1994023716031081,-0.5476595795089386,-0.30895495769381703,-0.33176227331458136
24,iqiyi,-0.9312372389963907,-0.8254864112801494,-0.7546534007769953,-0.09161411048907123,-0.3286583965906727,-0.39678691675796535,0.6086566961774292,0.015292933556411013,-0.5484643878837244,-0.36318445257484633,-0.40102239865645084,-0.4443424279531739
25,iqiyi,-0.9061273841667001,-0.6415814309478943,-0.30775475873821345,-0.3340635447232168,-0.3421574274574296,-0.07452191766436907,0.3335134952179175,-0.8881983347999023,-0.6300443403892118,-0.4381289346458959,-0.2041053202036203,-0.47639483772053764
26,iqiyi,-0.9814698046142915,-0.8254186097995254,-0.9640463077710161,-0.5161815043612302,-0.6495571841641057,0.3654964511852717,-0.6882117141161282,-0.14137315278301887,-0.6581053735846787,-1.021847284180679,0.4939418879517444,-0.572832581020482
27,iqiyi,-0.8292473367100234,-0.6801178397921173,0.06392126835608389,-0.29103757593198454,-0.3793722409958496,-0.6225919468622664,-1.1848634736640598,0.28733498316750206,-0.36524155705236766,-0.45106181787988814,0.23431687443147364,-0.42285062866125517
28,iqiyi,-0.7942960077440431,-0.6740968413320696,-0.7627726495054968,-0.3065512033780639,-0.1981135973664234,-0.4189981175156,-0.6341093432958935,0.09591350638418265,-0.09530890263597883,0.23519748342246166,-0.09130458404568162,-0.39994055273407886
29,iqiyi,-0.6835134201039222,-0.8920919774525686,-0.16949771505413733,-0.15653375369087083,-0.28693268640678393,-0.473877777935817,-0.15949284375421424,-0.2433868376691952,-0.6627051397208834,-0.5462113957443704,0.011807143252347224,-0.43161778461143935
30,iqiyi,-0.5061380265739116,-1.0327124881214291,-0.3699645700211898,-0.22712569443344152,-0.6225015263620373,-0.7409347135042421,-0.8472159832154853,0.22252468492984562,-0.17853705375160467,-1.0696089330733876,-0.03317183434897091,-0.48299164874179107
31,iqiyi,-0.8830092105082367,-0.5550877051714104,-0.5366970465250545,0.4083090190846079,-0.21016234485453344,-0.5668266660962716,0.5460919502575596,-0.5997620064219432,-0.44634619720001073,0.3291849903110076,-0.4264817120112707,-0.36718438190326125
32,iqiyi,-0.1817877790144949,-0.7155130881188055,-0.8251466983076072,-0.2336815731110473,-0.4782844614850798,-0.8725028431167747,-0.40193902167618134,-0.3479380056689368,-0.2522330222993111,-0.20772899144231774,-0.3151198651614526,-0.428409505040663
33,iqiyi,-0.8867035738464935,-0.7654184259758288,-0.11928352752686493,0.11739864823250078,0.5143436797829826,-0.9688836224975761,-1.4912560061716504,-0.8718411577169228,0.05737857042931398,1.5265926473082472,0.0981188464582555,-0.3756237545475564
34,iqiyi,-0.4552758468743235,-1.072624147162768,-0.3337655465036512,0.18560701217595457,-0.6198554896733744,-0.8623850437870925,-0.49798315694747036,-0.31101137870425316,-0.5533067995769699,-1.0291180016171346,-0.2080966157900426,-0.5193778463231931
35,iqiyi,-0.8149901829138394,-0.8716833694206302,-0.2605350604095364,0.5822982764097254,-0.26323893841847146,-0.9816504770512404,-0.439659171996078,-0.6172229053189804,-0.32923435528487827,0.25090883962875604,-0.15887331994844417,-0.4352075839850803
36,iqiyi,-0.7914550455965081,-0.8351937955060624,-0.6469256707590244,0.4009395221529758,-0.5904138870102885,-0.13986267920955145,0.12505317208462952,-0.45374965232203845,-0.6131198957026798,-1.1893495055596528,-0.1768239820406695,-0.49476216617744756
37,iqiyi,-1.2026513462173287,-0.5632232793694201,-0.23480063702853138,0.1004504457435916,-0.13896133479626588,-0.586644351254413,-0.42375470459022596,-0.11142513436599871,0.2060644752417827,0.8260282167568674,-0.25548185133006207,-0.3415379671739571
38,iqiyi,-0.6925610473330268,-0.5583137467171599,0.608303702402949,-0.059240127259500175,-0.42249865818422755,-0.789289662852127,-0.9473932443974179,-0.5385552422531116,-0.5488854229660994,-0.3979181684755037,-0.36747042907820787,-0.4417604769482507
39,iqiyi,-0.8268872955037618,-0.48517118885409327,-0.2509926823017912,0.29531830379744195,-0.26266122658845875,-0.46095851544058214,0.1300954044498955,-0.3244452721648815,-0.20384733878125752,-0.42726559090108374,-0.34944160789797457,-0.35307685666868593
40,iqiyi,-0.9651945755582175,-0.5737955404730634,-0.03536249856474725,0.8826697294465887,-0.2508250615768703,-0.6771806042210959,0.3492222147774852,-0.26193234922199893,-0.35247660138834414,0.10148097357040647,-0.39821701124442216,-0.29705188235847035
41,iqiyi,-0.8003472074131303,-0.8569241534845319,-0.5129361426024253,0.5407401274548346,-0.17400640097500916,-0.09166272483331918,0.5472299556920895,-0.23318744833582025,-0.29430999162713667,0.12147591777381486,-0.19270589922218548,-0.27482168102781124
42,iqiyi,-1.030757599966051,-0.44985768563276585,-0.8973963291933345,0.9869682893727292,-0.6114634265488722,-0.0874843423374525,-0.8182257495012567,-0.4990026938721357,0.10589116299914128,-0.4353766406886917,-0.2041029166041688,-0.4449849479845343
43,iqiyi,-0.9515322645249809,-0.26262612275110503,-0.40884036507527693,1.484660917503582,-0.5994242869120577,-0.17052553882992286,0.5284214196450501,-0.24241564968407797,-0.24365620173794897,-1.0971846301863308,-0.5500897369088161,-0.303066001439763
44,iqiyi,-1.0012376223532595,-0.1717968124233053,-0.33671880101888374,1.7321522991729923,-0.1625539491036608,-0.5567511793367967,-0.10505086816036406,-0.40570565373044454,0.014551611140168265,0.11327560562073243,-0.6671891852323939,-0.24903020987145552
45,iqiyi,-0.8848036551621506,-0.3051882190132707,-0.05375217285153724,1.5736447462606344,-0.3173204586453736,-0.4682745689598375,-0.1819338246610036,-0.33185699435799,-0.28867840686598484,-0.4071666583232387,0.028451549374973767,-0.2418186378144481
46,iqiyi,-0.802255604041763,-0.05609272169738771,-0.3811310265142212,3.4136559819407837,-0.42717482577695415,0.0038817195658521317,-0.2377583958608294,-0.6256828774121256,-0.553013447556237,-1.161198032252526,-0.22111517209641068,-0.18718737127840593
47,iqiyi,-0.8756900108152069,-0.7247284637065099,-0.17282654139310924,1.3204637188584325,-0.4737218956440425,-0.29790468546086296,0.036591444271903556,-0.4432119437611171,-0.5492255062377611,-0.4571345141033912,-0.135163893334586,-0.33672072264960146
48,iqiyi,-0.6011730251160354,0.4671287684445273,-0.6497018275643178,6.800071013091593,-0.10743854828227291,-0.03511793458156726,-0.5063163798599003,-0.9676122356046108,-0.5110039609860406,-0.629673742006451,-0.5143973012765465,0.11203059980786356
49,iqiyi,-0.40393565863811326,-0.4219184199579521,-0.2990918756655009,0.29988230789762504,-0.4462729090839201,-0.2962034609819159,-0.4732874623131749,-0.181843361281396,-0.6243660989953153,-0.4552932264784067,0.106622161944721,-0.3101784208860315
50,iqiyi,-0.5524837475966545,-0.4492010137560266,0.35203361113641657,0.336411011083892,-0.6856378250081255,0.005102566323870968,-0.6531241721329994,-0.6953934047762577,0.06841110468490895,-1.1404123127252377,-0.02489149667109688,-0.31844517801881034
51,iqiyi,-0.7183885464932994,-0.8859484525551442,-0.142827691725528,1.3801150339512882,-0.3988298593583017,-0.6404250414516514,-0.47286843006358464,-0.8731216048124117,0.1470290897673293,-0.520388535782994,0.02326872407654111,-0.35238394777535614
52,iqiyi,-0.700472288662034,-1.2688004291853825,-0.393388183937362,0.4007721832891842,-0.3044733349352884,-0.6472616474601965,0.7533231038238039,0.0747644147803438,-0.26511294035532906,-0.6162530329049537,0.0611471352487808,-0.33519022889835537
53,iqiyi,-0.4575747782998611,-1.577041762490641,-0.21722410228353894,0.6426576363689688,-0.0010483280494722185,-1.3559529474145742,0.027782237004444203,-0.2747671174003363,-0.09339033419746864,0.13441980347735397,0.26959930098722956,-0.3323686180528082
54,iqiyi,-0.35932650646880565,-1.671541001276032,0.13471458076939458,0.6181354150981097,-0.34435806728561863,-0.7591963948563878,0.1615415429224821,-0.6729148475004393,-0.5859692072151491,-0.5470740969671507,0.18919789792951083,-0.38199122821288856
55,iqiyi,-0.35300661777757814,-1.6819561397090583,0.08605073652973755,0.5180764605901058,-0.5178115539374957,-0.975008318676369,-0.008961984158955162,-0.3254545122934991,-0.636276850913088,-1.2611597561344867,0.2938974805722295,-0.4491403723671808
56,iqiyi,-0.27068625157292225,-1.2421329597557007,-0.023627964534823645,0.14222069719784014,-0.8480952716964374,-0.7569621154619554,-0.9947323329064098,-0.36246601342789403,-0.606968952560133,-1.741224635192713,-0.2233985530863083,-0.5731061981016905
57,iqiyi,-0.6094143477670805,-1.2495850028347468,1.1416420744519493,0.4162176717807416,-0.10406179277417918,-1.1061178809737153,0.8750655677046087,0.07490009844082673,-0.24080797966661496,-0.1253139302400775,0.10069537731680894,-0.13745196554956413
58,iqiyi,-0.2550497974572907,-1.1397654215261785,0.16628870819120564,0.33158231913114644,-0.6331944433067191,-0.27438416218600054,0.3472782215682401,-0.050533713965590775,-0.12093217005096227,-1.230714697126904,0.15786315506867157,-0.24062470306127245
59,iqiyi,-0.1391628759873994,-1.3269529750579983,0.37050488615791044,0.594698737121147,-0.2773786532808634,-0.6972363370337704,0.1768247846531099,-0.1382484953526026,-0.563417876699125,-0.5177426542736165,-0.1895701472268138,-0.2422012402938502
60,bilibili,-0.9159501272248038,-0.31844255158517953,-0.46216545548742366,-0.3740891472289393,-0.5567057275071944,0.12667122470081707,0.13552965768564076,-0.12327216627193831,0.48097277137928446,0.8406383277693362,0.27675378610791634,-0.18956761770165534
61,bilibili,-0.8045003321175783,-0.3490849223889425,-0.575188562269555,0.021813405436140382,-0.41240983795978164,-0.8933870696045131,-0.31247637858231875,-0.6207028003865998,1.0017886790887984,0.9100538829276738,-0.27882936996207375,-0.2975041625181565
62,bilibili,-0.21656398945993077,-0.591841999075264,-0.31115614944560416,-0.25547981577584855,-0.12215054159764811,-0.142212414823206,0.477858796807262,-0.6111133113961061,0.002733853750813129,0.738397639752447,-0.03503216926247431,-0.14323851518305333
63,bilibili,-0.3176247665972729,-0.27766496376303973,-1.0301971408405224,-0.1269657152130307,-0.5577902859407368,-0.1551515346714614,-0.21861778634889484,-0.9283766931304837,0.2734951210876758,0.7121274098001051,-0.7452181839766635,-0.3306340916257304
64,bilibili,-0.3789966495603441,-0.23904595684338506,-1.0061850658376987,0.16465036063213978,-0.5234864349391087,0.38697018732348243,0.5733282347383601,0.31359030414292216,-0.00862481422355947,0.635015546870262,-0.5697161706742809,-0.10480047869735067
65,bilibili,-0.2626882749833277,-0.5055320383335385,-0.6516609798874952,-0.13179983892946182,-0.45289631440526096,0.6792696495664147,0.2929042836760561,0.3591541336963816,-0.3141747056348305,1.3820333561344944,0.13434053144872826,-0.012749057414115805
66,bilibili,-1.1227610841790463,-0.3547486193219679,-0.6461136283263056,-0.28721092218805777,-0.5966865888551183,-0.6946309742194411,0.3602303128563356,0.4697605213975323,0.10365561040883965,1.1313053530017885,-0.3916832395960924,-0.2979623567234437
67,bilibili,-0.8572011317724921,-0.2962016294015575,-0.6172478426371437,-0.061385491658466185,-0.5676735656682381,-0.41504705891300464,-0.017076280775418895,0.3939188078072457,-0.0819907526902974,1.4882540984679173,-0.48690640078897013,-0.22951860533888246
68,bilibili,-0.9793621320648158,-0.39112386256720705,-0.30866719054955594,0.26776056306345175,-0.6495785043390516,-0.29517501742925817,0.18410986897985476,0.9084229465364048,0.49793053382499064,0.7674395913467863,-0.4588008428079354,-0.13178139960887456
69,bilibili,-0.5987073247876962,-0.566863420312776,-0.7904639191629121,-0.1306966719192778,-0.7265100060861174,-0.15655337971344024,0.140795225667096,0.8591060323455559,0.10375985432673072,0.7581496746318338,0.11417081093218266,-0.15555298328156905
70,bilibili,0.11848810064379015,-0.35093650995587805,-0.5862293031043591,-0.16041638942434708,-0.3495339832072882,0.4292607509170963,0.9944760563504054,0.23608486406467377,0.17801545676481376,1.2528571566337345,-0.10088423949187571,0.1239226606709508
71,bilibili,0.296016734145185,-0.5222779044148249,-0.26534680652536,0.0405174613013546,-0.4057756881320412,0.06533987158958757,0.9019814199710938,0.7532210170418547,0.18839581584763368,0.015395508096597194,0.05169570435994318,0.12443936901085718
72,bilibili,-0.10430573703079615,-0.44007897314570926,-0.7593535266109568,-0.03388503582691734,-0.283871392471807,-0.04284843950573154,-0.3879456406856734,0.28060698745404933,-0.0039059995812646196,2.651494837603347,-0.006015478232314296,0.014907135891520176
73,bilibili,-0.14669839927099726,-0.5070617132471069,-0.6642574949355361,-0.2160469632392387,-0.5604185285065928,-0.775111540146606,0.4962924643132537,1.0589233012258934,-0.19453117069144923,1.2204005210605344,-0.1871646680216914,-0.06737656233386721
74,bilibili,-0.00838734754550182,-0.708134340314673,-0.36428376417535835,-0.11568052001105607,-0.4966902994387265,-0.1447686645658966,-0.5465172375250249,0.0832479706221612,0.1786306944847563,1.3364318154406445,0.18037094317907376,-0.07278865940168996
75,bilibili,0.5852746362129343,-0.6050818908705248,-0.32289064096961245,0.051106169076859824,-0.29587932487278434,0.37959376436177567,-0.23456465529308218,-0.6201352556987857,-0.16289089999402553,-0.1820044819219666,0.944532978882677,-0.006477808628313061
76,bilibili,-0.04386324893781115,-0.2877900777963383,0.5983839223599524,0.3233907443945874,-0.17989529383513866,0.5449244225195734,-0.4100278095999313,0.5121134013629057,0.28377370140703806,1.287548928837789,-0.028164548082796895,0.2154788607906642
77,bilibili,-0.7975969682850252,1.0665144545768925,-0.02061483245531929,9.693053720423721,0.17128362398876826,0.05292238251536986,-0.03893579528379615,-1.0624949947378755,0.07989619562580969,1.7955036914661353,-0.7770617588206518,0.6633510413951748
78,bilibili,-0.8133016192539275,-0.3617880867306456,-0.15708630918219396,0.4224470078040494,-0.5358490463249903,0.46300816169617753,-0.5107063137932972,-0.11477397568664252,0.8227190527658151,1.3247277777995685,0.38730843304380214,-0.030549302354869492
79,bilibili,1.0742767580248769,-0.46989805513808103,-0.5552683077253261,0.20191894068650604,-0.4089671905436863,0.446716502952627,-0.1241808263791627,-0.32057333204075245,-0.43188187939239736,0.516190337627537,0.9124300398484568,0.1447538451818484
80,bilibili,0.19101726845698191,-0.6927094116126787,0.39288954140671006,-0.20206566909063425,-0.5242127336268328,0.9106198321910857,-0.4653980596003373,0.8429782222054731,-0.04291471515374815,0.7510946769369732,1.9668160917540367,0.25808367149940764
81,bilibili,-0.007390622845241093,-0.49850650393134605,0.03199804046259868,-0.1156364035012398,-0.33684374331785855,0.6805649115225978,-0.14020840520778965,-0.09286776308943495,0.472736386613404,1.192335983571988,0.47162272878860056,0.11574392197579243
82,bilibili,0.2428467965282998,-0.5285355366655976,-0.18582909954321464,-0.13295080528986483,-0.5038692794423884,0.6508573387281866,-0.25880810369452933,1.9656409619653992,-0.3655993215867777,-0.10004937735255026,0.9063240654309418,0.18107310345254415
83,bilibili,0.6999546724107004,-0.48340386173666644,-0.2566858484003476,0.15678540385328607,-0.4192567314084545,1.1635821503620531,0.06875034418590206,0.2144986517508296,-0.05376278543087292,-0.21803165852888165,0.15692693687139653,0.16306600127983356
84,bilibili,-0.14696543394763034,-0.2789404434135602,0.043406985138303024,-0.037003977441791916,-0.18886555734741103,0.9838128326631698,-0.3459373180319787,0.7019235101092445,-0.3277420878447456,2.6385496590450304,0.43958362675616613,0.240563828089228
85,bilibili,-0.07113741864861932,-0.5563142351017492,-0.5088130495288072,-0.5357041079943298,-0.43932326254431586,0.23594235755681212,-0.2641805244477049,0.4219955039856905,-0.5183762418553489,1.3800717280312573,1.3025033470732732,-0.014920610536526439
86,bilibili,-0.46475284547760737,-0.49642040836037143,-0.13469363152432817,-0.10688968534808761,-0.46162824253011653,1.1169499985530607,0.05286699601904314,0.6616392198571981,0.19125057737643708,0.07154576015466362,-0.36548034885965985,-0.02287924299838247
87,bilibili,-0.7082410621261436,-0.2476481181315525,-0.8512079911894721,-0.1942048149120113,-0.4047117446603831,0.4566406508707292,-0.5147446280296522,1.2560695119011966,-0.24094408557606672,2.151071703229947,-0.05423833313423132,-0.040534676035917566
88,bilibili,0.2934232497859164,-0.45383341216645523,-0.48857195691193617,0.532465159281731,-0.3816714135816919,0.7098298892689798,-0.3258867808371393,0.08785386727910685,-0.37659953431831944,0.7697235996179664,0.15104775140078366,0.05311649793741743
89,bilibili,-0.08198251735297717,-0.16238734194196106,-0.8148915389541542,1.7926624325050935,-0.5010414945586067,0.38175593807591124,-1.5455680681256583,-0.22963717827819766,0.44205000352850643,0.8000029214860045,0.09344328649042544,-0.01734820977021093
90,bilibili,0.18707450280213736,-0.30635573153551054,-0.359572948788046,0.32899086163992763,-0.10039913428369396,0.06597907506404559,-0.44224015878492795,1.0791420865006336,-0.1554251087247145,1.2334122242558703,-0.28039328406273983,0.11903621406945993
91,bilibili,0.760480667856059,-0.4291018202128438,-0.00252397175394965,0.10204073245820197,-0.40583132554049434,0.7910206292854748,0.2421544478770455,0.6935569122401504,-0.5732368295176785,-0.13926398785108107,0.14947660660612372,0.18943257482994633
92,bilibili,-0.1728845524852829,-0.23911808521987166,-0.2378547283179607,0.15197462742005574,-0.0628575700110919,0.21239378795420405,-0.3758194385362014,0.0960035501973909,-0.4007977070808438,1.3742254883277252,0.525061252367235,0.018258581832088124
93,bilibili,0.9112878836741498,-0.33047361482519544,0.33045770800001384,-0.08925909222268766,0.24316364227960724,0.18943055401425793,-0.3411567183284854,0.8654749265871776,-0.3532556464968338,0.7220047449729037,0.2803121904816681,0.29573812297268304
94,bilibili,-0.8255022103217994,-0.12677225784039087,-0.0026254800507687606,2.09473637754296,-0.4986379543639775,0.0738437587858801,-0.3275480847528607,0.05241246633529202,1.2252420648656437,-0.2636387759257494,-0.26016971553270624,0.016380196387784297
95,bilibili,0.4862274720641631,-0.4495852173546314,0.28182654723879813,0.2363780485552073,-0.46650104502869205,0.8159595823031816,0.20983529197146372,1.3214887736374235,-0.21351761875213662,-0.36569366615942067,0.3053493003074568,0.25718231225316374
96,bilibili,-0.10959234320205137,-0.26356498843578385,0.7165060081489862,-0.0841154905388676,-0.32532020611971574,0.788164077438227,0.1379274410035659,0.9801355639922705,-0.011557588703599466,-0.3690067415121462,-1.0481111339158538,0.08312150789844451
97,bilibili,0.9528093659480319,-0.425288322520512,0.1235042574593407,0.323941333102236,-0.29132035281173735,0.46957947481864004,0.16655928609228274,0.28307252971140934,0.08622737303967924,-0.8724608624942399,-0.44548146193135296,0.16098530820793303
98,bilibili,0.367039447286274,-0.8354089292601402,1.0366031389308294,0.3098318509923416,-0.25754547051435833,0.399900496153266,0.35788696028055406,0.5355780453195657,0.6677626421038093,-0.8330569536099312,0.20960576001750056,0.23254373440368972
99,bilibili,0.7654109614011624,-0.3189429149007649,0.9154025495714888,0.49524865200075907,0.5333417717898199,1.0927548772914504,-0.21337915991096104,1.3152263234681523,0.9150408173702945,0.5933994007632765,1.2994540210805587,0.6873784058224911
100,bilibili,0.9053588435295495,-0.4451119554866213,0.07456004190701346,0.7625881451151788,0.4937061740617311,0.25454483146078427,-0.054014317383629565,1.794911715421339,0.7444254177806123,1.537272064080274,1.230297760588237,0.6652043775098723
101,bilibili,1.1381340359423544,-0.5315398658577195,0.6519332188354122,0.6091299141830637,-0.0034536191317411096,0.5874598942551545,0.058370583362704793,1.0821590977416011,0.20389696954179476,0.8925235339798586,1.608154405260103,0.6174421372353303
102,bilibili,0.5410182064014104,-0.23089967254736615,0.6634788350034412,0.9444491331291158,0.18876497669865214,0.6088070377867998,0.09183902294877343,0.9143387991570706,0.9859996783448884,0.3616595634766841,0.936221360996538,0.549082135258968
103,bilibili,0.5555446311975762,-0.44574714967844736,1.3143566740949892,0.968684988680348,-0.08232179290042639,0.798717836581307,0.384063553762621,2.195818285242718,0.19302297683412054,-0.2995982680920696,1.062282926942444,0.639267067855652
104,bilibili,1.263270815404112,-0.2681551595801869,1.2241930318756133,2.05095611205188,0.5649406449621792,0.43361528695895957,0.3345136281604688,1.1443194320604095,1.1301718688701823,0.7450340309088814,1.1678522801183506,0.9258397638590611
105,bilibili,2.125044266892785,0.1751761982120117,1.7409393816489824,5.711820536038957,0.7241363687274267,1.0397143009803902,0.6127921736297115,2.0690806165512,0.8838582684571358,-0.08048992570955434,1.9741982190533667,1.6042793040489098
106,bilibili,1.9187531898127443,-0.5470807349481951,0.8352048497236331,1.6173775577603025,0.10611030182751977,1.2999715955926667,-0.09289069293923108,2.206401334042285,0.5008486347552877,-1.0667672799438739,2.0832913621195046,0.9475396033433174
107,bilibili,1.5958939765610625,-0.4260008605491024,0.7011738502094219,0.6053601594175629,0.5412548290475518,0.40883782470853364,0.30740674028361453,1.4660869612312737,0.2836907625562021,-0.4224954195677197,0.8281634838469247,0.6635861268609479
108,bilibili,1.0005203647504342,-0.2447555674665503,-0.16908252144043048,0.42777148564557177,0.27062058631878116,0.9825553107321673,-0.07566862649104766,0.909455799348509,0.6537686486238757,-0.4634955301938032,0.2544948913673486,0.40822673186513503
109,bilibili,0.8918393309240472,-0.020888692195718858,0.4640250934601266,0.4398027018664422,0.020631542972999774,0.7555813759064091,0.24211279497604174,0.7499769229919394,0.02993956770004408,-0.3427837252597687,-0.30543898174357004,0.36597019902907685
110,bilibili,0.06725544913204964,-0.1591848651685138,0.6857670656341184,0.20634097923740533,-0.38647540066271124,0.9578725317474683,-0.24099810393538335,1.3162811511806767,0.6501215867118468,-1.3163739854785814,0.7515125698798082,0.2654001550547299
111,bilibili,0.028125060366223725,-0.47616943616737245,0.2894363506461689,0.1685459771092432,0.3423543169426231,0.41029976348924513,0.7409609279460913,1.1623878571519648,0.23328549771049809,0.6796185026285381,-0.16495378803804397,0.2846616668935525
112,bilibili,0.5680152641126546,-0.6297736156734602,0.1982359027987953,0.28160951215657193,-0.10653435053541067,0.330996513758062,0.3434603660478808,1.1906322007224306,-0.2033841180006207,0.5262408363085996,1.0869033696511432,0.33907304625951595
113,bilibili,0.7590679424465726,-0.7225039085127157,0.467976994822679,0.5627219114442055,0.3960316543658191,0.9238664841858074,-0.007692610009049712,1.6096404525376733,0.005992944358021242,-0.1486918814409175,1.0644090343244876,0.4838930971613304
114,bilibili,0.25517766101433825,-0.5637531190055698,0.5750147642537632,0.6468896873682873,0.0554038232609042,0.9028544372174196,0.1746218382408819,0.9602211802065658,-0.2780614537734087,0.5094733099199977,0.31173507781563037,0.3203337822777621
115,bilibili,0.5724091514000592,-0.6813141638218716,0.8574320953039255,0.47741060073659514,1.2848410679432702,0.7464402746377278,-0.027468566943924033,0.5323190671901875,-0.32111992660725774,1.1157262955253744,1.8522702358534637,0.5266722053919396
116,bilibili,1.4708604606076692,-0.5666164051837532,0.27379678341166586,2.8012078469320043,0.9706216482978983,0.9208834135188539,0.41765664838486055,0.34059630585438877,0.796262836679376,-0.481078577186748,-0.12855081965127563,0.699106854616376
117,bilibili,1.0627938244760005,-0.6692395891295833,0.31113898122044875,0.5820121282309884,0.7693028742408654,0.8633441033497002,-0.2562308313324492,1.0330105135468375,-0.5625840822216682,-0.8113488386318096,0.3998747251928911,0.33999768924701557
118,bilibili,0.8192843059440511,-0.42969131461316207,0.43276508057122365,0.7634827853393442,0.0637085703244149,1.1689453618115926,-0.07947788259822854,1.1200326734472572,0.1917742329265655,-1.2299669296023221,-0.040651706796898196,0.3554867782862061
119,bilibili,0.6847590805718753,-0.5362208756380887,-0.18780006721061715,1.0556781474744732,0.24717929932703916,1.1753951477556726,-0.5392908712355795,0.5281020142565593,-0.2511918296855851,-0.6996778074303245,0.9455657217481221,0.2570814458752764
120,xigua,0.18663116944073463,0.09137601663463195,0.03485623046105434,-0.8897336790821534,-0.7865185693152272,1.8901752094644617,-1.2414379629137018,-1.9024294784753262,1.4816398217374145,1.7661587131552263,1.7331458251468805,0.17283660324086517
121,xigua,-0.3950704018207217,-0.0089210750579782,0.40366826893978774,-0.8436359415847068,-0.4776328110541996,1.8650769875261002,1.2553999225326515,-0.6412538420231898,-0.8956667294517778,0.8260054919969891,0.5214578185846466,0.07317707239337094
122,xigua,0.8651285687505457,-0.014559655118735913,0.19876972761031927,-1.0349708002766027,-0.5363058928493766,1.6150918455725467,-1.5569972839208466,-2.026063460248727,0.8706296149617684,0.9530534680203928,0.8253552286844563,0.08970727277998071
123,xigua,-0.5355137877196461,-0.2422861180324637,-0.2986879914155984,-0.5591758263349615,-0.2597479861223653,0.2820645130505478,0.2798213638340993,-0.20338979132057614,4.808554977865939,0.2454483749312047,-0.19453077831692456,0.23672095490104533
124,xigua,-0.4332285683410552,-0.049412898408234575,0.8917406398257622,-1.2727553876007516,-0.10270615792975132,0.4946941975537693,-1.1712450285057223,0.1799660026760654,0.7745496615476715,1.1740458742079616,-0.20963592448018709,0.00939254296038527
125,xigua,-0.361433164344666,-0.01137083741496917,-0.47177599506587914,-0.324208823667051,-0.6849723702613525,0.6917689847791847,1.9699411004908771,0.6009653350612983,0.5347671018419926,0.08468731120171538,-1.249056480563184,0.05384869748311485
126,xigua,1.6946974092413851,0.14897619689990216,-1.0616729275359,-1.009874392479163,-0.6731621087363334,0.36550568188455457,-1.4644538520455725,-1.6810843366574142,-0.8573637944179159,0.9354655389032184,1.7643548194208734,-0.03377785637339977
127,xigua,2.269745007662077,0.100446237639683,0.41523141732960583,0.0011658925658426527,-0.8677758737074792,-0.11818260336265586,-0.2185432873284278,-1.3066042971004832,2.2057806224820964,-1.8549792995143888,0.21944865000878708,0.3559955210054462
128,xigua,0.3518109182323232,-0.24955702408936667,0.7942650050948589,-0.8475637827298141,-0.37201040233221294,0.38307955837688334,1.9820535423091272,-1.0200903090561206,-0.8388194176682829,-1.539522706570789,-0.4544726942453908,-0.08710711204393426
129,xigua,1.3994211008686235,0.12743924103318535,3.0235962796090043,0.19356888436711162,-0.6765163035590048,2.6838789492906945,0.8630743039148796,1.702379313757248,-1.2458131081043058,-1.2708846670887457,-2.2524515043955224,0.6850541033582525
130,xigua,0.8315658769387567,0.05877299808154572,-0.05059668086198679,-0.6680606628126379,-0.14266644567747044,0.6325877685943581,1.2451597830533332,-0.9226308381179811,-0.44172666882834244,0.2524908884239429,2.2840635668573475,0.27696335057004395
131,xigua,1.8608440789098577,-0.23982377639323874,-0.0033748914738154783,-0.5789352656895036,-0.632771978410307,-0.40123508451400014,-0.16248961781796198,-0.26192872161576286,0.3061201596339181,0.543791160568778,1.2235194166625498,0.3154843411770769
132,xigua,0.17114535305262246,-0.015978172828048393,-0.29894382633880207,-0.5985027402896317,-0.1155852198503565,-0.22358804229949575,0.4221406532345195,-0.8492151038352448,1.3986883882049468,1.2036911086156603,-0.5513545972449864,0.04783456719301688
133,xigua,0.11653718373278923,-0.2639715902190425,0.12027793315056716,-1.0999494176574618,-0.27844149163646575,-1.033284593005764,0.4416640820061624,0.06004394380880825,0.4629132079366644,1.399642192778283,3.8991814608775854,0.23689080835208334
134,xigua,0.5428950720432072,0.07701680875170576,0.02284560060339055,-0.3280538376198866,-0.3174554803078975,0.33385672599238964,0.9798122136340146,1.0072664979992378,1.668902459776194,0.19452702633082453,-2.0827473592387205,0.2979338972878328
135,xigua,-0.05224164868347004,-0.09532426389238058,-0.05576352813369956,-0.9655782057267308,-0.25034722759035605,1.4423294994183593,-0.21650534339445623,-0.06427848335584574,0.9403996045964695,1.594898188032297,0.7876239293417606,0.22806077134128405
136,xigua,1.6726264602909366,-0.36219321442927505,-1.0111753692587082,-0.5393991741576059,-0.25675914925606486,-0.14361161074693413,-0.0425581083196799,1.8429285155620294,-1.723544901987411,1.2612543944138812,0.09267526470148617,0.22889782950611673
137,xigua,0.290440385325134,-0.11575577978324507,-0.13030462380571065,-0.6579479731148535,-0.7636091498669569,0.10227225211473795,0.5834112306865461,-1.031117144122512,1.557189510782867,0.9439792441319916,0.2315019152124908,0.09995956118460338
138,xigua,1.5383359003364363,-0.057210465105228224,-0.4920834683121691,-0.5935691764983833,-0.2970540416546473,1.5072163785820292,-0.4081753466272761,-1.7001245006955612,-1.2119396079536848,0.8116390886670916,0.8141484185567172,0.10712795452752023
139,xigua,1.7898716875016107,-0.05747109573113374,-0.5181011061289142,-0.46527021795866824,-0.7425815046537615,0.23627459245893795,0.0875327108201556,-0.5932652183828138,-0.18043840480497847,0.8232259370345256,-1.0055677772397154,0.14736967670842113
140,xigua,1.988995121303842,-0.4556497432318304,-1.169836647086864,-0.5907063738901922,-0.5626357464243028,0.7998000037035757,-0.47454994773492126,-0.13506883544915532,-1.3378008802845724,0.13371637838502767,0.1656573545593909,0.05890353849040447
141,xigua,1.20801180241865,-0.32276769370531894,0.20488372842809466,-0.728649924971801,-0.13458667062817065,-0.18039080264970045,-1.4943809915996729,-0.06654448840243346,1.0297444722799605,1.4495337529588204,0.22295882094805886,0.22662891485857417
142,xigua,0.10427231626099041,-0.9233545171105534,1.9659922741114975,-0.9027946915239403,-0.49543486907831846,0.13147571861920762,-0.5858629014339799,-1.4312958556328488,0.9870978501238584,0.13836428961614491,0.5877429642571015,-0.004040917777415582
143,xigua,1.919258730057345,-0.6547773615389778,1.2926898747064368,-0.3792516353238958,-0.29052041011124946,-1.4657460957761428,-0.2826876653004422,-0.265813276808604,0.35136642488218794,0.13369291057324645,-0.7557079280798814,0.2097002892745059
144,xigua,1.3750421082064306,-0.15498465606447634,0.3420189956198979,-0.46727250635950496,-0.4310444953716578,-0.0872964688503474,-0.0004971028964549419,0.5220151101905668,3.0542186452272913,1.9248422030764223,-1.2924695319649757,0.5809895501317853
145,xigua,3.0717089833876012,-0.21766186245818575,-2.270496217279954,0.04893580332131578,-0.4599849825644506,1.817115733507254,-0.8892954705255365,-0.6216927245399532,1.4385824655186432,-0.8960076361522717,-0.43683289519557467,0.3737802589682556
146,xigua,1.6561910372781166,-0.17057921224798953,1.2806111631083452,-0.45030347249821945,-0.2802602291681129,-0.759080941040808,0.23979605342195223,0.46155441342754583,0.43159188762742307,-0.20138921178065272,-0.9233985918564567,0.3432875889384344
147,xigua,0.7677527561480667,-0.1715691433125162,-0.36707587147996046,-0.45984870091212915,-0.3123761010788431,1.043724474880902,-1.0092588734170087,0.278161673975179,0.902459381110783,0.7313595332149271,0.6627893432565728,0.24946479852936249
148,xigua,1.2416815745505982,-0.1792176149186061,-0.7293488444158289,-0.3597254886791527,-0.6936135055534387,-1.237853232653664,-0.42137854268666336,0.9671993626252819,-1.0178302685942104,1.1869072140650057,0.9836921308485147,0.08306843517133645
149,xigua,0.2888003901145477,-0.03452194642449661,-1.0167836456778385,-0.6097738694620353,-0.42534932586480817,-0.1310818046602212,-1.2220212181987014,-0.5577782713894879,-0.4400714235291821,1.6413539471088219,-0.025810925678501198,-0.21012782484113332
150,xigua,1.8727543566885372,0.06347338211610319,-1.3658503364594652,-0.25913294117273056,-0.7172208062155441,0.5394716655553776,0.2469001084664946,-0.4850892703634819,0.22740641163261976,0.4089229852752376,-0.6484824090933313,0.18286637869612885
151,xigua,1.3560007192583494,-0.13649962419675188,0.09574081662801512,-0.09135843646045178,-0.4064742236623178,1.6702919621227472,-0.09999423584371774,-1.3234485771043023,0.7772281748799248,-0.12106408162690974,-0.4521619014013267,0.2615584806564191
152,xigua,-0.047813304090843216,0.32132827664273655,-0.2884510503783382,-0.8107483786229908,-0.5958021426225287,0.6343753967556487,0.10928401281522622,-0.052764170937562,0.2465211622899126,1.9606072846201315,-0.6310485938472503,0.06607815687821222
153,xigua,0.3750731633132469,0.29682154301988917,-0.13623398096331776,-0.6373395029575812,-0.26562576304328256,-0.0899031206084168,-0.6166346330704598,-0.40948292064296465,0.06498726933354,2.1884495893217077,1.298258807537795,0.16202393041357788
154,xigua,0.6327756428014293,-0.23939475741766783,0.13335453836872513,0.12627843781755183,-0.6795673803309396,-0.9855681251404307,-0.09436409630214383,-0.45137322106941746,1.297837000478344,-1.0490129318736823,-0.5379334741246982,-0.04866592736964092
155,xigua,-1.2752646612824103,0.31891622450219076,-0.6135113853925521,-0.7397159919932761,-0.7517360643652525,1.2344519720011853,1.7162460466553977,2.200774075292876,0.8984722479390355,1.816694720674216,-0.04946896384296805,0.26812074392078855
156,xigua,1.6131045799900594,-0.003713626288244624,-0.9020221602125148,-0.6772500387588569,-0.7008415211021342,0.3457056468457589,0.6790374665969815,-0.17487386174290417,-1.2536310812437805,0.4797621233104219,0.06897747408373517,0.10978677408590423
157,xigua,2.406862442447222,0.1321347542777436,-0.9252176458781295,-0.37219585455924536,-0.6103615826140925,-1.9528903205915438,0.7961177713323315,0.1761978932751844,-0.1975102527704297,0.7193398196674002,-0.02145038725208188,0.24838243757229403
158,xigua,-0.35087752585654913,-0.01195044015643054,-0.7565172018891597,-0.6298858133447939,-0.17595585384691606,0.4732295963788325,1.6445354970380985,1.7571040478503133,0.06817000475628908,0.3547424493323755,-1.282303310552911,0.08095614685671429
159,xigua,0.4625383097079553,0.05970365855349969,-0.3349185003500425,-0.589184886043089,0.9641257298989023,0.6778392996446286,-0.4948086851233114,0.6109449867508785,1.4804041593321666,1.192898548193866,-0.29473324011714314,0.34936769616396296
160,xigua,0.3536339060809173,0.11683329498531296,-0.30607527014372615,0.11827549950345775,0.3097637068279203,-0.3641102258940977,0.20404605246754698,1.7092248390606153,0.6356831826789376,1.2987370055894814,-0.9064184064605405,0.3133888938239748
161,xigua,1.3520315772141447,0.33151041069773,0.20481804792668765,-0.14620666634842383,-0.3689353479856748,0.9690433014212416,-0.6730293959387247,-0.19011655581531292,0.399206036245772,0.2347353019510334,-0.8177553501492744,0.289869889787625
162,xigua,0.4169448573986984,0.32353121271633967,-0.10275047953770065,-0.22666670207576478,-0.10538478717497578,1.3533486818574676,0.30270638776242387,0.10232496155587954,1.4206067725405878,1.317377613412214,-1.0288718119962625,0.37425446006506996
163,xigua,0.7218971859445845,0.06975958396035244,-0.22734080565600384,0.11108517471896623,-0.40199104740923325,0.6763093742856175,0.46138811800866447,1.1341083459427432,1.5175105471074697,0.16548961669141093,-0.49831914286544826,0.4194538032549172
164,xigua,0.31579107899621356,-0.022208287843499007,0.7762187628702377,0.03027915297682484,-0.05923495382101689,0.7390947123727075,1.0559205028041319,0.7370077981898004,0.6975798805813186,0.45146716390977576,-0.9059330169338502,0.3854293711361867
165,xigua,1.084954674711381,-0.5900708072597481,0.33325802619513223,0.06844447511847504,-0.011483133056851001,-0.11997164755743808,0.5828971520787443,0.019110910956028022,1.2694386963714628,0.7432568659147648,-0.5829041673166316,0.3502332402708265
166,xigua,0.960256719410724,-1.275385695749873,0.6882770298791075,-0.31287938983165203,-0.033891562951028145,-1.5029018616859062,0.702333184773046,0.12302984675703818,-0.12381857392288205,0.9273252824185845,-0.5883089420526127,0.059165962607713354
167,xigua,2.32956599979538,-1.3439458161644549,0.3385303847932862,-0.40660370105980553,0.26352603178883893,-1.8640463107973793,-0.3739237136042131,-0.41620588519757473,-0.3825461563504461,0.47963434142416517,-0.38478484472795704,0.08538300071184171
168,xigua,0.16304873386010738,-0.24054147230602815,1.799761593892661,-0.5622407581888603,-0.1374380895407945,1.02423023495727,0.209109110677394,-0.7030592419682491,-1.3651374333786859,0.7841835846241703,-0.9906081006173675,0.049510240612231374
169,xigua,0.9513499072297433,-0.6316761759408837,-0.11204044174896059,-0.04762952629305278,-0.6667461627541436,0.8225067251079615,1.4094275391832822,-0.7464224260169853,-0.26039010189957656,0.6485646438034841,-0.5046657136080043,0.15776916730910565
170,xigua,1.0986639673602088,-2.504894375397565,1.4353866630127914,-0.3043381428972277,-0.44157945414085586,-2.2875105594228704,1.8269868816453019,0.19849316399031688,0.38339599838144517,-1.2210860377713797,-0.42012218816088515,-0.04590168242426836
171,xigua,1.9713841356078883,-2.999847735262791,0.5426374099116782,-0.34108410683882456,-0.2595825259086155,-2.5384871039679084,1.2980920088809846,-1.0656473039413477,-1.0666828278991087,1.6577772159099347,-0.4342173084834957,-0.12460123718932765
172,xigua,-0.3003276967091719,-2.856082941885853,0.2023030769855419,-0.6029253452580705,0.36386736298481026,-0.766839651892988,0.9290633335146614,-0.6750828139493789,0.3629248275042893,0.7281623109725819,0.38762914869430276,-0.2832345575405763
173,xigua,0.9262806526698866,-1.1070483743590092,0.5873162396366461,-0.032584128346425566,1.1799933914343455,-1.554990607364222,1.816210544677625,-0.12152233952453859,0.3702696719636552,0.8582784808114039,-0.500909606604961,0.2547865272594353
174,xigua,0.8088631807771064,-1.09312671797179,1.7117861413568758,-0.5222016507531119,0.7552224445986073,-2.4608303946040273,1.3346005899281055,0.2911367319500656,-1.289634710628949,1.2131918398553374,0.0662536029152221,0.12573839956493918
175,xigua,0.9304611232424717,-1.251720437998867,0.398776949054651,-0.0451959785557153,0.2580461100896029,-0.9504661819800966,2.569202251033066,-0.48542742780961906,-0.2862186487370438,0.8780370948337507,-1.0550307765243125,0.14556021165736238
176,xigua,1.0133074225533905,-0.8351091493043831,-0.1263240167619033,-0.3681957452310406,-0.4718668341292643,0.5994703793022981,1.7798915558333945,-0.12787563754993536,-0.39406806992147536,0.2243433912441429,-1.2030436330314893,0.12216027901532443
177,xigua,1.3610459249800784,-0.1339699704992129,1.0023322835912902,-0.11915583649008263,-0.43743605289355386,2.2840792036478836,0.8326404997961876,-1.9638577258577146,-0.7238543970014362,1.0060621294015268,-0.8852543160882375,0.32992889698841027
178,xigua,1.0417277813452797,-0.7297506288389448,1.6403947332371234,0.15597890957621532,-0.19541457751039146,1.5223666073773277,0.7188418492817731,-0.8117117911222026,1.9214698108999395,-0.3417686204961925,0.1851026388048736,0.5588410739278417
179,xigua,1.3911807264668687,-0.22716190562225802,1.3481344380481275,-0.13196167982063423,0.6025720056226918,0.2607037858952353,0.6703185504610242,-0.19874597950948633,0.4450552435832724,3.260628829042316,-0.8071746429614213,0.6734644616999175
180,migutv,3.20728298259909,2.844929429718672,-1.4783554255384364,0.9035527861905731,1.1361749746294683,-0.8820141307426523,0.3410106968965996,-2.6071386622366464,-1.5044421312526075,-0.14792613615040268,1.0718224249209403,0.4865411598290092
181,migutv,-1.2852536334741163,-0.008120048465851036,2.5432466391288884,-0.6532553741062587,1.7052410154837168,0.009810851749182899,-0.4538984207921206,-1.2006897735068198,0.1373966679497746,-0.7368842099408702,1.8045449250469472,-0.0021338463297259193
182,migutv,-0.5861474794502363,0.252091025951622,-0.2552451050486028,-0.6860969746008958,0.3533121564647418,0.24562784340420493,-0.5684546305660763,0.05591330283139091,-0.2929300914127826,-0.8354568292297768,0.9761283996642987,-0.18094092339232803
183,migutv,-0.9301346833389637,0.04146603146265744,0.23455514594523633,-1.1293549026035636,3.2413790298519003,-1.0650746220766734,-0.19063458376349277,-0.029225052408276643,1.3836119798996185,0.48349832317803887,-0.5764803532223841,-0.018893864993337423
184,migutv,-0.9868769388827942,2.3236111976972924,-1.3331275479309628,0.30950289415118276,3.9425741520951747,-1.2371316162206023,0.7186828147878026,-0.4989636762370323,-0.3075633649917372,1.0789929164936152,4.584725180763918,0.39583753198100763
185,migutv,-0.03878350973373745,0.17484843763568453,-1.0504872950389814,-0.11370680472498884,3.643172417064434,2.27643678810619,3.327679622292847,-1.9325907677697352,-1.4316748754210662,0.07492732797195559,-1.0927137586279931,0.19156155969029845
186,migutv,-0.8354302104535846,2.8524559769081743,0.5035204870097642,0.3235008623235443,2.2131452088119428,-1.279837409875773,-0.19183749632625474,0.3074489003014765,-1.1469658793915103,0.3979603063565589,-0.12366540050219749,0.14899707016202776
187,migutv,1.0520408746209875,2.6782716753739253,0.01950956246410557,0.41481153852592134,7.014032347102466,-1.050859335113514,-0.10009053070984691,0.5577754170635906,1.990132623331539,1.4396986229135802,0.47605643435482514,1.186944795222334
188,migutv,0.10196410452266788,0.12392534773280707,-1.0237203955997005,-0.6018351667616313,2.277297342482162,-1.194524829655953,0.0026472905110046054,1.0813956081955574,-0.47539194475467794,-0.4919570550324681,-0.6271847801860174,-0.0856277641934147
189,migutv,0.529883248924953,0.02987217577181588,-1.678345910677811,-1.042003705416852,0.8312117193155077,0.0463809470159422,-0.067124798823398,0.056423256603226904,1.0171444655337676,-1.1834463482996873,-0.6541837335723374,-0.121173297034013
190,migutv,1.145054838136395,2.8546504917855957,0.9414668506969096,0.45445563149857987,0.5207477335305173,-2.0893521478455206,0.5796931041163498,0.1346386751058861,-1.7253962345105798,-0.539172511367242,-0.7652111345550261,0.2907704856333715
191,migutv,-0.20537692285501674,2.2722274199717143,-0.4708466126670721,0.37764755001386224,0.6223678797805361,0.8666801638853457,0.5586453005921953,-0.7135647278950793,-1.0465497508488824,-1.0854053056680693,4.32308450646114,0.34264219274549274
192,migutv,-0.21201911192352774,-0.07839443397961218,-0.7314038006685656,-0.27783629366467166,2.9051927151452897,-0.32030344580976405,1.5940672651311196,-0.7842121534853815,-0.2897330130471142,-0.19928401407385424,-1.1016129409524433,-0.051435468743173764
193,migutv,-0.4577682254564244,-0.3853427443848875,0.9946040493183173,-0.723298754992188,0.9229857071397708,-0.009407170138802273,-0.7429604684827797,-0.5326286304873888,-0.29684625624723243,-1.0033940365835834,-0.4193673615133695,-0.24538367165229916
194,migutv,-0.8090306299314899,0.11317477659202695,-0.5529578440671907,-0.582368716372563,2.534925231900881,-0.7050188605784893,0.748219635751126,0.9288907407049372,-1.0722098552602275,-0.09037931000086769,-0.7697609769384682,-0.14508583708576198
195,migutv,-0.5110514703109372,-0.05932351184746902,-1.9770815655212741,-0.9152221223459021,1.052230939516441,2.3630167392107713,-0.36492373186991195,-0.505326803290884,1.055166226334034,-1.042751421529296,1.2396171616065559,-0.08236698401871098
196,migutv,-0.6678231536930538,0.16838006737385264,-1.926754773105577,-0.43388954783876477,0.5709884539643734,2.275899187370234,1.0785456520957046,-1.3846283982813992,-0.14570937787226662,-1.0789228925575776,1.8972529608745676,-0.1323033986720134
197,migutv,1.4486833672867434,0.22051270499552347,-0.3683396482953929,-0.507081044771732,1.1959395965438457,-2.0122426253307215,-0.7162509783478256,1.927143672935379,0.7762513283475976,-1.615306034748087,-1.6776320400161189,0.11193873135980166
198,migutv,-1.3530380676070506,0.2793749954995063,0.03204956963211542,-0.3185436771810948,0.5540438198537265,-0.7154179891937563,-2.995369713241427,-0.7581586415188879,3.40344389955205,-1.023654023764228,0.3342578496388263,-0.32666474515852856
199,migutv,-0.8055486233994441,0.1692415506995679,2.48893210135623,-0.7409684641393357,0.7754176467250317,-1.523674648527975,0.13492913087541847,0.146345007097185,3.4499752193529236,-1.5060884148552414,-0.9883389817162629,0.14219827564461185
200,migutv,-1.0515532645976764,0.2501145394204727,-1.1856932524476824,0.6720339123409766,0.29619700693043977,-0.20152365997174435,-1.3019697874334886,-0.8125030342616932,-0.08529440445246411,-0.6953833851507727,-0.5784590689710513,-0.512922412719797
201,migutv,2.614433830778444,0.011568841854872993,-1.9665284663761522,-0.603923745467426,1.1240713347128561,-0.8138935209893837,-0.5966922325397261,-1.544043681464416,-1.6183011053200136,-1.075022652492773,0.8559331900661394,-0.10255176635467404
202,migutv,-0.7448075015501814,-0.5249966177462707,-0.3075486052865551,-0.915916055311926,-0.9060390827748687,0.5838504749289766,0.06639132886394394,0.3844772605833232,-0.014710232859528067,-1.2094369318345548,1.817385542306955,-0.22700385535093084
203,migutv,-1.464441761691375,-0.10097386810444596,0.9468325435307877,-1.1641457830683302,2.547096213145495,-0.602797896490049,0.5608759071169507,-0.018430327748203693,0.38918281222596135,0.14172924623108785,1.7642358324268859,0.02395661210509403
204,migutv,-0.4503183803582292,-0.3078366669364062,0.5847405740343858,-0.5776520045282301,0.35461029873911365,1.2505863732566487,2.0981062801192603,-1.9134001608860225,-0.05390099941706464,-1.6301820110167955,1.2604115153385937,-0.03540984007087225
205,migutv,-0.1784012599554695,-0.25336658395609246,0.7333039028619628,0.052648218322767754,-0.5773254630722525,1.221032192452409,2.7140238398243146,-1.7779023322427006,0.8118675251690645,-2.5807990948881945,0.3720412484504398,0.03745038811818032
206,migutv,-0.10382220932298947,-0.2311662144954352,-1.3485158173928875,-1.182271138141224,0.42612105388673166,-0.13365701250808298,-0.8840688122182365,0.8099168212548646,-0.3006260601825207,-1.3349700131493618,-0.8508350930611491,-0.40949165727275416
207,migutv,-0.8674691163746725,0.4372373288762348,-0.6702549567395045,-0.7013531413705363,2.8366675346533277,0.4270009886520318,0.6794280776856021,-0.6858588349761773,-0.6245185368597086,0.3866286255165691,-0.38260247610728615,-0.0970885806951803
208,migutv,0.9092634214109818,-0.2064770770675812,0.4408614878078384,-0.20559399049574145,-1.0800038945691055,-0.08027601388554592,-0.6094552844972596,-1.4469064912373286,-1.043592130444167,-1.7124362134598108,-0.3521517188279981,-0.3075595597130697
209,migutv,0.44493498818523713,-1.5768781542535106,0.44159472690558516,-0.2882776168384461,0.45017038185345193,-0.6673051208568044,-0.4133078289454571,-0.9197143182179504,-0.5932982389269951,-1.7070013821783878,-0.13467998563709377,-0.3647446359399608
210,migutv,0.13222166229279508,-0.17228645821084795,-1.2688222357819767,-0.07066865907803795,0.7125367737538341,0.9117449537600277,-1.098829120810794,-0.3779237390279114,-0.176817892574248,-1.2370547128904374,-0.19059227352248242,-0.23266138122483015
211,migutv,-0.35496297455413517,0.2651100982804497,0.4509187245059419,-0.35517174518214367,0.7561913805435887,1.2511501045334346,-1.3786427320776553,-0.8161295221018713,-1.3294164884637882,-0.8353491686673344,-0.5087850865567392,-0.2545599343077296
212,migutv,0.8304691130010309,-0.341604920301263,-0.3443874845865815,-0.22517543955204838,1.55149214445672,0.3097902607748921,-2.3441173356650755,1.4815572525201508,0.47943650134078647,-1.8877349892610136,-1.269025510650267,0.0033712717554254977
213,migutv,2.3787790732029257,0.01996614628338998,-1.6923921841985046,-0.1914997342363833,3.0399286286539065,-0.0590591255356246,-1.6906018329391,1.3035913912556574,-0.6161407279802795,-1.1513358611996602,-1.5618986166309876,0.2267944436060356
214,migutv,0.7859477259638493,0.14137995981753812,-0.5624730552573104,-0.49276144915004555,3.3701071730088916,2.5277010614452444,-0.8575023564825341,-1.0540321943367708,-0.44407843049807894,-0.5408602287899318,-1.499951092053623,0.16411101734044556
215,migutv,-1.525245985248853,0.3792487217874668,-0.048839174799046904,-0.30777419294525976,2.2726563494942424,2.2781612200299746,-2.2002257489681445,1.5077825069247701,-0.6628253009715267,-0.7266757212509745,0.4246439468106527,-0.04152765313322218
216,migutv,-0.8928018494757924,0.5354692970026625,-0.8677907597921178,-0.1624012369993709,2.849193258723494,2.144845579479759,1.5094408279295943,-1.0107686272963368,-0.46008618141837127,-0.4578449804688138,1.4858583058992278,0.1788944624854561
217,migutv,-1.117513173701867,0.21515091203442,0.5635321965625831,-0.6611372527325335,2.5729448253961125,-2.212696982467532,-0.3661925607442465,3.547433820959986,1.3684698377912634,-0.5725963736332711,-1.1436415025393143,0.1161844993908658
218,migutv,0.17567062237526646,-0.10349991307192083,-1.7357007071762773,-0.32251442013120407,-1.178716220308653,2.410817309035077,-0.7416815105538946,0.09286677491612637,-2.389467870877914,-2.175403228318135,1.1814792045488776,-0.37556930713568215
219,migutv,-0.7836761073818228,0.020035364148593866,0.9486694769850313,-0.5972148001015373,2.8928976547159255,-0.6912065630603679,-1.5326340294780039,-0.08700361522668408,-0.8721956701966045,-0.7604969945470315,-0.3383811897728143,-0.24265104568091678
220,migutv,-0.6250730369749686,0.21833137457344157,0.846477623418608,0.5170411765912085,2.7737507908248356,-1.0996306424317224,2.0943679513164866,-1.1331682907889424,0.2953467138884515,-0.5723206983282397,-0.4298335867180933,0.11435060465147187
221,migutv,-0.6527543759539417,0.3958808255444391,1.5892030664227217,-0.08243207924761177,2.7784953337760956,0.21316882604507667,0.9542141433652389,0.9268177334370118,-1.3767077123809004,0.2055935944360668,-0.15253738348738421,0.30913783778108006
222,migutv,-0.2970121987445491,0.3953281182066318,-0.8839547937288327,-0.6405895873534457,0.9714143893661936,0.5592606621651461,0.31278893823612813,-1.2542207204688154,-1.0691873138346095,-0.7844177436521101,-0.6344746504899563,-0.3333188344309337
223,migutv,-2.09691227113265,0.35591699042423763,0.037965167256846837,-0.3736307136045237,0.34446417169331384,1.3913764187428384,0.9952674733952372,0.31946814442160837,0.7475505842576051,-1.357405850086522,-0.47901486766229784,-0.20010941064102547
224,migutv,-1.1475046066005448,0.5446451179104654,-1.685852261877438,-0.24607751286427718,0.5641176297483468,-0.07655665438151148,0.7112421190134638,0.674915501209985,1.2571567868633982,-1.1831626223474287,0.6198032161241593,-0.14274062244355668
225,migutv,-0.6007794502060592,0.2530936821143272,-0.09135763853323356,0.31069198020426747,1.6346732310153564,-0.53019068494388,-1.5786267216652723,-0.7435489147573476,-0.734650196542077,-0.26387859334932345,-0.2845661557586434,-0.3084287968411964
226,migutv,-0.6738585924841308,0.24727521659829357,1.9387159843087003,-0.38654444434853585,0.5495119264953855,1.4920115466969133,-3.3755618477480605,0.2683877868102785,-0.3198195999640835,-0.9738797956989794,-1.0439399556368254,-0.1570369249874306
227,migutv,-0.36420364560503593,0.2062999709022401,-1.8228517846162182,0.20905677282694,0.5715402512790135,0.8483193610312252,1.0026729978837179,-0.8278630359921963,1.9146851385226662,-1.4130331400493965,-1.2512853053981279,-0.12383462473484656
228,migutv,-0.3110787669700777,0.3031662367924017,0.6984158904741293,-0.6717603168402985,1.2831983837518965,0.14393905751234504,-1.1640435028926959,-0.7240624410158887,-1.0615169463525074,-0.0794974539885719,-0.576198635463457,-0.20718185617319507
229,migutv,-0.5159027121897167,0.05477787962468138,-0.44389372164816127,-0.6818463247930778,0.42569927313397127,-0.35135043780763703,0.153670679243746,-0.4830210219903409,-0.6706107762119589,-1.1835926734800235,0.06179265618513168,-0.3637182289394762
230,migutv,-1.3880586242009025,0.052505903274954774,2.4057846438769284,-0.7119449796811579,-1.1211366749311342,-0.03860668247162556,-0.170816465918503,-1.7178032603771431,1.112972108906546,-1.674126780494317,0.1988673468135028,-0.32500812226462533
231,migutv,1.1233716143267827,-0.5654079897055406,3.6235313044052235,-0.19111094441623097,1.663152382038372,0.41491514461699713,-0.2790871895996015,-0.8905044872279867,0.8517327146876028,-0.6162650137970446,-0.7431410614748104,0.5376464998445333
232,migutv,1.526828066124104,-0.12469145926632454,0.39297834637897383,-0.2094677014090596,-0.1277763131233676,0.5455695642694663,-1.0373225311917222,-1.1367243210619684,-0.08170426382983256,-1.301435036674993,-1.2703695015273573,-0.019935599988884025
233,migutv,-0.5167550149439384,0.2598393139720113,3.215157117655571,-0.5185154181139775,-0.09287993439648101,1.4303958368840533,-3.2030519443521794,-0.38154086257651404,-1.5734510105286381,-0.8774154952209285,-0.9026763312173386,-0.1959092614917996
234,migutv,-1.7061963871316823,0.1597755665760129,1.0289918270741945,-0.6436429255814312,-0.6017261206864873,1.9473978197730326,-0.3259190680007336,-0.2763642585069998,1.041303336996202,-0.31002491292807816,-0.6232668999307193,-0.14361359719727937
235,migutv,-1.1525192633070556,0.08236139777327976,0.46535017549428825,-0.09244246641196573,-0.08157138117651222,1.9187633476742514,1.2353295438989922,-0.8542055513042498,-0.9186358749502112,0.1550950784893331,0.0037930192754960564,-0.07201610462924708
236,migutv,-0.6286280708902328,-0.1131713399789565,1.2432006387239818,-0.677299251536711,-0.0613806460456509,0.44722359339950796,0.01775480677999517,-1.296381089363538,-0.06652001553168624,-0.039543229306867406,0.06069407821688747,-0.14891657089550753
237,migutv,0.9380734376562173,-0.1767424862544347,-0.5560174138766911,-0.6837753491879875,0.4766953250343499,0.750377784453279,0.5720663540614149,-1.2878655017827518,-0.7524119045799652,0.1285715923706149,-0.13840368922736992,0.00021918194913120133
238,migutv,-0.36079247035297574,-0.20172444540224482,0.9919393506781572,-1.053970582761768,-0.4932851529376747,0.6196076751689344,-1.9670414946018309,0.055483543852612935,1.6027593056846083,-1.4150891904150815,-0.8623083221670202,-0.1938979192525939
239,migutv,-0.7121179764037244,-0.3200171117215355,1.0780200980116306,-0.7426709336941038,0.7778129438999685,0.31483457268413223,-0.21949599066788966,-0.22444894526973902,1.0473403084250532,0.4278955723812969,-0.8794892360844874,-0.0066559842678243575
240,changba,-0.40627083367869976,0.6194233309128246,1.068471068579622,-0.5790164595705513,-0.6767329128333134,-0.004689396106281431,-0.47711718633989153,-0.8471606479925128,1.93008897107325,-0.29989376603412204,3.8320361239683383,0.2711910187866222
241,changba,-0.42048147632636523,3.06908308963134,0.9296897072936795,-0.04847392015818357,-1.0711533033591072,1.4883859881701353,-0.1661338493522982,-0.35552950597311456,-0.08436133166149688,0.2892327770816168,-0.9173234453868419,0.2673089765807688
242,changba,-0.7039741216215197,3.247283079616788,-1.4480036789178394,0.5500422084740023,-0.9129702890965614,-0.18904134268442224,2.0753789554353386,-0.45260008600648655,-0.6197876293690452,0.6919542454044418,0.10830228840166538,0.09923334777847204
243,changba,0.3765991916651386,1.1505021722299642,1.1526638783812089,0.38970629875358215,-0.80312502568073,0.7290930937936109,-1.2428200006636176,-2.0312738440088,1.0410342113154842,0.3068176942639438,-1.708108618437959,0.054173110555342796
244,changba,0.3003512393268795,3.250767793365888,3.0938844542767425,0.7168621021649605,-1.0383627126150128,-0.21070376217107784,2.137064793871344,-0.5530473560682061,-3.1213467976735685,0.10417013912067445,-1.3377110223314017,0.40487222126385886
245,changba,-0.19526357616032053,3.430165686551822,0.6858384517580517,0.3393948032941643,-1.018109181110543,-1.2893455195610046,-0.534068488307687,-0.27505737921445916,-0.842488141870242,1.0826779835729383,-0.23051271738664417,0.12355887867401938
246,changba,1.288263010622247,3.459826576287631,1.2632548815855205,0.012874836203159724,-0.9847675410898249,-2.1167734525356035,-0.4138703318127683,-0.9448574092920717,1.0203275304299406,0.3895802240524377,0.5214296830726008,0.4806319517422172
247,changba,0.02878233975055748,3.3243461018403155,0.6631723077123342,-0.49174870318730085,-1.3120984249633423,-0.6555178146368097,0.8169632102869608,-0.902794288881943,-0.8358045966086282,1.9119506014133736,-0.5337835695942259,0.20518035959317352
248,changba,1.4595537524583968,1.2249870886969032,-0.2853190972299663,-1.2611503883936657,-0.22671174445454553,0.20208607268106626,-0.41828814556414873,-1.9708478292963894,-0.8456158685799345,1.1303871181090803,-1.0771729395960765,-0.01498823671817523
249,changba,0.9143187635157678,2.8603234184588504,-0.3101430875723546,0.03830208254565033,-0.6393297009812328,-2.1721134416063217,-0.2920727960744813,-0.7667640861366477,2.6396742497195,-0.7370343657993906,0.9264249140747812,0.3278068504344308
250,changba,0.4929406271814806,3.2665989061019562,-0.15431141615150396,0.006925725164309627,-1.3835028249161696,-0.7268333782121785,0.32352725046361525,-0.4816348070972398,0.054922187310214955,-0.09745281983167205,-0.5290257787436394,0.177044773644519
251,changba,-1.1415134215059934,3.1975405181959964,1.0196887771296823,0.14437935800111484,-1.3049110561226296,-1.528791717339478,-0.2518689004339147,0.1608151600181796,2.098286151257617,0.31900680245332363,1.328388243986347,0.26766853481289693
252,changba,0.43891265456716066,0.7108417611937218,-0.3762286500964743,-0.657309033372868,-0.7275933064440174,0.7965171516861459,-3.2689832940243595,4.47119599563196,-3.0730217676381004,-0.6498314049468068,-0.3261063353990732,-0.05705633283617735
253,changba,0.7871771444406082,3.1727179547865414,-0.5879842978452098,0.1954267269769931,-1.5452963888533728,-1.0105694955781297,-0.5775602734532933,-0.38968583281225244,-1.255598035705448,-1.4920736561732824,-0.7333599044956264,-0.12085921077807059
254,changba,0.6933168618975292,3.012938278230719,-0.9812405511336604,0.3692742625599366,-1.2686842375863796,-0.9734517397625473,0.2629958706994752,1.31870528113113,-0.461361202958942,-0.15137081695175275,0.2258846656146135,0.28872949862342306
255,changba,-1.0383817542227896,3.0721716430911448,1.4987131558865252,-0.8038121037082503,-1.1725376607588243,-0.36438398792943877,-0.13751338704281885,-2.369046576910723,0.21514859498769492,0.7050450822719315,1.2980722948213375,-0.01607841673124245
256,changba,-0.5462250455584297,1.1514105825049956,-1.2377775483677664,-0.4440954228208588,-1.0418004961083709,-0.26348981180726444,-1.02693264966911,2.1410773401658654,-1.0637524750350047,-0.5241680076266524,1.1354543081639623,-0.1713386907664339
257,changba,-0.4063668509842505,0.8669131965595197,-1.1498965097788116,0.017318229480961598,-1.125330752873586,-1.013657170319538,-0.6993374431126551,1.9674703202023769,-0.60357166316771,-0.4285691506494373,1.0289068038648401,-0.14981146546658045
258,changba,-0.24842763763124476,1.1596008827042454,1.860142356985166,-0.7540362743535564,-0.35261373968677884,-0.60443655382453,0.03153599474963937,0.12651561796488137,-1.3874949239880876,-0.008912658887476334,-1.2704938541071453,-0.06518986328764141
259,changba,-0.03335256103360944,1.4539934176304772,3.0088264436449905,-0.09062169180146604,-0.7219278142019174,0.48824865786657096,-4.227876132245697,1.2789157936866926,-1.6919526505367566,2.0677597253284237,-1.6401172616082187,0.12750761323471388
260,changba,-0.54455875692652,0.8979377008398319,0.2932409952432552,-0.10011656801434514,-1.1783863083345962,0.09869192906130864,-0.47374456830928025,-0.8166584562212519,2.5529346551832233,-1.427832708988606,-0.8300002101465042,-0.10335757845073439
261,changba,-1.9291491622474881,0.9588611385416298,0.34970667100330877,-0.8013464820877326,-1.08587674074689,-0.18580777856190137,0.7078253011592812,3.679971138476076,-0.5274430821023951,-0.09756558329971254,0.1690323176700193,-0.018170243567621373
262,changba,-1.537760899357371,1.1877637970124586,0.5450725256092179,-0.4214418357375912,-1.302677777354844,-0.3821040279671827,0.8061687619964827,0.750389399962255,-1.1965424282326835,-0.6946281163765203,1.689039907440241,-0.18688789625949023
263,changba,-1.9087734156450393,1.0183667869225206,-1.6443860310792595,-0.4234310978708906,-1.0891732319964356,-0.40540117811573506,2.353931052245467,0.836698466716522,1.8987536220165273,1.2800033676251952,-1.0952697964594185,-0.13006757035345168
264,changba,-0.9375352993566338,0.4245013490522525,3.761417678050052,-0.714205521499374,-0.4413906288849795,0.9455458569945715,1.3646706202465215,-1.3723106516406363,-2.479578908404882,1.1954935540600704,-0.4518003343135476,0.050478003985900514
265,changba,0.2306658345963759,0.920441056804415,-2.061763254954829,0.21741066473159182,-0.9109206133203586,0.3444378066558862,1.562197875636543,0.8252130054397983,0.0638610391418293,-1.4762384275586038,-1.069933606095569,-0.057129694767715525
266,changba,-0.3042572567323911,1.3504972990028459,0.5804335453217625,-0.5550788242299285,-0.8601829320157374,-0.18804732413361386,-0.31919221613888216,0.6789343352909618,-0.36793161355785264,1.2630750927082925,0.21081774105373605,0.12465419831207086
267,changba,0.9236076526516876,1.1578855081276924,-0.5789375211385753,0.010559720656225879,-0.07449807976435142,-0.24950771953485168,1.5635931757971415,-0.7993633047706594,0.15521274583773575,0.42691678163621005,-1.9395878425492263,0.160816338891759
268,changba,0.9717036154270724,0.41428787164644976,1.2938370864817161,-0.3315423565210452,-0.9163609882764496,-1.2234283851195498,-0.7108774777836036,-0.1983140432699469,0.969182828968602,-1.6712241825127525,3.0605550274553424,0.25677115622115454
269,changba,-0.11979896068391549,0.9255706122332668,-1.813631107181018,-0.6794196275150043,-0.16707770828511964,0.20794230309571446,-0.6994818997028169,-0.4142167675060796,1.8135217233317926,0.2975928822779447,-0.6374551349132975,-0.11859342305202715
270,changba,-0.951905911869997,1.07160753556071,-1.4495545558400502,-0.47903846787960447,-0.108574230534633,0.12231699150516433,1.7483502478068462,1.177554704260656,-0.9011949817396163,0.5043678148009347,-1.002126188568285,-0.12335946330659651
271,changba,-0.5771960860799171,1.0842231812315577,-0.39118067000521484,-0.5383031733384054,-0.6254050336274497,0.5526424470530117,-1.045288294715717,-0.5443848484166662,1.3453596918067483,-0.700975432527382,-1.1380226374054514,-0.21238026176450678
272,changba,-0.6326518630223121,0.7773048475596221,0.19674229130296214,-0.46030495334154814,-1.04510879930472,-1.09342594328361,1.2755035796653087,2.198067891110808,-0.6739599582365772,-0.5566502357321619,0.35972249254088295,0.012180146233074257
273,changba,-1.753197887896832,0.9023669320840229,-0.07413574767104186,-0.09329765990028455,-0.6635300952245432,0.3111207605593099,0.3421116438007991,0.9878503584354723,2.167615796470264,-0.5515931417382975,-0.4490134151280394,-0.033436015258990835
274,changba,-0.042764950245399655,0.9786567049764697,-0.5417528308422421,-0.09546770277308353,0.1876277254317661,0.9525866062036439,-0.554061684375238,0.08772270351976313,-0.3319612067065211,-0.3261130673460144,-1.2916063152075465,-0.04937974269622354
275,changba,-0.5178933358896783,0.8034415603403205,-0.9597891268310228,-0.636730587998652,0.07135850663294126,1.5067683195886683,1.4179651693247617,0.16193219023804417,0.2536486656907489,-0.5943299692339266,-1.1392586514969338,-0.0028540026990890735
276,changba,0.7251656537031086,0.71312733183443,0.8322481623543102,-0.3243452913092586,0.18883053430219812,-1.715255162354316,-0.4873344029831433,0.8690071852013849,1.0093299812917171,-0.7298707872599018,-1.6355875325692475,0.11585092615250986
277,changba,0.1614984975972622,1.2909715536855209,1.0212594792921312,0.13695244020082004,-1.0710654991364041,-0.7433777329239825,-1.0475201028475292,-0.961064198166572,0.3815847038242457,-0.5430654761664915,-0.9056015674107585,-0.09653247520075552
278,changba,-0.46481230738241563,1.2263493478716039,-0.46127762270456923,-0.19579523309818028,-0.18012277186604225,0.864654972589156,0.9500475924791882,1.278436920087716,-0.8219221621887035,-0.033751510196928174,-1.7148982067614489,0.04202059314623787
279,changba,-0.8940038084166548,0.7518503000630125,-0.5307682315288976,-0.2306983972204854,0.1431970596618242,1.9362405896439738,-0.2531772469658065,1.2716970626980881,-0.38670113950492174,-0.018896213146441243,0.48999733780677834,0.10408442154392938
280,changba,2.7843175969895713,0.9368168213556455,-1.1303409341424036,-0.2246240454671785,-0.34659331660437254,-1.705333453210072,-2.250749279530651,0.26034235743497264,-1.0690271964699665,-1.111683369183537,-1.1775438179288222,-0.06750374020588486
281,changba,-0.6619483219364493,0.6491437184446021,-1.3537472396102261,0.017122344412137405,-0.6205227710885959,2.5721102026038087,0.3405542004207068,-0.27010839943268167,-0.932974770535548,-0.6420867920845917,-0.569046420288835,-0.1823274453735755
282,changba,1.9861413359251905,0.3348184204753929,-2.075468471704504,-0.14821037586051564,-1.0054173007692249,-1.3123905246430696,0.051990603572292106,-0.3481899205934377,-0.3715501937362026,-2.2989198215993905,0.7590036707987639,-0.1621927675467891
283,changba,-1.0510984561330503,0.567462925372151,-1.0019063312467826,-0.398111440992293,-0.7179660365599548,-1.4447632827692705,0.7877155435218574,0.5749113155213739,0.0972936076934173,0.13402811449049434,0.8659980555197575,-0.2631090475028254
284,changba,0.047527991137662026,0.5530699403496935,0.9537270875351191,-0.419699006168191,0.047349219077470375,0.279632330182385,0.31230599371446566,1.0222925848646265,-1.1053182028388877,-1.1117501201888713,1.0006540001400177,0.16652606862597363
285,changba,-1.8835383079489822,1.0268138845821138,0.7272576524941307,0.3750977748304533,-0.4188914743347546,0.3889689489340173,1.1876497594805848,0.7377401250523852,0.2557222115909207,-0.7190054479130462,-1.0861876323007489,-0.0866110250519664
286,changba,-0.6575440791559759,-0.04301306304086533,-0.7198184388804106,0.11332179897364769,-0.8828222258622839,-0.19477976116272844,0.913156349011768,0.3858222798285594,0.49492148425788235,-2.4501267080989724,-0.42622166399704425,-0.3112292260867522
287,changba,-0.27177261945318293,0.28328339661096147,-0.21260045273472528,-0.10592755013461462,1.4438722159768946,-0.6813681243598323,-0.6749313346987222,0.2787355016438871,0.6546624269050074,-0.018909976530855382,-1.4210551776935194,-0.07721298339209445
288,changba,-0.3218482358778115,0.74684728150912,-2.006726211455487,-0.08230040440682622,-0.8151251613067584,-0.3570949287970791,1.2844223201000693,1.516073190815997,1.3785842456575392,-1.058573603029097,-0.9305875558642379,-0.05113271182921104
289,changba,-1.0714243300424684,0.11771176294518607,0.6378472378366891,-1.2408369810697837,-0.4367723952268178,-1.4194217429579783,-0.034222874425103876,0.4982777107836701,-0.8362907805115672,-0.4033577672177074,2.2304675143300976,-0.2868086252270076
290,changba,0.14114676903131157,0.491445620568436,-1.0831626244699633,-0.3674450213407301,-0.17105360561970337,-1.0985964720330557,-0.5096859806039118,0.083737099202483,0.9145624867605345,-1.3943630206288387,3.5119563935764786,0.002294790174126795
291,changba,0.528237451782677,-0.07220952309498589,0.5038073051212529,-0.40595048426825314,0.14520611044683643,-0.9914042371646099,0.24739204530048714,1.2195663267869123,0.12437676996123852,-1.0491294445505197,-0.0025284603588524275,0.11546076984981274
292,changba,0.5581717954302031,-0.2274856330421312,-0.5211924564941038,0.003127199911942548,-0.28961324200858884,-1.376946460263288,0.4753164556002824,-0.24151661709836525,2.113621695052116,-1.0810835682876654,0.2882924180168774,0.0363481044409235
293,changba,2.536415095272387,0.2857976034459203,-0.6967095336362626,-0.08817538307725639,-0.07075724783570823,-2.345221660906381,0.5701330290295092,-1.0232721416686716,-0.8770087311899344,-1.1690913181031655,0.9259691379179047,0.07004598398375902
294,changba,0.1266825630284921,0.16574451838115628,-1.00180477220536,-0.8000977610455511,-0.5941418103664786,-0.4052871759281539,1.2823827205184801,-0.6079976876458196,1.476702890169577,-1.4479210660133621,-0.6553474741064295,-0.16893843055457194
295,changba,0.8655758089921,0.06981571894862951,0.281673756874102,-0.7660724310291066,0.09704283454112114,-1.369678428599028,1.169998799226668,0.21433485465995578,-1.2405074807912273,-0.4607666132130397,-0.8944545787546422,-0.056001029275511496
296,changba,0.8807738829151202,-0.0695240746842424,-0.1853040208459966,-0.45424451148940825,-0.13271017569424126,-1.8854835069382432,0.4454358009650498,0.5304381923692514,-0.6931078201801734,-0.9266457817118651,-0.1287243590643626,-0.10900288797896374
297,changba,-0.21225024863193898,0.09071119380330817,1.2941293718793767,-0.7409174668240467,0.12151302120492367,0.566870586421694,1.3649440461324416,0.3091327055883677,-0.30453318229351184,-0.9713425722258392,0.11992756188298916,0.14788919307734358
298,changba,-1.2281013964526248,-0.41833103141448474,3.97486329956126,-0.7861057787905322,-0.41419754050512525,-1.0691082617301222,1.6672932559639835,1.0389421694160161,-1.1678395662797356,-1.2497243856575815,2.745533711825322,0.16513951417945494
299,changba,-0.1506493961884751,-0.35842808511898244,-0.33824748034853447,-0.9300045560697845,-0.8033710366795485,-0.13968571232575433,1.8601723102334558,2.2007118669913406,-0.7408084694936246,-1.1166635810175587,0.8146725095964776,0.032936559937063625
