,App,0,1,2,3,4,5,6,7,8,综合得分
0,zoom,2.0832011849255805,0.6602929317195884,-1.316453643728122,-1.4115002068321438,1.6124415474132134,-3.325552783107113,-2.207129424653949,1.4000976663856954,-0.38819709145537346,0.5257468588313744
1,zoom,-0.6926638653632633,0.6137155280595997,0.22032888887444074,-0.3000638418675821,1.671337660121603,-1.9485965289033935,-0.2798118483039335,-0.8768756341397066,2.5339991867738636,0.1445082472074634
2,zoom,0.7334060614539236,0.8220015822225378,0.8738348822830606,-0.31204535882288875,-0.6249511697093619,-0.5945345282810945,0.23420385071692307,0.14748171501917737,1.0006241376428842,0.25711864384155425
3,zoom,0.2016614573181926,0.008278650499772855,0.5890489711494864,-0.5639463271482266,-0.142329225713182,-1.3419651097318803,0.9743882015408932,0.823633808052848,2.998570736217635,0.2622175306165518
4,zoom,-0.4109236790594157,0.8463138864281498,-0.5027552523748988,-0.3312732694108718,0.10839066635699385,-0.12643994839716363,-1.132626819161303,-0.04907185963039548,-0.8540471964485014,-0.22741154030766894
5,zoom,-0.6610082216868411,0.9337312570372267,-1.076077774055029,-0.3576146813416046,0.7743245395784631,-0.3420396332165478,-1.1459167284170293,-0.13702386179459816,-0.21815672409362685,-0.1804269264355432
6,zoom,-2.0000035920518755,0.5394278545895693,1.56751246775671,-0.5333039017713517,0.8602671103617758,0.510710809270964,0.7798679214652652,-0.09294890339760259,1.331102257605133,-0.1381893726786822
7,zoom,1.318521170663332,0.5419373327496136,-0.6507303631894493,-0.37706456262113397,-0.5227697374015068,0.33630947795110283,-2.133009647834398,-0.21318034649782464,0.6162001420389653,0.17251977125393878
8,zoom,-0.24727795681344136,2.9682479041893233,1.3126518556711813,-0.058159747834936354,0.5115689187793308,-1.053989201469893,1.4139405722373002,-0.5525254035781889,-0.40166920600603223,0.3418341119607629
9,zoom,0.8060250400051453,0.5495609563469953,-0.4084129195524462,-0.43605770997071647,-0.9762389115215132,-1.7411188048782138,1.4250814641265954,0.9813436927083631,0.24346520555399076,0.09177322833419417
10,zoom,-0.36362872526629736,0.9023171408227523,0.7384971814104684,-0.5385971892404495,1.3503303376885125,-1.1342806113897503,2.3107938178092593,-0.818742593907637,-1.0290422933050833,0.21331940523960055
11,zoom,-1.2478831547614737,3.0219075774272066,0.9176561694398419,0.34801985936476854,1.3403504337501104,-0.619436464072242,-0.6295605105883232,-0.7452725213830873,0.35976561877186336,0.1497675073065778
12,zoom,-0.3501468056747714,2.8076499570336604,0.7745208443804806,0.2351220368924596,-0.4272414517790217,-0.011889813020552583,2.3478320987324097,0.6838307474210209,0.10605904554220853,0.3332855886678578
13,zoom,-0.7385929388807622,2.772896214322675,0.28621202610755375,0.036303854240659655,0.23453941668657058,0.27349168653355643,0.015525479864950321,1.0569004287330064,0.8478111779118473,0.24082368209839614
14,zoom,-1.2004396959191603,2.2259122095075177,0.21786941433020215,-0.030432447529737814,0.5145966379949748,1.6889413574637901,1.8208676142275266,-0.11566061773048616,0.7183835851840299,0.22293091866523917
15,zoom,-0.14819076044410795,2.662906500441576,-0.012043559170260731,0.21509183480592145,-0.5814158993784286,3.0300492394187715,-0.7386949824464265,-0.7756908446550692,-1.0172679491686287,0.11705111815120822
16,zoom,-0.1684893686811384,-0.18630482561406211,-2.139119078148285,-0.673856181340591,0.7837077141943594,1.3618372514227353,-0.22120849652608995,0.4267337819628464,1.2122513104087635,0.07450956001250826
17,zoom,-0.23372792861740224,0.9203265081560152,0.6509889913859719,0.024034508395004314,-0.3560864853105148,-0.5568509847736759,0.32263151301237863,-0.7160008545845866,0.8808369375756735,-0.018897428873775175
18,zoom,-0.06027641207946663,0.6466562396931554,-0.33049633089867575,-0.4029690119518068,-0.6143271198120207,-0.3051063007513056,1.8585919095168333,1.0610541716617832,0.36507857516276726,0.05736007709327478
19,zoom,1.5652879775035151,-0.3243488426068232,-1.9958203360726277,-0.6096491650494906,-1.3296283024166162,0.31188856005345394,0.4498197083767179,0.6133147780359374,0.8419794271725994,0.129034062842633
20,zoom,0.25239107104300745,0.4810230980763437,0.9059429650607158,-0.17952735131571507,-0.9455984990986503,-1.0200324021466523,1.9396589254994845,-0.31042705977744467,-0.01684463303822531,0.014159367387166824
21,zoom,-0.36547312192803416,-0.0274226290443901,-0.9795505415996872,-0.37884506898286674,0.48033422759408956,-2.2483855126396515,1.3200098400309075,0.7481000495009262,2.342404488574145,0.032851760511004184
22,zoom,1.1364304391413527,0.4262841442346043,-1.197144140951062,-0.6247401260699037,-1.4803003555940226,1.1484088586893377,1.268344698331685,0.3747109103250968,-0.5552651633270068,0.09135972679993269
23,zoom,0.9109576282110521,0.6767259134128488,-1.0425165932390692,-0.42298209178886365,-1.4459484363549722,2.655271400641573,0.17103283012581122,0.9720336618564349,1.504702691423871,0.2813710377074919
24,zoom,0.406757261912668,1.437758935740547,-0.7290659911096623,-0.13477636900988282,-0.8601832151153255,-1.8825480815897264,0.7121776964651925,1.369693986836553,0.7634230429516776,0.0783037941553604
25,zoom,0.0940934430106153,0.18736714039526442,-0.14256558914544348,-0.07671154132275856,-1.3115103949023028,1.4133237319465102,-0.205856335768539,0.45831697444135183,3.31158397309338,0.08876871657404728
26,zoom,0.7550334254643232,1.3831778700306816,-1.1116295339871918,-0.6428991231584766,0.8077544135156115,-2.705906685767237,0.4447844926126776,0.26806564661630233,-0.7318378370244979,0.2106983370883249
27,zoom,0.3087569684844406,1.0887751442669742,-0.9992387265920959,-0.23313234215801207,-0.09069036991493087,-0.6331109822938478,0.25448697555503197,0.6133969811116001,0.3194142308729305,0.12006826100421066
28,zoom,0.5460424844985071,0.5416396909032707,-0.21747642051724825,-0.7784748635447567,0.2617567147851249,-0.20938135750177053,-0.5714875892723326,-0.03121421246113999,0.3008420018650879,0.1601746376232822
29,zoom,-0.05753139121377648,1.8034593862616006,-0.06917699910806195,-0.26356702326008524,0.8620987407374892,-0.1578571398913488,-1.8762211515664986,0.29428884080342804,0.8033083551522875,0.2350935815438909
30,zoom,-0.4430629436558532,0.7348463932935398,1.3932512046180165,-0.12792083865822765,-0.3862508010768627,-0.5588158749914482,0.30772946526779105,-0.8028107383365142,1.494308832463843,-0.028936540362908523
31,zoom,2.489629812654008,-0.08865457832392216,-0.029528074560775792,-0.3585576547589573,-1.248901982639518,0.40711110931978617,-1.2674516120068338,-0.26261643471538854,1.726344041769909,0.495870912124797
32,zoom,-1.0826687234107215,1.5991959728840148,-0.9812290293878058,-0.7543667249090493,0.030557340387647857,4.445541468505281,-0.6009198387481415,0.9216759680373873,-0.8724494523885378,-0.046622505052306105
33,zoom,0.029312131368935578,0.834048637294739,0.7209935554320374,-0.5208869173281134,-0.285686286000251,-0.4881515921785371,0.4957780982768762,0.19860981991389912,-0.5270912979659781,0.016996112549165346
34,zoom,0.21377255303029585,0.6158315679245051,1.1419770431845062,-0.2612629288950754,0.4223399574700991,-1.0997609525303786,-1.8762003598764623,-0.6592751358657755,2.603299848834037,0.20087714214457322
35,zoom,1.3889155560983721,0.5559921941101568,0.7410916452672196,-0.6563100928859541,0.06743107779895391,-0.42147851093122907,-1.0825629789304092,-1.3624605045751428,-0.11760196885606859,0.28735350185169684
36,zoom,-0.5773591987689632,0.9223411731953303,-0.4587498193524215,-0.46589742615197144,-0.36259727133636843,0.7906330026591672,1.4290767644540587,0.41197853826199565,0.5414481547210638,-0.02445900616757553
37,zoom,-0.1745158363461585,0.3520686939422208,-0.5528414951702884,-0.485813570086609,-0.5986553362213978,1.104054134230886,0.8036558446525439,0.28287031145551017,0.7661372987280797,-0.02459464700002221
38,zoom,0.22256757233516397,0.8394127169484156,1.2508217195279225,-0.19851324413024443,-0.7305587210750627,0.09739474862990198,-0.5150058184093655,-0.31183230789936656,1.3623592711310406,0.10815021627936766
39,zoom,-1.005008072179591,0.7358878934583432,1.349890098051928,-0.26926300055603164,0.45271416498697203,-0.37174205925995113,1.2989847211014014,-0.03271087860492668,2.3014379371136147,0.14229325001312504
40,zoom,0.4332786118155608,0.23401282232264833,0.1816321921978234,-0.5735203048243297,-0.871026602963434,0.9410304484790472,-0.14108651115968823,0.17198837667463365,0.38378364458046704,0.03305176748148161
41,zoom,-0.08791849399984689,0.6461129439764209,0.6101832712704544,-0.19577416906693187,0.5184741560359214,-1.226684608148825,-1.9030733965248676,-1.233177365510168,0.06639334629105274,-0.11627097131675229
42,zoom,0.3985072461544276,0.08711379244037266,0.008565887180653188,-0.19756485248923797,-0.756537716267881,-0.2049942166629089,-0.25735119931353967,-0.16388710815752516,1.1320475547611386,-0.007595872259766744
43,zoom,-0.4973803685919431,0.26316534682237436,1.2371901871304365,0.05321395017980913,-0.08427781194632208,-0.5557184054450359,-0.5657075784404895,-0.21955709404920676,1.4590175295617465,-0.042696420764095355
44,zoom,1.0096145237530831,-0.06637425309543311,1.9200402489710888,0.23729684714035726,-0.9615503296077972,0.03648584792114364,0.03683668546016483,-0.6175534506714114,0.8702678885963926,0.275051289460482
45,zoom,0.04665861667153648,-0.5168656780456005,0.7190937074586202,-0.020859245203066843,-0.21369965764411258,0.7202082347938479,0.618661640649322,-0.5101260460787086,0.5361709968928757,0.06222991805320988
46,zoom,0.0311673685081984,-0.6652930778324462,-0.3366268486759889,-0.06665102047473825,0.7924732241957846,0.20065444596860268,0.3013199513741017,-1.187543633842246,0.40936362208804317,0.06285145598576534
47,zoom,-0.8993520008441459,-0.08481449143049967,-0.6897452600965241,-1.048502406873683,2.4534937147845497,2.405318925619807,-1.0532164150055738,1.0289639928026846,2.5541076106022977,0.4244187369743698
48,zoom,0.018096877753851444,2.707487300259128,-0.14400610942651443,-0.33527448396018644,0.9325853965914545,0.9126293893263281,-0.11749578991965103,1.8168646479736013,-0.46154579437464477,0.5450498241952589
49,zoom,-1.3605564198047841,2.87571444588439,-1.1077898920483076,0.24426468302921076,1.5879301094992788,0.20322595939307767,-1.2705766727800198,-0.5248746227678941,0.3246847576337923,0.026139274766479058
50,zoom,-0.22093721240859582,1.6297712752560016,0.4483777458748087,-0.6576614903842664,0.18992875144022386,1.2062169389387438,-1.1346071423154138,-0.30499107044289403,-0.4683537810176249,0.05440525433831992
51,zoom,-0.6755252317570095,2.5060522534101968,2.2737482098741113,0.194042657213663,0.9723083745096833,-0.2943081657020947,2.160672877568242,-0.07444410535486315,1.721251169948936,0.6233898186093777
52,zoom,-0.3857340749631805,2.827312562894216,-2.06893272604227,-0.7248063376568246,2.5451956349573805,-0.9914160820483818,0.10998672857296318,2.5063054839036596,-1.2962488574721807,0.48087254881227787
53,zoom,0.420419657591549,1.9506753378289994,-0.5180887087568325,-0.7428232626210272,2.042912798857495,-1.1835868328525798,0.1462044999002216,1.5063571534783764,-0.8350081685987633,0.6044578245569815
54,zoom,1.103293357906991,1.7364289962534916,-0.27412943497318853,0.31465869600831237,-0.27300093940700454,1.4398333020507954,-1.2189492097657175,0.015340357371621961,1.6751279833091146,0.558046730597294
55,zoom,2.023560762449035,2.1509382319884827,-0.8981466709922573,-0.43793677559240507,-0.17799477010021766,2.014727041949207,-0.26184309448894544,0.12831640775980355,-2.666239394793079,0.6124210082244893
56,zoom,1.2641120924416147,2.328664771916311,-0.8675673484710453,-0.5563325491364007,-0.06392159609328184,-0.9084840380661595,0.1601967252276363,2.792050942300635,0.43377435494081273,0.6384463089228533
57,zoom,2.1925631779988617,1.8758671314821902,-1.4884334123649408,-0.24642662353557837,-1.6280957886615393,0.9354665303227574,0.49041289860579174,0.42378725817085644,-2.881767063489666,0.29874318751433976
58,zoom,0.9085631123297745,1.786544730223002,-0.5374688119664698,0.07278475138110384,0.5304991514468148,-1.724575055238213,-2.897575610072889,-0.20065572383470118,0.8579392787689939,0.24859253742370876
59,zoom,1.0759960782456415,2.271180764677121,-1.5509497913901145,-0.7946165750607964,-0.22893559351461817,2.110112499881221,-0.11874346254482783,6.6283353738577215,-0.007652165362832514,0.8856007680401297
60,wecom,-1.1532996966551703,-0.22941082250220482,0.08114854130947217,-0.08713275751003405,-0.37079298965963514,-0.06701486855203902,0.5720825082139772,-0.3874975870315207,-0.44910908953178624,-0.46550803398043594
61,wecom,-0.8868637769415059,-0.2595062324294222,-0.18335016083566827,-0.1595442140700288,-0.06614494301938131,-0.8065513407940276,-0.2810997416077077,1.7600706691024863,-0.29413583588822323,-0.2983656895655579
62,wecom,-0.5913621138993539,-0.7701525235813598,-1.2879837594356183,-0.016452672723812886,-0.32334109226343405,-0.6197285066011718,-0.6525604482729563,-0.7597166765029191,0.0014135256179511361,-0.5385545062482323
63,wecom,-0.8895692535185872,-0.33609682876212765,-0.9600764277299123,-0.01573492511341666,-0.3703403593260626,-0.4559014718440367,-0.6967281809985626,1.0349909206016326,-0.6177127403815307,-0.48749145227183316
64,wecom,-1.0069269434928387,-0.5097383157077237,-0.21550731448227967,-0.01818647588545082,-0.17983337809391314,-0.757678452796791,-0.36407577672509683,2.4007380147347286,0.6914706141784218,-0.26582206114030704
65,wecom,-0.8403162778800719,-0.5892167953308552,-0.8714588405054348,-0.06262220928170661,-0.38114459500999615,0.030924074922615213,-0.31259225095395765,0.3329906558493533,-0.3045756413649068,-0.46459995518152786
66,wecom,-1.366392589441332,-0.40223321775088683,-1.5066641712320428,-0.04588969388913373,-0.021009955646442667,-0.1550995581848141,-0.4838356004475801,-0.6554716770341628,-0.6425887644776985,-0.6886252553472647
67,wecom,-0.7692209961050875,-0.5719706477891825,-0.8239634466059216,0.0679557361133526,-0.5902755645861935,-0.582586086628153,0.44400417996921104,0.36015262713467333,-0.08055664144072565,-0.4458261768036405
68,wecom,-1.1026068237869142,-0.2970395526182007,-0.6150854601518795,0.0912787926337516,-0.2667773998400533,-0.5111510941508696,-0.27902683325467886,-0.10749451160934469,-0.7213486142248474,-0.5548990146083546
69,wecom,-0.8078767018296236,-0.5903238609310041,-0.7347613199675835,-0.1667316766232177,-0.03321533976908821,-0.2402346552094284,-0.5553120241896907,0.07034452499925142,-0.14145740590226952,-0.4221076977100986
70,wecom,-0.6256511899227376,-0.6001196942502418,-1.42427310106097,0.008380302313072562,0.10528583022620187,-0.42308069549583993,-0.9654174718811593,-0.5927863173495288,-0.7302131301584712,-0.4985593128843456
71,wecom,-0.4429764840671924,-0.8943103404969811,-1.035258936663095,-0.19848478894491983,-0.1445862998236747,0.04675967714659643,-0.49888799538968126,0.27751721161705145,0.17727140988238788,-0.3287161918131471
72,wecom,-0.7997558083027723,-0.4948919456302078,-1.4682924611864927,0.06836070441551335,0.2878183152587616,-0.5112752440194901,-0.47896004481657667,-0.5149344499361478,-0.7861213979302618,-0.4755560448267666
73,wecom,-0.8888236036313641,-0.6377865540547538,-0.6792220506167047,0.04497866291602189,-0.6255117514134183,0.44218086727222683,0.40918332307753236,0.24277393656289606,-0.11588193217910649,-0.4319047203983198
74,wecom,-0.5082951717151776,-0.38131038357040514,-0.12735258263211446,-0.12783176472546542,-0.3101715572308524,-0.05017360427694517,-0.30223472237770527,1.5758617734664713,-0.429868694633561,-0.21267136138585
75,wecom,-0.6425556472979889,-0.6039687683287394,-1.216561073796151,0.20783243731489742,-0.236362991677076,-0.04808658501033046,-0.6819931324790689,-0.7741156812805303,-1.163729534680227,-0.5424634562641241
76,wecom,-0.7101890430170863,-0.5457880701267078,-0.10961918807331057,0.1334658175795302,-0.3767719580992331,-0.09348440825549348,-0.21952958298592123,0.5917256221598172,-0.3930896204318958,-0.34267590963689715
77,wecom,-1.0579230128613628,-0.490172804726961,-0.7909970403983453,0.06877175627699889,0.042675459805444516,-0.0384157857063362,-0.7989166121616753,0.30364793827566317,0.1722673731644318,-0.4259337950993859
78,wecom,-0.5328813826635257,-0.445035496851176,-0.3553459536833149,-0.05858115411762602,-0.411581693029857,-0.4985117962616328,-0.07928809243383592,1.4352157191319777,-0.431501387858747,-0.28194330136739043
79,wecom,-0.7723674139587776,-0.7693016497139774,-1.3311283773083715,0.32031232851703123,-0.33893937831770427,0.5310326374586054,-1.1326297777320302,-0.5278493102881733,-0.37777013497789746,-0.5401825885555701
80,wecom,-1.011880697740375,-0.6011689177224977,-0.5323111299880446,0.3285464060993538,-0.14042884720522547,-0.03607779836023456,-0.6564489287014201,0.1698816186540565,-0.2741955138546248,-0.4510791697473446
81,wecom,-0.7485728797657265,-0.8715319171334135,0.23144960117905536,0.3798315443109711,-0.6227618076118713,0.44301209930226787,-0.23020935435485032,0.6403928969659852,-0.18557381593809275,-0.3398991505266773
82,wecom,-0.7375505999522771,-0.7110264529132622,-1.086288727187735,0.0091541288360101,-0.1678266035501465,0.17451687039864283,-0.21655818959656548,-0.961893422876436,-0.44522050786732503,-0.49224414218186263
83,wecom,-0.6331108750200702,-0.3038688302432674,0.12354287944286796,0.17797320633607414,-0.388522765277815,-0.6104673991320153,-0.4630673158072174,-0.7579314616441801,-0.3627156928506757,-0.4193100150564585
84,wecom,-0.8528876201419335,-0.47880850447148937,-0.6741910072200915,0.17965774737761483,-0.28411036707876064,-0.4482948348480802,-0.8813303018737507,-0.6728389854887388,-0.1915601960336918,-0.5357368418681245
85,wecom,-0.9306267294428295,-0.5568571590686714,-0.045083554209172566,0.009528908012695871,0.13170282872188602,0.052903577260582646,-0.305888091737088,0.6748022381040949,0.2593343629517241,-0.25782224128898995
86,wecom,-0.7869141951783121,-0.6971512191067191,-0.8005923906444491,-0.03580196128859131,-0.6853398569327361,0.7057713319371071,-0.13269534127068247,0.25554744083562825,-0.07146275541906014,-0.44756323772725765
87,wecom,-0.6956458318390907,-0.46635439925297284,0.4995045922523793,-0.011003355243286791,-0.3019845951162283,-0.2575012980487023,-0.09268333056958816,2.5647646897505068,0.02965337402574503,-0.12437822067938356
88,wecom,-0.7489833840657812,-0.6435087728661719,-0.40127229643222034,-0.05487916024651944,-0.3228053586935847,-0.026596087679660686,-0.21775543124571675,2.113796566001962,-0.3707366634190974,-0.27764585486721266
89,wecom,-0.09756188098685742,-0.5787037479048476,-0.5810813521020499,-0.168119026114791,-0.7000226901973031,0.10714408376725776,0.46958773268030307,1.8848284626172465,-0.9739624359153413,-0.17645649463375493
90,wecom,-0.6148842646433633,-0.5459859810277422,-0.17956280680423015,-0.10823537499117888,-0.3137180544677247,-0.37595661490936483,-0.8266066875515721,1.4656050298976002,1.2693005487854934,-0.21306111505439282
91,wecom,-0.46358666593199055,-0.6799150281166376,-1.5464054042539792,0.021723749931081837,-0.029870824260657326,-0.7713817279652397,-0.8004355118132428,-0.3208786989388985,-0.8363026996942768,-0.49292689095863756
92,wecom,-0.4080102622951299,-0.7161618624152569,-0.03658974504807681,-0.0110443886228565,-0.7983920452662537,-0.12401148064323052,-0.007435042257438001,0.4517657651795712,-0.008793938113732285,-0.3308838154121076
93,wecom,-0.7646735668033208,-0.8292339853762606,-1.4452717186312116,0.00012259686650390066,0.2106939940396911,-0.23908506051994557,-0.6799916985876965,-0.5592871652626304,-0.5904096958806303,-0.4991361828062169
94,wecom,-0.7963764148829231,-0.42959763254472094,-0.024319778257683382,-0.06885566576876707,-0.6250938593356505,-0.5419191994947529,0.37816748561001057,0.1144630116407263,0.40005548882812647,-0.38797249470287154
95,wecom,-0.8791653397410067,-0.8159376759038341,-1.4897399833728677,0.05273913048318454,-0.4562401080701164,0.48366290630234937,0.5526377249359852,-0.31706244525647403,0.1900072676306599,-0.4730990469778322
96,wecom,-0.9303280168589892,-0.5658222166029536,0.8579366197587095,-0.011056398180136266,-0.6371893621728806,0.45178087896288116,0.64414265485736,-0.4837361280794882,0.5002275133148089,-0.3274612388464418
97,wecom,-0.5762732040795318,-0.44075848517940996,-0.3796026072524151,-0.06530086741795436,-0.30077981768146805,0.03179632224308531,-0.21719263224415733,2.160295719842593,0.40925692893319887,-0.1442748527067235
98,wecom,-1.306901925118433,-0.550470048785972,-1.3103486951212349,0.06435710959254567,-0.12260050120409535,0.04558371653160755,0.86235083283955,-0.40532665696960857,0.13111921858108005,-0.5143673661520518
99,wecom,-0.7459355992234455,-0.7669684547249958,-0.3824720402631695,0.37423068417419925,-0.26181857286715843,0.34358158068554245,-1.2979340877329206,-0.5665531681310944,0.19676336709443928,-0.432449974452097
100,wecom,-0.367256450553748,-0.6010766783357934,0.20413045091509646,-0.2986731111250549,-0.5382814498026112,-0.34689204898165543,0.1757815205354622,2.646071122747747,0.2546244557996614,-0.09608654765283098
101,wecom,-0.38615897040815433,-0.5541008427860067,-0.8179984882719894,0.07893576364580758,-0.2386364205254512,0.023850601679010715,-0.45692458349438586,0.48844989066614547,-0.32068698859472294,-0.28245111286832936
102,wecom,-0.13614314661647547,-0.7643783616751398,0.6778420801040743,0.25193655423179967,-0.8043764505355352,0.31536800589830744,0.13668551189299474,1.6678373023507307,0.6217501108012532,-0.023181920320530503
103,wecom,-0.7307929958162498,-1.0265070172602726,0.1148891349329558,0.3016261070385374,-0.43354657200438684,1.072154672240955,0.2948944915972783,-0.46455068494753204,0.21494811513912077,-0.2968637452485498
104,wecom,-0.2599683153797897,-0.9803544048787144,-0.4523461260387373,0.6827209388623732,-0.37695189989218325,0.8128449957287398,-0.14688994586063195,0.005103448329287239,-0.14467024884724308,-0.190278888114124
105,wecom,-0.17322520537746713,-0.9168391392913012,1.720802454915699,1.1604392769974767,-0.84506835721159,0.8841053474290094,-0.1345435536083291,0.5500771109722834,-0.1416608780780761,-0.022173228297289623
106,wecom,0.008101281651453702,-0.8563630696077491,2.463709272742762,2.5632773584565456,-1.1717215565192127,1.1483536879920941,-0.1634224629966559,0.7302254856834083,-0.5911536935711647,0.12352628690450754
107,wecom,-0.6978420178183083,-0.37896768913707285,0.2448272616940968,-0.5808100228531591,0.5547179311284891,0.5648338339379776,-0.28078964373553145,1.902645954104968,0.9288942593940049,0.05395683104093355
108,wecom,-0.07839496906886012,-0.4120007661443145,0.1530729122999352,-0.3074649072995493,0.16679729338727048,0.22064993865999424,-0.4226125291875446,4.012619179827326,1.7056619367829202,0.3329761813921652
109,wecom,-0.259491043149005,-0.787876034425168,-0.554711382232407,-0.13115730678592447,0.3802235957276541,-0.6254947126384622,-1.0608470891663297,-0.49019238348075583,0.7522769065007807,-0.21212783836463014
110,wecom,-0.9260954161604863,-0.4901794730362222,-0.37609366353117957,-0.07808209567253975,-0.09532982121729965,0.5562381907087359,-0.589760296696198,-0.26563045104470673,0.7697707133403976,-0.34249604079529666
111,wecom,0.012509843155484783,-0.3316323569480136,-0.11431488932071136,-0.05847263707471498,0.3315964079715042,0.5314843289318012,-1.3136033163114023,0.531409717990505,-0.1552154764178895,0.004732052094904419
112,wecom,-0.12813488926035754,-0.853141496670933,-1.549254331483096,-0.10352499474756169,0.13981828045922173,-0.25352388956844146,-0.889830563119105,-0.361525691941603,-0.16198971110551427,-0.31271815491648
113,wecom,-0.04502567826919691,-0.43685674250189765,0.7655187748726943,-0.10348709593746569,-0.20273868119881472,-1.1184321651924054,-0.14343378237497187,0.3853274702469336,-0.022536265681469596,-0.10404727126903732
114,wecom,-0.08986283410563903,-0.7203124997982365,-0.14917145235389928,0.20134823409611685,-0.10523002671903978,-0.2700309984779406,-0.5289948161992488,-0.6541539782128832,0.780599499915604,-0.15293319617454876
115,wecom,0.48055454482062904,-0.4496706127554563,-0.0046404636359222914,-0.2718275986984624,1.0024063552442815,-0.18318413130557296,-1.1333521144871557,0.42389840455528405,0.1892851426332532,0.24466266118283025
116,wecom,0.6282886811627586,-0.6423868262156839,-0.11209053690794037,-0.010335580454212227,-0.1416709449769297,1.378550741685721,-0.8115629546624237,0.17752763039638092,0.5529120512434674,0.17935080274414217
117,wecom,0.0814026513839751,-0.3989408132718662,0.03202582480571251,-0.2548569914689502,0.4646911109161806,1.5391099409313564,-1.5610878279234572,1.0669727193670395,-0.006354067685645539,0.13829243428294843
118,wecom,-0.28369250067716023,-0.9017075983142232,-1.7710113453458356,0.06506646274449857,-0.4928733656726255,-0.22182658895762355,2.119643707839682,0.27453945033706134,0.8443164832537768,-0.18985293784723895
119,wecom,0.567513220153423,-0.8592032381813622,-0.7178685167278298,-0.09495469001499623,-0.45750197930931724,0.5041224473254057,-0.6548890193817697,0.2792091174378656,0.36498365617344364,-0.024155176250958862
120,dingding,-0.6561151542780992,-0.40017548313463847,-0.12756146613806596,0.3223739939393639,-0.6552190353324755,-0.19188098493658653,-0.1513981699271236,0.07235152699196083,0.4216049147880993,-0.3414424551038631
121,dingding,-0.573731326934621,-0.4139708164507303,0.019642147483871397,0.31111846920075287,-0.2612275364975877,-0.7588836233581394,-0.34887062182584583,-0.20831860773754363,0.2948730262240847,-0.30480895086324583
122,dingding,-0.9385014579536403,-0.5078257010760303,-0.8744182107242999,0.4373246210522529,-0.2993420312811794,-0.5710833689861983,0.15493743283517616,-0.154478744821397,0.241715630217016,-0.43985511358671237
123,dingding,-0.643716526358118,-0.5237051144149321,-0.6559446130976005,0.61645964192673,-0.33230151953692333,-0.45045919746119434,-0.5051495377190051,-0.4437827016117131,-0.19648720485678833,-0.4143801945884522
124,dingding,-0.7343860899289524,-0.48538770888385624,-0.10257166596478745,0.747669209827708,-0.44416571254160364,-0.3917296544036352,-0.014465149235288048,0.1561581153776543,-0.3234957531397129,-0.34421544158770234
125,dingding,-1.054685653410289,-0.35651115595206273,-0.8202135833621428,0.6698102571834358,-0.28865027296164614,-0.6408057716694011,-0.2034166534391355,-0.2845735487920616,0.035428708078661025,-0.4885632328028671
126,dingding,-0.5936389012038232,-0.3934733676942043,-0.1444921059923015,0.18381872047722567,-0.402895436516971,-0.4721651215896616,0.0923991159781868,0.5595935592754031,-0.08843346264743981,-0.28490750496525713
127,dingding,-0.7368746517525534,-0.42148151374257553,-0.6902396281059926,0.30825242356528965,-0.5136118886278852,-0.3848984733125514,-0.5717600160599601,-0.17095863203281286,-0.1638137920453125,-0.4746034457566075
128,dingding,-0.9897768862283992,-0.11338415191478877,-0.8006736478156316,1.369101259454905,-0.4567559934785621,-0.807622139537338,-0.49876506297581014,-0.3435979681129548,-0.5532415593784539,-0.5025426162238636
129,dingding,-0.4609835733350884,-0.44097690023784736,1.0082673183296031,0.22189652579706687,-1.0212508894325445,-0.2881189870244728,0.7831841115124073,2.8908834397655316,0.7688647834522588,-0.019918480732252872
130,dingding,-0.27697971556874285,-0.5916101965679926,-0.3167733410219316,0.7941673686380619,-0.6645346787282053,-0.5271577544692198,-0.045576073831611816,1.208379604622675,-0.19909939365822696,-0.20488374129569142
131,dingding,-0.556625431110631,-0.05864755456903753,-0.34458680979645445,2.2409880989608646,-0.5005342604953656,-0.9314277716292467,0.13179330100580428,0.6977487772415516,0.11708001700057873,-0.13355525104612315
132,dingding,-0.12580475851923137,-0.07059607453708398,0.08148646424548499,6.031751410396114,-1.1906668634587623,-0.6728380177986718,-0.36189055818325,0.41328249788236887,-0.7176357595672068,0.06974379883513393
133,dingding,-0.2552450813219742,-0.2761314258321317,0.06336203170416087,4.472134864661298,-0.6749779804398336,-0.33394889026933305,-0.4892371132342678,-0.060022845388880273,-0.5028401097542968,-0.0004597949186297758
134,dingding,-0.1912426828870495,-0.8717149091591125,-0.2293826777823525,2.4692920051365217,-0.5194983055117723,0.15811652638012424,-0.7219763285401961,-0.3669371608143054,-1.5706708833514698,-0.2425641185993511
135,dingding,-0.38588737443167487,-0.8098659610272283,0.2607648420221962,2.2642308628756354,-0.5119434552667722,-0.18252134973693868,-0.5346478314406367,0.8413696308402304,-1.1462630671833143,-0.17430442797075418
136,dingding,-0.07799301267655388,-0.7577171019357409,0.22995878780679208,1.4888947496095213,-0.5779162493793686,-0.17837491992167825,-0.6476580833542518,-0.15903390859138017,-0.6685945487776219,-0.19246668494665362
137,dingding,-0.561409611657196,-0.512118026401158,-0.7658930220820918,1.0725829241589369,-0.40009417507083767,-0.7519847802798016,0.30787508601727337,0.7534256449446447,0.37585045542231654,-0.22553895195560184
138,dingding,-0.5476372417871878,-0.3687446647760432,-0.07726147987069604,1.4607021432716896,-0.4705896046815765,-0.39289486445835065,-0.031046615348892827,0.06237408881881019,0.31847650645069847,-0.1949402146962929
139,dingding,-0.6576939784117535,-0.4356728741597317,-0.5728337832499882,2.644127954080665,-0.341242684769505,-0.22308745943535055,-0.20905296542293855,-0.4264074910157671,-0.07897473083329742,-0.2166024441819157
140,dingding,-0.44260045547566207,-0.35810108386218736,-0.5325569900639812,5.137318657358969,-0.7708465850086694,-0.14015345769750895,-0.47480343207352776,-0.09383614990044886,-0.7449449850801882,-0.08239553846550439
141,dingding,0.03743305327033113,-0.29222379278842886,1.5302049311519768,6.813574170633735,-1.306556745860282,-0.15624535609602716,-0.3958497692881916,1.9625350476674843,-1.3935587844953232,0.3270330410451428
142,dingding,-0.8903512531928859,-0.7080529890866829,-0.7247968632013371,1.3661772583799774,-0.1345232768353188,-0.19527386917116352,-0.1978929450626394,-0.5895660453924755,-0.30724310724793674,-0.3953698176927965
143,dingding,-0.5233505516583653,-0.46600521311268434,-0.716091665416674,1.4854302073016723,-0.18375967383334688,-0.10026815232734239,-0.5370278021847742,-0.1649148309570283,-0.5355784426382407,-0.2668198783688569
144,dingding,-0.4298383780472531,-0.5861729491306324,0.6089187366763712,0.40360559063632606,-0.41110401598157353,-0.08619680606535149,0.08463485590821122,-0.0684868131301973,-0.29540612813475986,-0.21627116983882996
145,dingding,-0.811515229923545,-0.2991587103428383,0.7248505493854398,-0.2873039692095638,-0.11044608966184002,0.515472532902765,0.06518461756437989,0.9154199016393485,-1.4136832289952435,-0.25509299075624114
146,dingding,-0.058444964207581225,-0.7632228487882006,-0.05802135347283759,-0.6131554688161509,1.3179803777637726,0.0656478627744775,0.050259996341070076,0.6876532949110643,-0.5982559458743166,0.15010403224289623
147,dingding,0.26086577928178123,-0.8668292158465398,1.5624780244162597,-0.40758485598543315,1.128608027802105,0.241223310201027,-0.12166014657869749,1.1525501555936353,-1.0961916818482846,0.32739744877024274
148,dingding,0.17978346831189945,-0.9288295002904841,1.6353567482944729,-0.4184840568039622,1.1427277566424408,0.28648198405324016,-0.16037774786080253,0.2083533136220698,-1.0705881869014449,0.2432128885140733
149,dingding,-0.13010810897163783,-0.6790572899288859,-0.06556036509881541,-0.6539972578789176,1.3328787559171307,0.044875532172547555,0.08169030447440083,0.3393072254954665,-0.5036708134116828,0.11898210364995104
150,dingding,-0.11723684945982225,-0.6342560424725101,0.6344421790689281,-0.7148026033063738,1.2751701439504093,0.02112302547100972,0.1321600949859225,0.22080453012217618,-0.4235825013309089,0.15952227034686578
151,dingding,-0.20494252418102285,-0.7925526340919391,-0.6764996803138702,-0.5805802567803348,1.399710238478448,0.1295532341117584,-0.02640683328672174,-0.44289263521064404,-0.6043138239506142,0.0009308816092487769
152,dingding,-0.1579630564734457,-0.6791003989425615,0.03599077468472724,-0.5992109469346545,1.3330190215167377,0.11781456385821672,0.008010282700999174,-0.32052440335999544,-0.5978442170205862,0.07105883444459939
153,dingding,0.11882043749441093,-0.7353201179842287,1.3888651169810622,-0.6086008717952265,1.1677957330021482,0.08066207271847274,0.06633697154910256,1.1671517549731554,-0.6965537605733197,0.30651687208310263
154,dingding,-0.17428540019049488,-0.7015843066772608,0.7674508505825299,-0.666907665370469,1.2806600581349132,0.11625789743566763,0.037832087230443796,-0.8517037264086913,-0.5082965455041006,0.07257222524201415
155,dingding,0.08563165757766479,-0.8060531827964035,1.5865058743705336,-0.49848357028226586,1.1644078579397583,0.2289935189647523,-0.0870664579731681,-0.053835420841151574,-0.8975115334862308,0.21567714548144637
156,dingding,-0.13521585383117013,-0.7296799372095173,0.0240581392142482,-0.6001867711286012,1.3294234390076645,0.11451415452574477,0.008228558464358231,-0.16849937008038504,-0.6054771029729505,0.08131621072961921
157,dingding,-0.047569049930824,-0.7394612601600069,0.7159296358702029,-0.62496429341538,1.256677590361195,0.09882372270979396,0.0406301446964784,0.18708036708140802,-0.608449814568077,0.16432778314775204
158,dingding,-0.11742909976774847,-0.668861450435406,0.7481554682823962,-0.6378697569221513,1.2690486492306101,0.10921881971552637,0.03878752265136316,-0.35011297207350806,-0.5659909407762316,0.12057214628642593
159,dingding,0.2526477803064677,-0.7796801485288427,1.4018123199524122,-0.5162351443097849,1.1386124315270265,0.11376142828344582,0.01484958577740179,1.9441272773806944,-0.8893664448888621,0.383003955613839
160,dingding,0.0834629971963792,-0.8463263208351708,2.4202786451558613,-0.48536195958232115,1.1032685200228052,0.3084129855285553,-0.14464259489661896,-0.9895915368967083,-0.9577626270032488,0.19363261133340076
161,dingding,-0.014321648754729835,-0.718347363322583,1.5347463341676768,-0.589731472499701,1.1879572704080257,0.169865297272147,-0.011699154447319978,-0.3784437971868948,-0.7072306411558487,0.17959826174366414
162,dingding,0.023467694342735348,-0.7938890029396086,1.5581195054512287,-0.5588359616756753,1.1793692061835155,0.19693319460600367,-0.045619980788720454,-0.3190511368545548,-0.7774925447483201,0.1853485163080408
163,dingding,0.3510811962803505,-1.2871379837248305,1.3178774769986765,-0.0046235406152934045,1.1422980459003687,0.6444840103206912,-0.5892450646058071,-0.5828201363397651,-1.8514623147748377,0.16079300708985067
164,dingding,0.6410796821241275,-1.6130091860449396,1.598853381295951,0.34402347853679366,1.0672834811422414,0.9187593791387552,-0.9171447990797847,-0.33021944794508346,-2.562701019554017,0.21575796354312776
165,dingding,0.9037776746761643,-1.7797924655961628,2.4695070978556104,0.5422896920129334,0.9482218097792874,1.0739222274506703,-1.0878409514825,0.1775020541746822,-3.0131613998699036,0.33560890469444454
166,dingding,1.311169609602705,-1.4299118148629324,4.768386845028901,0.20060884430206324,0.6672132860002941,0.646503496726621,-0.5758519168005709,4.5876742661510095,-2.553299921101272,0.9041295538957743
167,dingding,-0.28990404202713566,-0.8496502989196227,-1.4235343163326375,-0.6039309647863499,1.4759224266035964,0.10650285048510685,-0.018929990828775934,-0.5942241937936789,-0.5227080323379832,-0.074870283495487
168,dingding,0.17479609512984526,-0.32958337713736274,2.439202880032743,-0.9154785996822226,1.0621274962568696,-0.2419896443130268,0.4575536020201824,3.107021553485202,-0.1717996255766755,0.5602515037989623
169,dingding,-0.16394453103267168,-0.7038780764637438,-0.7293089523684971,-0.5780181038995739,1.392772120224624,0.09205439737994629,0.009210917776209767,0.17082216314189994,-0.605446610062945,0.05733516722510703
170,dingding,-0.027851326698330854,-0.6418471440842723,1.3481842633191743,-0.7222677542217326,1.2007503563594843,0.022280522630695857,0.1465848883523555,0.48782515135028287,-0.45775569954864515,0.2376161096687085
171,dingding,0.1805655287436144,-0.8287061223418605,0.808947331784469,-0.4182353166643659,1.2029830101879506,0.20988977372358486,-0.10498597219174077,1.1647336245246354,-1.0273965828984102,0.2717654242140251
172,dingding,-0.1122966521887808,-0.9434563719722947,-0.5367825446577371,-0.44008219565031714,1.3734375369331704,0.25724221821971494,-0.1739669969699593,-0.6463691878342283,-0.8892640943089706,-0.0036165136595962166
173,dingding,0.1569400763858668,-0.6240796945275681,2.0632314691918294,-0.6610739750846903,1.1052649619294816,0.03855661460030568,0.13386127971208733,1.4070608241489408,-0.6279817417788126,0.38166858077039484
174,dingding,-0.05596903308542404,-0.7713968873823106,0.7974890924500861,-0.5763867709692002,1.2541669567910534,0.16099680497577637,-0.02435465503437359,-0.2846969662538504,-0.698185835690437,0.12985970803752753
175,dingding,-0.05221091328194273,-0.8009749211135956,0.1504116019584504,-0.46387768866931295,1.3050081449124995,0.2270754274585643,-0.12135525058308202,-0.287675178559333,-0.8723056658926543,0.08711521452612639
176,dingding,-0.024849212360811838,-0.8244382615742969,0.23345029258195585,-0.3890030243111756,1.2945569335190146,0.2957141089220641,-0.1973705424531203,-0.5207233736770113,-1.0141670073935085,0.07691588038882773
177,dingding,0.31463766831240414,-1.1862705467306038,1.125468374179001,-0.15308582188016567,1.1600864606074668,0.48774787269954795,-0.4182883003314327,0.18542682057155851,-1.5668709943933403,0.209459132688184
178,dingding,-0.11231605920552515,-0.7446844757786008,0.7472177827537483,-0.6464907673371209,1.2689544654316725,0.11256555598814852,0.033835470633539574,-0.3933307301739753,-0.5598927264185335,0.11206196176829653
179,dingding,-0.023514716926463813,-0.49792398264289806,0.6499439129472903,-0.6203649865290137,1.2522415049968303,0.042039516433752595,0.10026822716652245,0.9145843946512838,-0.5931872840514765,0.23796806523194552
180,zhilian,0.060081686397851046,2.7111811462459676,1.5379506846296382,-0.018571444764229648,-0.6748780655634854,-1.2313844728532333,-0.490292895432283,-0.34992531354295237,-1.3735752580012006,0.0024100747368868396
181,zhilian,-0.3545225743146968,-0.41316253585460444,0.2513497211436216,-0.3430958285046287,-1.3454490987844832,-0.009173403868458463,-0.11191138492712173,-0.2531005003941402,0.19793834133026883,-0.436647189459548
182,zhilian,-0.5816419168009036,-0.0430130122329767,0.8342669672693589,-0.33345346559915684,-0.5889966185068851,0.09131738335851265,0.4252192769664171,-1.0506046638480329,-1.062473494429201,-0.37068138814092744
183,zhilian,-0.06138104656107852,3.1383813160970226,1.0645460692432842,0.5748455254928468,-0.482415995638307,1.9656748105789412,-2.349665134580276,-1.1178927304669197,-0.26720662016183744,0.16070397568872058
184,zhilian,-0.05984856856524746,-0.14597389384397427,1.0779119750215278,-0.5426048598155333,-0.5570087272668459,-0.25809566793493716,0.5129185633594252,-1.1105110430923573,0.15825458750147453,-0.15526063882643126
185,zhilian,-1.3213474683352795,0.19647848723765696,0.352856160343858,-0.7314293750227144,0.4258788222166498,0.04900629882252207,-0.5647863514984628,-0.7839253228128342,-1.2654834455551014,-0.4896521429524227
186,zhilian,-1.1570977305285857,-0.21290589461457446,0.3872091558423968,-0.6411949673148708,-0.8627607745513155,0.676837833551715,1.2885774604115554,-0.48212924897523757,0.17467849155437126,-0.4544731263079356
187,zhilian,-0.6308372836177137,-0.5783005557855563,0.25955243374876885,-0.4660291138835453,-0.44660164127594776,-1.2457500384515754,1.5896085368981405,-0.12708004116789956,0.6899951310728154,-0.2879833650785226
188,zhilian,-0.2368039104644749,2.5834500574079073,0.7855590704470995,0.7937096679048036,-1.1877051167922088,0.032259588578064304,2.3115802262564276,-0.29686362426048596,0.16627034269684768,0.1716660405184699
189,zhilian,-1.1211569336009264,0.09645940490182003,0.3105246861362653,-0.6874732485976762,0.06939261012025873,-0.3249082584112035,1.3280976058952445,-0.04913093877300851,-1.4828711796203826,-0.3772301565330802
190,zhilian,-0.1534360335701729,-0.9877402602320977,0.44794324440795436,-0.4040042767987224,-0.36364423249933464,-0.4479000430670343,-0.7680729584905585,-0.4493172615858583,0.9939719019977137,-0.2490179315794429
191,zhilian,-1.3938005086297631,-0.04753477610162871,0.570543040790623,-0.4213778984178031,-0.04523178712892735,-1.6490038374940637,1.1949811900608782,0.08727942929834051,1.3071411271451774,-0.35921832695878164
192,zhilian,-0.6952753552008524,2.8199173168975378,1.965504033133827,0.0530216342294422,-0.5578011880617897,-0.16389054859560745,-0.8291425697997911,-0.3983834975131205,-0.7855669050649563,-0.07204673914257742
193,zhilian,-0.9211519197000673,0.04665581155137734,-0.3793141851890287,-0.278400036939461,-0.02051898551544609,-0.5539550560379987,-0.0942275858846758,-0.08760167555978625,-0.7967857072156636,-0.424174718953417
194,zhilian,-0.706724983430206,-0.9115454141646024,-0.32663796338410994,-0.46332352833025886,-0.7833982057886434,2.0702577996961202,-0.7193712885015343,0.08764704874531219,1.5019282482601395,-0.3167901486006592
195,zhilian,-1.9580759006856492,2.098691118301448,0.4573843585902817,0.2861110273442839,0.20644441050539064,-0.40076612362199693,0.6761248764630299,-0.27957299726447926,0.8392712551455448,-0.25189613382299225
196,zhilian,-0.7243088954563282,-0.12573852173820693,1.9960752642250585,-0.5089361337022423,-0.21790879599493934,-1.8654491310400385,0.6428664366194987,1.373371992569152,1.6292683595549506,-0.04712236137306341
197,zhilian,-0.9742342074506739,-0.121347060331164,0.46515815559097967,-0.4627748924046724,-0.11784060420182378,-1.2728398546906157,1.3050410071225795,0.47893213651575434,-0.21477864929228638,-0.3073650716109815
198,zhilian,-0.9325474348090699,-0.2034656863271935,0.5620991463667282,-0.19279264819723185,-0.47137532273557536,-1.1311078674610116,-0.8083080714360796,0.8287247705327233,1.0193632512185373,-0.37091951673033646
199,zhilian,-0.9956964387496016,-0.23517653878793862,0.5582838725060281,-0.23615214316936048,-0.4943552376530572,0.9488403777291792,-0.0889523218601071,0.1620570172376541,0.1362752344739528,-0.32191582922828693
200,zhilian,-1.0517080940916925,-0.14900419052773603,0.5671569275638841,-0.32804664934612443,0.43130868911255976,-0.17485484219016573,-0.8527354877396044,0.2874000158458416,0.004808565901014155,-0.27093409460230733
201,zhilian,-0.9800213332924939,-0.29850814924659974,0.5463077425463472,-0.06332241710333052,-0.6165540131247468,-0.18063330318451973,-0.22935816793544617,0.8815167700509774,1.6803229629084016,-0.2684436948508752
202,zhilian,0.6760874871062671,-1.0390408786827123,-1.0506572541734964,-0.4737285583617654,-1.150322637311394,-1.5501952064255877,3.2601382249674478,0.4860266739544329,-0.3000839975226013,-0.10959182193344097
203,zhilian,0.5782301886600549,0.6506527311115738,-0.5856247098319228,-0.5949279121164927,-0.3043038865194635,-1.5680792208436858,-0.5138646324772363,0.4202511990347506,-1.4714106755454948,-0.11993766128498258
204,zhilian,0.09279307847713825,-0.4173203451635911,-0.3399598906083946,-0.25558820162159623,-1.4802693479148643,0.5250946144818238,-0.24927918364980536,0.05793483524274946,0.3301231901269487,-0.310625137727094
205,zhilian,-0.5632394573760993,-0.3514661634767447,0.9092125276063626,-0.46531879223532674,-0.2599636638761872,-0.31345895438766413,-0.3095491075306554,-0.534336926757148,-0.2968698969893733,-0.31823070795079067
206,zhilian,-0.18035826590592868,-0.6639287569728103,0.6784736625628818,-0.33794615876234335,-0.7669757644341128,1.0218680153602686,-0.24016326854273004,-0.7126795997608059,1.4516443864488704,-0.14733963685522808
207,zhilian,-0.009425805953812033,-0.4527653799491629,1.1846846095600605,-0.1764230289362716,-1.1506474490058411,-0.9026059576655765,-0.13127883777469193,-0.536405253161742,0.7471962101479676,-0.26055981682271484
208,zhilian,0.2863666225660639,-0.8922408858307828,0.004766398763744561,-0.1306362469063293,-1.1813041590075237,-0.43646529177102733,-0.8712401289372669,-0.5848155066910118,1.2476359125688354,-0.28582748275096037
209,zhilian,-0.2579565246150683,-0.2599604875785231,1.1946548755344801,-0.37735377433796113,-0.6399794394924037,-1.1599909872835759,0.003087194503903732,-0.7277362707260082,-0.08769642784581633,-0.3035252487437886
210,zhilian,-1.0732469901988988,-0.3712519286923934,2.0335677551349707,-0.7486525555459991,0.2085335063901227,0.6256530159623711,-0.957386632515666,-0.874284037226466,0.19710622533494568,-0.28904344339548016
211,zhilian,-1.1340745204180416,-0.5646677589828086,0.8316048103733941,-0.3559621031679747,-0.6781699565814301,0.6723465981861052,-0.07666975404669875,-0.8854298484522569,1.330997117737864,-0.4286343202980208
212,zhilian,0.4172918768184904,-0.617582409161381,1.4658581917346243,-0.5199429932410914,-1.0335910955140617,1.3706286731199318,0.2492175534070011,-0.3170436346138666,0.9199948730774286,0.07070495559553291
213,zhilian,-0.39330886542618426,-0.4030834150828184,2.083011663379426,-0.24202412962688677,-1.2715290440671312,0.16371519920154856,1.38213149474149,-0.7241253942489924,0.3681410704460815,-0.2067189220899361
214,zhilian,1.5330345315287024,-0.4254991040739505,1.213394390653089,-0.13823023615038327,0.7805048621129794,-1.3151556052059843,0.739752719022829,-0.8885353001473825,0.8475438982737697,0.6163561110740984
215,zhilian,0.6252252989794842,-0.3787024020677449,3.0663035686684497,-0.5935354126007977,-1.0265109273517352,0.5857432192155725,0.05037123521361349,-1.332807703623981,0.7649559393844041,0.12164642945768099
216,zhilian,0.9200616334746756,0.4941884967546276,0.6871633526532882,-0.23667733650365075,-1.1825343924622167,-1.2075208665562458,-0.6519077733472801,-0.3610996059558761,0.023560535319220557,-0.03373342886666814
217,zhilian,0.5361323802147512,-0.3423748575525773,-0.42909983556096903,0.020671443155449918,-1.0409069739511558,-0.7619611541227936,0.36547769751637194,-0.6097553762839973,1.029682422025167,-0.11045272804799543
218,zhilian,1.0794183261038113,0.23145329182117574,-0.14371084918062949,-0.7685829088533102,-0.7853203066890198,0.10908216034516065,-0.1368952185431104,-0.04210637129929088,-0.2643512401004581,0.09580176339191938
219,zhilian,0.2632818129385703,0.06763795015880139,0.8630013829215525,-0.13586640854342177,-0.9803620006527357,-0.2628660042123282,-0.17397125885916584,-0.8659983067517908,0.10043503709520936,-0.1438986795058091
220,zhilian,0.1997507009822911,-0.21897729631462945,-0.7959714614811803,-0.11668197208032735,-0.6853209198965096,-0.38468514283847216,-0.4698977345455267,-0.4738380792107169,-0.20496826593131726,-0.26571562234816976
221,zhilian,-0.4098908141100227,0.1509629493281365,-0.04714557063895614,-0.01169356261239633,-0.2164185127663034,-0.6175607398457478,-1.0718780677078756,-0.3629590679238496,0.5108989276092041,-0.2586610393773505
222,zhilian,0.840527998567039,-0.44099662145079255,0.06563678582805396,-0.20604490562369973,-0.5563872968445873,1.3320735780311945,-1.1971004816606965,-0.23750189249457507,1.799333321669251,0.20057254200427008
223,zhilian,-0.23502006949243143,-0.12054439388632238,0.08195908240340408,-0.19993523908093308,-0.39320531463029124,-0.24878128933147173,-0.4729922638469237,-0.544531193022036,0.10107661788329994,-0.24717451869615994
224,zhilian,-0.9423571870955535,-0.2875079590015069,-0.5504337124155924,-0.1672472499786787,0.029352274649962175,-0.25920150680865267,-0.5016703761026795,-0.8666021414821075,0.3136028428361051,-0.4408450185237569
225,zhilian,-0.7683862072429699,-0.26018906877307024,1.5079937772478176,-0.3128977505992624,-0.28718952343821846,-0.1617248489590061,-0.3163032512988184,-0.9970232000981203,0.31337804034615807,-0.30513475076420205
226,zhilian,1.2098639167027732,-0.6370378873541129,0.3716152946797332,-0.4188700178962541,0.5644542226374413,-1.5943000727446917,-1.311018115798195,-1.1563470455859608,0.4435605175157125,0.18018858022827372
227,zhilian,2.3535625632371118,0.4485919484400497,0.3889290896025166,-0.12425144534152237,1.7558676933983552,0.07553301686188688,-0.03313376605114204,-0.6763300583326299,0.9738987212476066,1.1442848386302968
228,zhilian,2.2626524128417644,-0.5291006130086449,0.15611522175169637,-0.6181240533112277,0.1365219164123158,1.6246242316937267,-0.20788402478530116,-0.41022239427622154,1.3632740568432835,0.7803324024091957
229,zhilian,2.6846464144589373,-0.41639037453897126,-0.6915706525591296,0.10423276785162698,1.45500150032248,-1.6370352408954703,-0.5132422989753561,-0.34517791238145845,0.5575653714212471,0.8974766466710293
230,zhilian,2.1586099212430336,-0.8452647288896836,-0.40534270495460895,0.052272559699734836,0.5042319090737897,0.029201143258717685,-0.17688665220392782,-0.5774325173084636,1.076047159199843,0.6728574655443385
231,zhilian,1.305555393914025,-0.278118891530073,1.5280083923506906,0.06677759837072972,-1.0943313275828963,1.9694508817861962,1.576647832810058,-0.862251918415984,1.693594004730843,0.5410455429370344
232,zhilian,1.7419877652529727,-0.6833283801226103,0.20909318627182952,-0.517826148250534,-0.16904872275087826,-0.11025076248604683,0.9010881700177756,-0.39192173344576986,0.3567086243494748,0.4532003426384857
233,zhilian,2.883087460571305,-0.4833783221057769,0.6361890578371251,0.1896797792482996,-1.0157380226782964,-2.2175099947799377,-0.7227503642020852,-0.8051736222633009,0.15363564564822918,0.43822576775952204
234,zhilian,2.7301381944507326,-0.6471401971039288,1.1894931192521703,0.2340872092197838,-0.036627242510355755,-0.6761099324757415,0.6220003815284831,-0.6927325337284136,0.5947106048261352,0.8447606360127747
235,zhilian,2.3335979413492725,-0.7259667825036156,-0.4260231524940314,0.5188920406383111,0.9770848096378004,0.2701639375651782,1.0690585091170715,-0.49662526163183307,0.6917384554530994,0.9416010047932977
236,zhilian,-0.28643464737430757,0.5006251156994972,0.1392156824590016,-0.1018562422585857,0.029526222322159807,-0.9397320080130207,-0.29004960628322624,-0.3785027802476,-0.11510216953591262,-0.14617376126074458
237,zhilian,1.612424485088916,-0.4310012863765939,-0.2935736272336707,0.7987467220872668,0.6060758197515275,-0.13006201148871926,0.16719746405984293,-0.6782631065666749,0.4755091796718664,0.5942503904376273
238,zhilian,2.788002079935802,-0.8076401404561797,0.24556822133577055,0.9498062448630442,0.7863347485854519,-0.36104433358191684,-0.6603719960050783,-0.5437401006476665,0.69844962176522,0.9548002127962457
239,zhilian,2.3965321880621353,0.15414449521345272,0.06943484273422047,1.584425113025444,1.3360603278564898,0.1301289835244076,0.43817677971113295,-0.48775840680406063,1.0402921259689246,1.1978390261402085
240,qichacha,-0.18029892172975892,2.44287499598569,-0.31281462909034913,0.05160869035480112,-0.1504208248037262,-0.0334856567602228,-1.0130164560367727,-0.8868773419295495,-0.9413593262785691,-0.07699647712982659
241,qichacha,1.763509423121631,-1.0399992756760617,-1.8416795151896284,-0.8480987641935959,-1.3642710880588318,1.3080984168372163,0.22387708406115964,-0.031994170423922,-1.0986697987941831,-0.009435064300461279
242,qichacha,0.04506749370696863,-0.2700295186899974,-1.7134244643557803,-0.833107603217882,-0.06575325031342709,-1.0896190108725623,1.1308152337425827,0.35508497047960746,-0.4284148488285653,-0.20816928400230889
243,qichacha,2.5710007628846694,1.5407173958965494,0.02909989456818224,0.724245064646453,-2.65263084556658,1.478904170574993,-0.6518770700253306,-0.3852327326342992,0.28641148594597227,0.467127724992545
244,qichacha,1.7485681046685748,-0.33341964769810917,0.34085928531759063,-1.070063083804741,-0.4074464633884009,0.10303078101228262,3.377516763877974,-0.9617052075132713,-3.6048296009853216,0.2820890181884604
245,qichacha,0.38402043258768354,-0.6208714645830486,0.377629969614395,-0.5628162450014507,-0.3270664275306469,0.001032356284032324,0.10237675141259621,-1.3264279911756822,-0.5397061328936802,-0.13890219917076735
246,qichacha,-0.8449676614517894,-0.09149855722993733,-0.533575601010294,-0.2748740292024537,-0.09880576377319901,-0.8379005604612023,-1.022115144828523,-0.7854015984914219,1.1416498233711756,-0.4385093251431173
247,qichacha,0.9681793199879907,-0.8215281657530569,-1.5258096488721373,-0.8210012475803078,-2.115665494088881,1.7135834353256114,0.6400658003479491,0.3778639382157987,-0.8703083604560636,-0.2615471769906932
248,qichacha,-1.1589934260780401,2.70067929623141,1.104694697121582,0.2966811498723786,0.2950629124426985,0.2907055337765616,1.0027000869401932,-1.6196066505371551,-1.3105545004796817,-0.05975606555725642
249,qichacha,-1.3570587285477014,-0.36292866046769373,-0.5103742572849951,0.05760368224092008,-0.9133658267226362,-1.1929443720624182,3.5879348737470056,-0.8591806590441368,0.4720770682368303,-0.5296598866624538
250,qichacha,0.9123316450431923,-0.6681786976395954,-0.0003581944174549033,-0.22546636043600257,-0.7462156054353228,-0.18678644610462658,-1.4573016683697986,-1.5003652606332285,-0.06912886144370574,-0.16693613604315227
251,qichacha,0.6180508085881963,-0.34038070038599144,-0.4125592866400315,-0.42341274140348284,-0.4851395323705331,-2.06859721622211,-0.6538451118798999,-1.18258051120228,-0.3908175864104978,-0.2866388387389887
252,qichacha,-1.022989460000577,2.3327304006355187,0.4958189720099168,0.18498094811260993,0.7444254449988472,-0.11082596395741842,0.8714991679727144,-2.035024167309356,-1.4611459410368448,-0.08387982338358849
253,qichacha,-0.18489539676913222,2.5698562522442545,0.8230317659617931,0.23816719329938765,-0.7568968705315978,0.44234368466030644,0.5455194849749535,-1.128688836068555,-1.0103538937074563,0.01477219371956558
254,qichacha,-0.32664491159961795,-0.34601936533524136,-0.17676909329255494,-0.28840069969227455,-0.8894710179793348,1.04100769336725,-0.6849236673369179,-1.54863017002871,-0.13287637840947583,-0.4339165271582969
255,qichacha,-0.3623626653005416,2.3424993649641226,0.5442238704080706,0.14817119689768318,0.011869316753593763,-2.0047688206163627,-0.453534351367499,-1.238154758835748,-1.0432398063439412,-0.16161360119924684
256,qichacha,-1.9063647063799973,0.017300321844369113,0.3470735782411857,-0.401137624644458,0.34682538875560415,1.5788724156644314,0.8967638194457931,-1.159557712699379,0.5055843109138325,-0.38793350191116033
257,qichacha,-2.0147040396050806,0.1643178970911599,-0.02849275071457644,-0.539540659721953,0.48134242109830633,0.32454585520254786,0.9388187286415364,-0.8022142241444251,0.0620155217744675,-0.5007239498681436
258,qichacha,0.017711801302326895,-0.5235655201646442,-0.06384302848919417,-0.31713261132881876,-1.0615023001798578,1.0238045125273512,3.5494373327201063,-1.2075650552222192,-0.9910755821592976,-0.13521484886595256
259,qichacha,0.10039352054614478,-0.39517793725200495,-1.2436491781393508,-0.8671642325959303,0.24145097938283203,-0.09225543731308984,-0.9261957462391485,-0.3918843685488872,-0.6115706809997239,-0.24001828325691432
260,qichacha,-0.07479944874815127,0.47402499888387467,0.9074628171973989,-0.20183433864971367,-0.430458333421158,-1.7062534534065577,-0.6351114135631271,-0.8018249838052807,0.14131856673500381,-0.2154678987322271
261,qichacha,-1.4404631851182197,0.22078640824329052,-0.19229807824621425,-0.583771575606774,-0.1773140202185015,0.02332940756327813,1.1236793341551292,-0.667979817666859,-1.320252628285807,-0.5624413284393153
262,qichacha,-1.141747545684464,-0.5342094083721631,-1.7333509612928455,-0.7462890149257034,0.7952574015944212,0.5958599602023351,1.131866790072969,-0.7061234170635852,-0.7882065301832093,-0.3924359053633494
263,qichacha,-0.2707833831950372,0.22022677974101532,0.29417781237793766,-0.4598240192788305,-0.6899206265041407,1.751101017111731,1.313410998433779,-0.9564446718935744,-0.534115579336884,-0.11562677938033304
264,qichacha,0.795017419370889,-0.3065401320381943,-0.20675777814991023,-0.4914685073531245,-1.1295294410973742,-1.0255624574088336,-0.29086591138206747,-0.5120948537372322,-0.6787948615117172,-0.23468296769181224
265,qichacha,-0.5098371283457193,-0.9474516786641877,-0.9213540068318917,-0.8637335058896805,1.2990147251397344,-0.36912584226863737,-1.2859715171286734,-0.8533415322580674,2.1154698654431487,-0.12569115497710018
266,qichacha,0.2501288985819624,-0.8022554037614074,-1.1836651112132086,-0.7805044878946253,-0.5226202773720264,2.389203206831742,2.643562293087503,-0.43541378763685346,-0.23624972645124642,0.03833394287357598
267,qichacha,-0.5137885635977083,-0.011591999636385276,-0.6450634547255119,-0.1486809007953954,-0.6943686389515604,0.9659204399931863,-1.0848759533888825,-0.6221265663229562,0.41854898681157104,-0.37581412411175735
268,qichacha,-0.6376927534473359,-0.6433214664127471,0.24344867430443762,0.018411374383841685,-0.022173504345643493,1.2330165465325091,-1.8066743379944574,-1.0784465099220255,3.215182056695949,-0.1322743664751424
269,qichacha,-0.022194551403742203,0.3423075544599965,-0.5529060240468874,-0.5203784531303931,-0.7021463905425422,-0.8109708990078887,0.022405175405529942,-0.20997328561621761,-1.6925693915685105,-0.3739165608826297
270,qichacha,1.2937345696619589,0.34509522670936343,-1.190321450989749,-0.2889975625560159,-1.5943609104145782,0.2308276040706379,-0.4110386197397026,0.8233275621711765,0.5771448374767476,0.0690502818107759
271,qichacha,1.6480795450949346,-0.18466540971089482,-1.0500286910470245,-0.3930945764584189,-2.1752040529572154,0.0020215596172106455,1.007947587915695,0.7236201043653552,-1.7301647412146925,-0.06915932465067327
272,qichacha,-1.037040395619547,-0.18517856537207736,-1.1834907547050428,-0.21201226121278421,0.19805697914255543,0.5985470263045635,-0.760502097254535,-1.1253117451928378,0.019642969820665816,-0.4719387591083274
273,qichacha,0.3297879734958747,-0.23465951648999153,-1.1427772211638307,-0.5877094920096193,-0.46378678359557085,0.13077420315275656,-0.9795459547791612,-0.13595363381110784,-0.058790768239171926,-0.20885092906384503
274,qichacha,-0.9968394159989746,1.0663881839831213,-1.0541293728280212,-0.7185448704306555,1.2661303926681298,-0.5060570914876775,-0.4046767775829573,-0.06133186137964381,-0.29847579490821474,-0.15632527326683035
275,qichacha,-0.45159199465533095,0.29736382095597846,0.26490547108491247,-0.5259462063671806,-1.0596160383442326,4.240647888914408,-1.446710976622031,-0.7520848074371806,1.6302576557171031,-0.10631146998838407
276,qichacha,3.5081864677494736,0.46655044943283097,0.17039340735587,-0.6600637023459087,-0.3419150105820617,-2.128222182430104,-2.4394527201863023,-1.1602280075502613,-1.2619499201244377,0.5297529433953057
277,qichacha,-1.7260715492593806,0.19324649510631753,-1.622157577303177,-0.6888388692876867,0.8381455186467788,-0.1598458557233228,0.6724531942751101,-0.8908378810848082,-1.460424313115103,-0.6182087344043592
278,qichacha,0.06320151441338165,-0.025054702558156672,-0.3922636843834982,-0.6141830702404726,-0.04647525660704622,0.9880285263219215,0.267342448286383,-1.2703579711874797,-1.093213914426745,-0.14144043456029837
279,qichacha,-0.6747719379433678,0.41325025364992046,-0.6413182099868395,-0.2793109028353939,-0.7552316238057714,-0.41444749691457666,3.0843555602994646,-0.5453032328202906,0.10170363009918312,-0.24299872149735727
280,qichacha,-0.3657178065694002,-0.16231067281370418,-0.9793529709311446,-0.5035140942703006,-0.8812443022187519,0.6642153679223205,1.1711530000290418,-0.4034996775235167,-0.37406798613366726,-0.3430960568730557
281,qichacha,-0.320036647233497,-0.15510959465471763,-1.1804715326699853,-0.41538327963098615,-0.81261913551686,-1.3036687509388754,1.3519557404811273,-0.10113400109394784,-0.14365079572960143,-0.4034037407667959
282,qichacha,0.5501490785822137,0.17150773048970272,-1.0082554468628229,-0.5608738123156538,0.4235133252966511,-2.330879377049309,-1.2445349644070443,-0.47885824516665615,-1.4028508386721394,-0.203054214666051
283,qichacha,0.9119884771525368,2.638385904516052,0.6759782516359472,0.1646066040324636,-1.3405787038876722,2.1590255047141182,-1.514158506708654,-1.7050730351099785,-1.6017859631172249,0.11494853259038337
284,qichacha,1.3030849344393385,2.998191406344738,-0.010828288912567985,0.030096777993812742,-0.8838411157843501,0.23132472080829747,-2.370025438080632,0.45507862303470165,-0.38478138720348004,0.3437216395956406
285,qichacha,-0.3353046139950342,-0.3020715864704306,-0.7483848437562038,-0.6155780707021001,-0.3904545127308466,-0.19918427736894656,0.9812361108139757,-0.9300998233322527,-0.23603824158159278,-0.332748735755754
286,qichacha,0.1659737132077708,0.4969741072983128,-2.0078488370439573,-0.5228528515766699,0.037922953041991905,-1.3267484575387904,-0.9062295479689895,0.12251340022985889,-0.08321781750629037,-0.22196831938189637
287,qichacha,2.2713155608698012,1.020083254143338,-0.9504531677086102,0.2510981200709636,-3.028285761226804,-0.33789369750894804,0.9195762644774607,0.39389364826879175,-1.5842423585094356,0.06349078448991785
288,qichacha,-0.42418339873313987,-0.14064528872960155,-0.4183837334764968,-0.5667547471915173,-0.09285051338311479,0.3021963210327012,1.0987569559494483,-1.1723564781051732,-0.9787979131726253,-0.2822697837372193
289,qichacha,3.9693489559987585,-0.5241469739676731,-0.1369061973897258,-0.19472431773548324,-2.134334849447493,-1.5494883388639467,2.3240293447658074,-0.23230046134679683,0.9120103525609713,0.7788263059574371
290,qichacha,2.317169288225227,-0.6295471332638378,-1.2796097274108185,-0.9919144847175542,0.699760228635495,2.4084061373775034,0.41903246244527237,-0.5929220371357014,-0.08293097856540844,0.7574809274910542
291,qichacha,1.9696716787225426,-0.23047386118729235,-0.48263819077518955,-0.28088357114356927,2.268869254382128,0.5747194412799356,1.5534280456542562,-0.31992921676462044,0.5324987535369045,1.1307891760442677
292,qichacha,1.2984031254230475,-0.4116453751757502,-0.8255621490127365,-0.034548345543925905,3.7113300715856625,1.3161331506748994,1.321403162911212,-0.22445877352624463,0.48572282384623555,1.2380165674542818
293,qichacha,2.843071459267115,-1.2154531355407652,0.6244207764710819,-0.12137539620300777,-0.1486710146870092,-0.6857458028595471,1.3401174762849801,-0.6670367131436579,1.5053814527678961,0.847043907214967
294,qichacha,1.981150627940681,-0.5097781213473632,-0.7855017385161548,-0.9683329089415539,2.6714622482898465,1.2809256473410462,1.0904569768640446,-0.19164384590021255,0.0032783697450385167,1.1099863048139202
295,qichacha,1.054686640669217,0.31078846055876747,-1.142196605744307,3.8092055679320223,3.3447104664037743,0.8043138751392632,1.5446624522025458,-0.3334328693346509,1.0932436952995095,1.4241532113059554
296,qichacha,0.9686244657190625,1.0965259493765336,-1.1855339393918025,6.053390876794295,2.9831391447369304,0.6002556911179697,1.6089980598031375,-0.423500117987776,1.277792177878794,1.550759188637268
297,qichacha,1.1150323627731673,0.1388400006848986,-1.0874679215557184,3.3202980184116067,3.343745886965617,0.7466791023842384,1.4543132977279773,-0.33901890993192985,1.0774090212407794,1.3842265663075877
298,qichacha,1.0719176340078944,0.030224849982873864,-1.6875452673531026,1.848861550574824,3.5255053018616005,1.0671153456347637,1.480882031751441,-0.444739139481799,0.9264372887029124,1.254726353088428
299,qichacha,1.1278772554014769,0.687420748319617,-0.18920965463356768,2.1602126500437193,3.3680658987471674,1.0203888133633936,1.5439030406771235,-0.4276398559346366,0.8764373660780063,1.4258706188404682
